track_uri,name,popularity,valence,acousticness,energy,analysis_url
5HQEmiV2lKnSO6qa2fsR7x,I'm Not In Love,68,0.164,0.685,0.523,https://api.spotify.com/v1/audio-analysis/5HQEmiV2lKnSO6qa2fsR7x
6cZH4rX1KTt1aJ3Ql6Ynja,Me and My Guitar,71,0.68,0.473,0.587,https://api.spotify.com/v1/audio-analysis/6cZH4rX1KTt1aJ3Ql6Ynja
2U5WueTLIK5WJLD7mvDODv,Wishing Well,78,0.0804,0.00336,0.613,https://api.spotify.com/v1/audio-analysis/2U5WueTLIK5WJLD7mvDODv
2U5WueTLIK5WJLD7mvDODv,Wishing Well,78,0.0804,0.00336,0.613,https://api.spotify.com/v1/audio-analysis/2U5WueTLIK5WJLD7mvDODv
1xzBco0xcoJEDXktl7Jxrr,Mo Bamba,78,0.261,0.194,0.625,https://api.spotify.com/v1/audio-analysis/1xzBco0xcoJEDXktl7Jxrr
4uu7gKd1PffC7QEMcMk0Ro,One Take,66,0.351,0.072,0.615,https://api.spotify.com/v1/audio-analysis/4uu7gKd1PffC7QEMcMk0Ro
0RLLvYBopDwooCyvnTwgYu,F.N,76,0.321,0.354,0.515,https://api.spotify.com/v1/audio-analysis/0RLLvYBopDwooCyvnTwgYu
6uFn47ACjqYkc0jADwEdj1,Pop Out (feat. Lil Tjay),76,0.261,0.15,0.639,https://api.spotify.com/v1/audio-analysis/6uFn47ACjqYkc0jADwEdj1
6piAUJJQFD8oHDUr0b7l7q,VALENTINO,69,0.523,0.199,0.717,https://api.spotify.com/v1/audio-analysis/6piAUJJQFD8oHDUr0b7l7q
6Gg1gjgKi2AK4e0qzsR7sd,Bandit (with YoungBoy Never Broke Again),72,0.425,0.0687,0.631,https://api.spotify.com/v1/audio-analysis/6Gg1gjgKi2AK4e0qzsR7sd
3oDkdAySo1VQQG0ptV7uwa,Lean Wit Me,78,0.237,0.0414,0.651,https://api.spotify.com/v1/audio-analysis/3oDkdAySo1VQQG0ptV7uwa
5wujBwqG7INdStqGd4tRMX,Armed And Dangerous,76,0.845,0.186,0.67,https://api.spotify.com/v1/audio-analysis/5wujBwqG7INdStqGd4tRMX
1ZAyjvIk9YiD76yYy0TEG6,Plug Walk,69,0.158,0.202,0.519,https://api.spotify.com/v1/audio-analysis/1ZAyjvIk9YiD76yYy0TEG6
18vXApRmJSgQ6wG2ll9AOg,RAPSTAR,80,0.437,0.41,0.536,https://api.spotify.com/v1/audio-analysis/18vXApRmJSgQ6wG2ll9AOg
4eNOLmx8r2IJAVKvBBL1jv,Headshot (feat. Polo G & Fivio Foreign),73,0.395,0.0802,0.639,https://api.spotify.com/v1/audio-analysis/4eNOLmx8r2IJAVKvBBL1jv
40j4RoqmLiivqzRObbQ4BF,I Know,72,0.557,0.0919,0.665,https://api.spotify.com/v1/audio-analysis/40j4RoqmLiivqzRObbQ4BF
5FZxsHWIvUsmSK1IAvm2pp,Best of You,74,0.369,0.000769,0.94,https://api.spotify.com/v1/audio-analysis/5FZxsHWIvUsmSK1IAvm2pp
4XoP1AkbOurU9CeZ2rMEz2,"F**kin' Problems (feat. Drake, 2 Chainz & Kendrick Lamar)",0,0.668,0.0208,0.687,https://api.spotify.com/v1/audio-analysis/4XoP1AkbOurU9CeZ2rMEz2
7xVLFuuYdAvcTfcP3IG3dS,"Work REMIX (feat. A$AP Rocky, French Montana, Trinidad James & ScHoolboy Q)",68,0.284,0.0246,0.733,https://api.spotify.com/v1/audio-analysis/7xVLFuuYdAvcTfcP3IG3dS
6gBFPUFcJLzWGx4lenP6h2,goosebumps,83,0.43,0.0847,0.728,https://api.spotify.com/v1/audio-analysis/6gBFPUFcJLzWGx4lenP6h2
3LnOF5n1GOs01siYZXzS3p,Drowning (feat. Kodak Black),64,0.814,0.501,0.81,https://api.spotify.com/v1/audio-analysis/3LnOF5n1GOs01siYZXzS3p
6HZILIRieu8S0iqY8kIKhj,DNA.,79,0.422,0.00454,0.523,https://api.spotify.com/v1/audio-analysis/6HZILIRieu8S0iqY8kIKhj
4B2kkxg3wKSTZw5JPaUtzQ,On & On,2,0.418,0.285,0.696,https://api.spotify.com/v1/audio-analysis/4B2kkxg3wKSTZw5JPaUtzQ
0y9TOfsQ9wANedFV3Us5Wa,MATAFAKA,0,0.37,0.00861,0.89,https://api.spotify.com/v1/audio-analysis/0y9TOfsQ9wANedFV3Us5Wa
7EYv3adMrIC5mqurz7fHhD,Superhero,1,0.223,0.028,0.937,https://api.spotify.com/v1/audio-analysis/7EYv3adMrIC5mqurz7fHhD
4zsxBgPkUFYEoOGDncGIBd,C U Again,0,0.135,0.0228,0.863,https://api.spotify.com/v1/audio-analysis/4zsxBgPkUFYEoOGDncGIBd
6KigD0mlF4VGDYiSEzAyYw,Fight Back,72,0.587,0.094,0.946,https://api.spotify.com/v1/audio-analysis/6KigD0mlF4VGDYiSEzAyYw
3q8ms2oRMFsyxUYYKDiXIP,GOSHA,0,0.5,0.814,0.462,https://api.spotify.com/v1/audio-analysis/3q8ms2oRMFsyxUYYKDiXIP
3RiPr603aXAoi4GHyXx0uy,Hymn for the Weekend,82,0.412,0.211,0.693,https://api.spotify.com/v1/audio-analysis/3RiPr603aXAoi4GHyXx0uy
4DHRbvvQyC3mBa3Y0JNl4n,Make Me Move,0,0.356,0.211,0.65,https://api.spotify.com/v1/audio-analysis/4DHRbvvQyC3mBa3Y0JNl4n
0u4htORODiTK9vHVA89MQX,Lovefool - Radio Edit,61,0.951,0.0646,0.602,https://api.spotify.com/v1/audio-analysis/0u4htORODiTK9vHVA89MQX
6ho0GyrWZN3mhi9zVRW7xi,Losing It,72,0.643,0.00181,0.964,https://api.spotify.com/v1/audio-analysis/6ho0GyrWZN3mhi9zVRW7xi
7lQ8MOhq6IN2w8EYcFNSUk,Without Me,87,0.662,0.00286,0.669,https://api.spotify.com/v1/audio-analysis/7lQ8MOhq6IN2w8EYcFNSUk
7GX5flRQZVHRAGd6B4TmDO,XO Tour Llif3,81,0.401,0.00264,0.75,https://api.spotify.com/v1/audio-analysis/7GX5flRQZVHRAGd6B4TmDO
527k23H0A4Q0UJN3vGs0Da,After Party,77,0.453,0.00981,0.692,https://api.spotify.com/v1/audio-analysis/527k23H0A4Q0UJN3vGs0Da
2t8yVaLvJ0RenpXUIAC52d,a lot,80,0.274,0.0395,0.636,https://api.spotify.com/v1/audio-analysis/2t8yVaLvJ0RenpXUIAC52d
1C8ux1YWLMHCenYJFiIV4Z,PTSD,71,0.806,0.0313,0.808,https://api.spotify.com/v1/audio-analysis/1C8ux1YWLMHCenYJFiIV4Z
25zlnOAzbVoOzIeXSvQFf1,Got It On Me,75,0.195,0.00815,0.647,https://api.spotify.com/v1/audio-analysis/25zlnOAzbVoOzIeXSvQFf1
2JvzF1RMd7lE3KmFlsyZD8,MIDDLE CHILD,81,0.463,0.149,0.364,https://api.spotify.com/v1/audio-analysis/2JvzF1RMd7lE3KmFlsyZD8
3eekarcy7kvN4yt5ZFzltW,HIGHEST IN THE ROOM,81,0.0605,0.0546,0.427,https://api.spotify.com/v1/audio-analysis/3eekarcy7kvN4yt5ZFzltW
5PHCSm8zblG7sgJOsItdpT,POPSTAR,1,0.489,0.0462,0.857,https://api.spotify.com/v1/audio-analysis/5PHCSm8zblG7sgJOsItdpT
0N3W5peJUQtI4eyR6GJT5O,King Kunta,74,0.489,0.00589,0.657,https://api.spotify.com/v1/audio-analysis/0N3W5peJUQtI4eyR6GJT5O
6PGoSes0D9eUDeeAafB2As,LOVE. FEAT. ZACARI.,82,0.779,0.264,0.585,https://api.spotify.com/v1/audio-analysis/6PGoSes0D9eUDeeAafB2As
70eDxAyAraNTiD6lx2ZEnH,Ex's & Oh's,72,0.446,0.0183,0.921,https://api.spotify.com/v1/audio-analysis/70eDxAyAraNTiD6lx2ZEnH
2DQ1ITjI0YoLFzuADN1ZBW,No Limit,69,0.405,0.0117,0.771,https://api.spotify.com/v1/audio-analysis/2DQ1ITjI0YoLFzuADN1ZBW
03EuhmMsEHVFI9ytainStU,I Can't Stop,54,0.205,0.000672,0.775,https://api.spotify.com/v1/audio-analysis/03EuhmMsEHVFI9ytainStU
3tjFYV6RSFtuktYl3ZtYcq,Mood (feat. iann dior),17,0.756,0.221,0.722,https://api.spotify.com/v1/audio-analysis/3tjFYV6RSFtuktYl3ZtYcq
0e7ipj03S05BNilyu5bRzt,rockstar (feat. 21 Savage),83,0.129,0.124,0.52,https://api.spotify.com/v1/audio-analysis/0e7ipj03S05BNilyu5bRzt
4TnjEaWOeW0eKTKIEvJyCa,Falling,17,0.236,0.123,0.431,https://api.spotify.com/v1/audio-analysis/4TnjEaWOeW0eKTKIEvJyCa
4xigPf2sigSPmuFH3qCelB,"Genius (feat. Sia, Diplo, and Labrinth)",74,0.561,0.0799,0.615,https://api.spotify.com/v1/audio-analysis/4xigPf2sigSPmuFH3qCelB
7dt6x5M1jzdTEt8oCbisTK,Better Now,80,0.341,0.331,0.578,https://api.spotify.com/v1/audio-analysis/7dt6x5M1jzdTEt8oCbisTK
2Z8WuEywRWYTKe1NybPQEW,Ride,81,0.566,0.00835,0.713,https://api.spotify.com/v1/audio-analysis/2Z8WuEywRWYTKe1NybPQEW
7xB3TwyZMOnKcF50RIXh5b,Rap God,43,0.625,0.397,0.843,https://api.spotify.com/v1/audio-analysis/7xB3TwyZMOnKcF50RIXh5b
7ytR5pFWmSjzHJIeQkgog4,ROCKSTAR (feat. Roddy Ricch),77,0.497,0.247,0.69,https://api.spotify.com/v1/audio-analysis/7ytR5pFWmSjzHJIeQkgog4
359XIIbRK5wZ9qmvCYXGOL,Samurai,47,0.527,0.487,0.771,https://api.spotify.com/v1/audio-analysis/359XIIbRK5wZ9qmvCYXGOL
359XIIbRK5wZ9qmvCYXGOL,Samurai,47,0.527,0.487,0.771,https://api.spotify.com/v1/audio-analysis/359XIIbRK5wZ9qmvCYXGOL
3a1lNhkSLSkpJE4MSHpDu9,Congratulations,80,0.492,0.215,0.804,https://api.spotify.com/v1/audio-analysis/3a1lNhkSLSkpJE4MSHpDu9
3a1lNhkSLSkpJE4MSHpDu9,Congratulations,80,0.492,0.215,0.804,https://api.spotify.com/v1/audio-analysis/3a1lNhkSLSkpJE4MSHpDu9
4ZT9FnbFu1PaBfV3itxiqT,I,68,0.431,0.627,0.453,https://api.spotify.com/v1/audio-analysis/4ZT9FnbFu1PaBfV3itxiqT
1jaTQ3nqY3oAAYyCTbIvnM,WHATS POPPIN,75,0.826,0.017,0.604,https://api.spotify.com/v1/audio-analysis/1jaTQ3nqY3oAAYyCTbIvnM
4dASQiO1Eoo3RJvt74FtXB,"Sucker for Pain (with Wiz Khalifa, Imagine Dragons, Logic & Ty Dolla $ign feat. X Ambassadors)",74,0.739,0.255,0.786,https://api.spotify.com/v1/audio-analysis/4dASQiO1Eoo3RJvt74FtXB
7gUpO6td4OOnu0Lf9vhcIV,Lights - Single Version,60,0.809,0.0283,0.789,https://api.spotify.com/v1/audio-analysis/7gUpO6td4OOnu0Lf9vhcIV
576YycSx0m7YmiN1TGteWe,Pull Up,55,0.2,0.554,0.607,https://api.spotify.com/v1/audio-analysis/576YycSx0m7YmiN1TGteWe
3to5UxKsozb4T6CfwHuhLJ,Kamikaze,64,0.556,0.301,0.571,https://api.spotify.com/v1/audio-analysis/3to5UxKsozb4T6CfwHuhLJ
2IRZnDFmlqMuOrYOLnZZyc,Going Bad (feat. Drake),78,0.544,0.259,0.496,https://api.spotify.com/v1/audio-analysis/2IRZnDFmlqMuOrYOLnZZyc
7ms3VzLTfr7fXNOqA4Mkx9,Creeping (feat. Rich the Kid),60,0.683,0.0108,0.687,https://api.spotify.com/v1/audio-analysis/7ms3VzLTfr7fXNOqA4Mkx9
6DCZcSspjsKoFjzjrWoCdn,God's Plan,83,0.357,0.0332,0.449,https://api.spotify.com/v1/audio-analysis/6DCZcSspjsKoFjzjrWoCdn
4guBZjUyrGoHsTahO3IHdj,Did It Again,72,0.186,0.185,0.561,https://api.spotify.com/v1/audio-analysis/4guBZjUyrGoHsTahO3IHdj
7ycWLEP1GsNjVvcjawXz3z,Praise The Lord (Da Shine) (feat. Skepta),80,0.294,0.0609,0.569,https://api.spotify.com/v1/audio-analysis/7ycWLEP1GsNjVvcjawXz3z
5uDASfU19gDxSjW8cnCaBp,Chill Bill (feat. J. Davi$ & Spooks),76,0.23,0.0312,0.427,https://api.spotify.com/v1/audio-analysis/5uDASfU19gDxSjW8cnCaBp
3oqWr0jDWNXxWufNogGREp,Crimen,71,0.288,0.44,0.502,https://api.spotify.com/v1/audio-analysis/3oqWr0jDWNXxWufNogGREp
6gwaa6ElIixNTvu6RwkMyo,Puente,67,0.205,0.00161,0.471,https://api.spotify.com/v1/audio-analysis/6gwaa6ElIixNTvu6RwkMyo
2E2dLZK0gSTl6vjr53BfKM,A Veces Vuelvo,57,0.607,0.0189,0.83,https://api.spotify.com/v1/audio-analysis/2E2dLZK0gSTl6vjr53BfKM
0x60P5taxdI5pcGbqbap6S,Business,69,0.502,0.0325,0.813,https://api.spotify.com/v1/audio-analysis/0x60P5taxdI5pcGbqbap6S
5DXKtoZLm31msT7tNGNHLG,Vossi Bop,66,0.428,0.13,0.653,https://api.spotify.com/v1/audio-analysis/5DXKtoZLm31msT7tNGNHLG
00PYMeyU91Xt0j9UwmEpoX,Bassthoven,63,0.951,0.105,0.735,https://api.spotify.com/v1/audio-analysis/00PYMeyU91Xt0j9UwmEpoX
0yqrhHrcWLMjBylHReDN5u,Legends Are Made,66,0.674,0.123,0.89,https://api.spotify.com/v1/audio-analysis/0yqrhHrcWLMjBylHReDN5u
75IN3CtuZwTHTnZvYM4qnJ,My Name Is,75,0.815,0.0416,0.68,https://api.spotify.com/v1/audio-analysis/75IN3CtuZwTHTnZvYM4qnJ
42YNobZ4HN3tRVEA47wLT6,When I'm Gone,59,0.757,0.0537,0.746,https://api.spotify.com/v1/audio-analysis/42YNobZ4HN3tRVEA47wLT6
4EAV2cKiqKP5UPZmY6dejk,Everyday,66,0.422,0.0425,0.741,https://api.spotify.com/v1/audio-analysis/4EAV2cKiqKP5UPZmY6dejk
4EAV2cKiqKP5UPZmY6dejk,Everyday,66,0.422,0.0425,0.741,https://api.spotify.com/v1/audio-analysis/4EAV2cKiqKP5UPZmY6dejk
1SWVDBtw6h3tm9OehOkDhv,What's The Difference,74,0.77,0.223,0.821,https://api.spotify.com/v1/audio-analysis/1SWVDBtw6h3tm9OehOkDhv
60SdxE8apGAxMiRrpbmLY0,Lucky You (feat. Joyner Lucas),74,0.575,0.0627,0.786,https://api.spotify.com/v1/audio-analysis/60SdxE8apGAxMiRrpbmLY0
7hxHWCCAIIxFLCzvDgnQHX,"Lemonade (feat. Gunna, Don Toliver & NAV)",75,0.462,0.25,0.658,https://api.spotify.com/v1/audio-analysis/7hxHWCCAIIxFLCzvDgnQHX
27a1mYSG5tYg7dmEjWBcmL,CAN'T SAY,76,0.713,0.201,0.708,https://api.spotify.com/v1/audio-analysis/27a1mYSG5tYg7dmEjWBcmL
0xUvi7wldroBzaZCengPa5,24 (feat. Lil Baby),71,0.459,0.146,0.638,https://api.spotify.com/v1/audio-analysis/0xUvi7wldroBzaZCengPa5
2LskIZrCeLxRvCiGP8gxlh,Arms Around You (feat. Maluma & Swae Lee),68,0.288,0.0302,0.723,https://api.spotify.com/v1/audio-analysis/2LskIZrCeLxRvCiGP8gxlh
6OGsUPdeKbO1I7E1AnW8RF,Back Up (feat. Wiz Khalifa),50,0.182,0.224,0.527,https://api.spotify.com/v1/audio-analysis/6OGsUPdeKbO1I7E1AnW8RF
7xQAfvXzm3AkraOtGPWIZg,Wow.,80,0.388,0.136,0.539,https://api.spotify.com/v1/audio-analysis/7xQAfvXzm3AkraOtGPWIZg
4S2uhQE8L9V6p7rj7SiauJ,Suicidal (Remix) [feat. Juice WRLD],71,0.273,0.474,0.441,https://api.spotify.com/v1/audio-analysis/4S2uhQE8L9V6p7rj7SiauJ
6zFMeegAMYQo0mt8rXtrli,HOLIDAY,72,0.837,0.12,0.511,https://api.spotify.com/v1/audio-analysis/6zFMeegAMYQo0mt8rXtrli
5yY9lUy8nbvjM1Uyo1Uqoc,Life Is Good (feat. Drake),76,0.508,0.0706,0.609,https://api.spotify.com/v1/audio-analysis/5yY9lUy8nbvjM1Uyo1Uqoc
4bJygwUKrRgq1stlNXcgMg,All The Things She Said,77,0.376,0.0411,0.834,https://api.spotify.com/v1/audio-analysis/4bJygwUKrRgq1stlNXcgMg
56uXDJRCuoS7abX3SkzHKQ,Myron,71,0.573,0.055,0.654,https://api.spotify.com/v1/audio-analysis/56uXDJRCuoS7abX3SkzHKQ
1dg3qy5DjoJodawfOCgrTP,Run It Up (feat. Offset & Moneybagg Yo),76,0.671,0.415,0.575,https://api.spotify.com/v1/audio-analysis/1dg3qy5DjoJodawfOCgrTP
2Qdnk7tbc4onLOIPd1eSNE,When You're Gone,63,0.371,0.522,0.525,https://api.spotify.com/v1/audio-analysis/2Qdnk7tbc4onLOIPd1eSNE
2Vx8E3K5icPZR7OCklWBXX,Nonstop,10,0.455,0.0306,0.405,https://api.spotify.com/v1/audio-analysis/2Vx8E3K5icPZR7OCklWBXX
1lgN0A2Vki2FTON5PYq42m,Warriors,67,0.309,0.0964,0.851,https://api.spotify.com/v1/audio-analysis/1lgN0A2Vki2FTON5PYq42m
2Y0wPrPQBrGhoLn14xRYCG,Come & Go (with Marshmello),77,0.535,0.0172,0.814,https://api.spotify.com/v1/audio-analysis/2Y0wPrPQBrGhoLn14xRYCG
3muBQDekYAg7jm6hDu6R0Z,First Day Out,70,0.381,0.171,0.711,https://api.spotify.com/v1/audio-analysis/3muBQDekYAg7jm6hDu6R0Z
1cBxAm8a0fENn2ix3Dfm3u,Precious,63,0.861,0.0973,0.883,https://api.spotify.com/v1/audio-analysis/1cBxAm8a0fENn2ix3Dfm3u
6Ac4NVYYl2U73QiTt11ZKd,Hooked On A Feeling,71,0.933,0.261,0.82,https://api.spotify.com/v1/audio-analysis/6Ac4NVYYl2U73QiTt11ZKd
3BEZCNZSmVv30vsMNSOCri,"Layla - Acoustic; Live at MTV Unplugged, Bray Film Studios, Windsor, England, UK, 1/16/1992; 2013 Remaster",14,0.636,0.321,0.524,https://api.spotify.com/v1/audio-analysis/3BEZCNZSmVv30vsMNSOCri
78chq26Bmte8cDBp2FCF74,And Dat (Ft. Stormzy),0,0.664,0.375,0.588,https://api.spotify.com/v1/audio-analysis/78chq26Bmte8cDBp2FCF74
525GY0mXYnxajolwgS8Eaz,Cooler Than Me,70,0.296,0.0595,0.716,https://api.spotify.com/v1/audio-analysis/525GY0mXYnxajolwgS8Eaz
5ry2OE6R2zPQFDO85XkgRb,Money In The Grave (Drake ft. Rick Ross),76,0.101,0.101,0.502,https://api.spotify.com/v1/audio-analysis/5ry2OE6R2zPQFDO85XkgRb
2BTPW7osibjN9gFDRY4mYN,Do or Die (feat. Childish Gambino),48,0.432,0.000242,0.83,https://api.spotify.com/v1/audio-analysis/2BTPW7osibjN9gFDRY4mYN
1YmF9PvLhIISIANoMLIYGq,A$AP Forever (feat. Moby),62,0.444,0.224,0.78,https://api.spotify.com/v1/audio-analysis/1YmF9PvLhIISIANoMLIYGq
17N5FdRwJuv3UXQ7MHnbhF,Ballin,68,0.65,0.0475,0.854,https://api.spotify.com/v1/audio-analysis/17N5FdRwJuv3UXQ7MHnbhF
0h7tCzQmg4g506wqqufDDo,Brothers,58,0.57,0.695,0.42,https://api.spotify.com/v1/audio-analysis/0h7tCzQmg4g506wqqufDDo
1uHb5qa69lHLcFT38fIfUG,Surfin',50,0.461,0.0349,0.688,https://api.spotify.com/v1/audio-analysis/1uHb5qa69lHLcFT38fIfUG
6IaieqiCVvsNvEt6Y7yOFa,Ball For Me (feat. Nicki Minaj),66,0.543,0.513,0.55,https://api.spotify.com/v1/audio-analysis/6IaieqiCVvsNvEt6Y7yOFa
5eSllZgRWCIJsDTAqFRwQw,Coffee & TV,62,0.706,0.051,0.742,https://api.spotify.com/v1/audio-analysis/5eSllZgRWCIJsDTAqFRwQw
39Yp9wwQiSRIDOvrVg7mbk,THE SCOTTS,74,0.28,0.233,0.537,https://api.spotify.com/v1/audio-analysis/39Yp9wwQiSRIDOvrVg7mbk
5oMkgWZqmKjaJHrsXcsZZy,Donald Trump,65,0.799,0.0318,0.936,https://api.spotify.com/v1/audio-analysis/5oMkgWZqmKjaJHrsXcsZZy
6VfNTf0N1HwfFKl7Y18diU,Omen,40,0.558,0.000941,0.953,https://api.spotify.com/v1/audio-analysis/6VfNTf0N1HwfFKl7Y18diU
0eqH0ALoDQevq59YcQ53KE,Hollaback Girl,69,0.904,0.35,0.916,https://api.spotify.com/v1/audio-analysis/0eqH0ALoDQevq59YcQ53KE
1s70cjkrdj9lpEeQQlmS9l,Die a King,67,0.324,0.192,0.946,https://api.spotify.com/v1/audio-analysis/1s70cjkrdj9lpEeQQlmS9l
7DcvwMAiqKJQD1rrdfxSDx,The London (feat. J. Cole & Travis Scott),67,0.179,0.0247,0.586,https://api.spotify.com/v1/audio-analysis/7DcvwMAiqKJQD1rrdfxSDx
2iP3unJbxZvRuqyrS0ocZy,Heartless (feat. Mustard),69,0.326,0.149,0.64,https://api.spotify.com/v1/audio-analysis/2iP3unJbxZvRuqyrS0ocZy
7iHHxY2NLlJRAmlAmC4ahQ,Stuck In A Dream (feat. Gunna),70,0.726,0.484,0.648,https://api.spotify.com/v1/audio-analysis/7iHHxY2NLlJRAmlAmC4ahQ
5NqOsPI4rA9Bl6LcCftzI2,Magic,63,0.577,0.264,0.706,https://api.spotify.com/v1/audio-analysis/5NqOsPI4rA9Bl6LcCftzI2
3JKgcAa7r07ocVWcV8bS0H,21,75,0.533,0.149,0.479,https://api.spotify.com/v1/audio-analysis/3JKgcAa7r07ocVWcV8bS0H
2WRFD9WczJ975X2K1Y9YVs,Heads Will Roll,66,0.791,0.000187,0.903,https://api.spotify.com/v1/audio-analysis/2WRFD9WczJ975X2K1Y9YVs
0cOyO6VSiOdVms21hSHHEL,Catch Me (feat. Naaz),25,0.585,0.0362,0.916,https://api.spotify.com/v1/audio-analysis/0cOyO6VSiOdVms21hSHHEL
0P6AWOA4LG1XOctzaVu5tt,The Weekend - Funk Wav Remix,71,0.667,0.495,0.573,https://api.spotify.com/v1/audio-analysis/0P6AWOA4LG1XOctzaVu5tt
5yuShbu70mtHXY0yLzCQLQ,Go Flex,77,0.127,0.228,0.498,https://api.spotify.com/v1/audio-analysis/5yuShbu70mtHXY0yLzCQLQ
0DiWol3AO6WpXZgp0goxAV,One More Time,75,0.476,0.0194,0.697,https://api.spotify.com/v1/audio-analysis/0DiWol3AO6WpXZgp0goxAV
4DERbz1e89YD9VZt7or9GB,2019,62,0.302,0.153,0.881,https://api.spotify.com/v1/audio-analysis/4DERbz1e89YD9VZt7or9GB
4Y2glvLjQGOb4dXnwm1hQf,Witchcraft,60,0.182,2.84e-05,0.969,https://api.spotify.com/v1/audio-analysis/4Y2glvLjQGOb4dXnwm1hQf
40MkEbKzuSW9ET6HBngqnK,Light It Up (feat. Nyla & Fuse ODG) [Remix],0,0.752,0.0375,0.877,https://api.spotify.com/v1/audio-analysis/40MkEbKzuSW9ET6HBngqnK
7zv0i1f8kTy8hPapkm28kz,Best of Me,64,0.594,0.0051,0.842,https://api.spotify.com/v1/audio-analysis/7zv0i1f8kTy8hPapkm28kz
2X38lnvaETLl4xrb5TRNgW,Act a Fool - Remix,0,0.402,0.0769,0.788,https://api.spotify.com/v1/audio-analysis/2X38lnvaETLl4xrb5TRNgW
0e53w4kAd3d5hriGSPR1vn,Real,0,0.169,0.253,0.859,https://api.spotify.com/v1/audio-analysis/0e53w4kAd3d5hriGSPR1vn
3BvheqhKGQgFMSiiJh6ayj,Bleeding Out,44,0.295,0.0195,0.754,https://api.spotify.com/v1/audio-analysis/3BvheqhKGQgFMSiiJh6ayj
6lbhkPbkKj6jnPTt1FelVo,Bullet Train (feat. Joni Fatora),56,0.196,0.00797,0.703,https://api.spotify.com/v1/audio-analysis/6lbhkPbkKj6jnPTt1FelVo
4dVpf9jZjcORqGTLUaeYj9,Plain Jane,73,0.52,0.0651,0.844,https://api.spotify.com/v1/audio-analysis/4dVpf9jZjcORqGTLUaeYj9
4rwpZEcnalkuhPyGkEdhu0,Scary Monsters and Nice Sprites,59,0.324,0.00336,0.944,https://api.spotify.com/v1/audio-analysis/4rwpZEcnalkuhPyGkEdhu0
0L7loeTIg6akW84aEQZpCT,Light It Up (feat. Nyla & Fuse ODG) - Remix,0,0.751,0.0375,0.877,https://api.spotify.com/v1/audio-analysis/0L7loeTIg6akW84aEQZpCT
2BoeDIEzoS9diuyaqqVaDh,Faygo Dreams,57,0.328,0.224,0.66,https://api.spotify.com/v1/audio-analysis/2BoeDIEzoS9diuyaqqVaDh
0sxvPuybHVMwEvCSfbJDM6,I Can Be Somebody (feat. Erin McCarley),47,0.238,0.0168,0.482,https://api.spotify.com/v1/audio-analysis/0sxvPuybHVMwEvCSfbJDM6
4QlzkaRHtU8gAdwqjWmO8n,Friday I'm In Love,76,0.514,0.00126,0.763,https://api.spotify.com/v1/audio-analysis/4QlzkaRHtU8gAdwqjWmO8n
5CeL9C3bsoe4yzYS1Qz8cw,Girls & Boys,67,0.899,0.00986,0.875,https://api.spotify.com/v1/audio-analysis/5CeL9C3bsoe4yzYS1Qz8cw
2VSbEXqs6NbNiZSTcHlIDR,My Sacrifice,70,0.257,0.000101,0.88,https://api.spotify.com/v1/audio-analysis/2VSbEXqs6NbNiZSTcHlIDR
0RWqE2ZaulvnN1i40qIhDh,Canned Heat,0,0.78,0.0136,0.865,https://api.spotify.com/v1/audio-analysis/0RWqE2ZaulvnN1i40qIhDh
2M71Inc9camxaIGtmQ6I87,All of Me,0,0.199,0.00189,0.877,https://api.spotify.com/v1/audio-analysis/2M71Inc9camxaIGtmQ6I87
1CireMJYXN8Rw4u1HG5GFZ,Shutdown,0,0.824,0.126,0.746,https://api.spotify.com/v1/audio-analysis/1CireMJYXN8Rw4u1HG5GFZ
0N5x5UmYcbBeHFJtCCqf62,Ruby,0,0.448,0.00673,0.939,https://api.spotify.com/v1/audio-analysis/0N5x5UmYcbBeHFJtCCqf62
18cCBvygH6yEFDY0cYN3wT,Divinity,52,0.144,0.00755,0.55,https://api.spotify.com/v1/audio-analysis/18cCBvygH6yEFDY0cYN3wT
4XLm8FNvaTlmTAZmSrrV82,Shots - Broiler Remix,57,0.606,0.411,0.782,https://api.spotify.com/v1/audio-analysis/4XLm8FNvaTlmTAZmSrrV82
1CtAzw53AIXKjAemxy4b1j,Beds Are Burning - Remastered,70,0.295,0.00787,0.427,https://api.spotify.com/v1/audio-analysis/1CtAzw53AIXKjAemxy4b1j
7LV9R3L1YfTSoefglhUyPD,Mystify,52,0.408,0.026,0.855,https://api.spotify.com/v1/audio-analysis/7LV9R3L1YfTSoefglhUyPD
2NeyJbL3ROKCjRkAjs77ya,Ashes,0,0.46,0.0947,0.568,https://api.spotify.com/v1/audio-analysis/2NeyJbL3ROKCjRkAjs77ya
2QqJTIlGKRLJC3onkavYEz,Flex (feat. Juice WRLD),72,0.35,0.0538,0.673,https://api.spotify.com/v1/audio-analysis/2QqJTIlGKRLJC3onkavYEz
5MLreTrtwv7fGyyAy0RyeB,See Me Fall - Y2K Remix,69,0.131,0.301,0.829,https://api.spotify.com/v1/audio-analysis/5MLreTrtwv7fGyyAy0RyeB
3Qe0dJkQXx7jJWXRxuVqJ0,Easy,0,0.311,0.204,0.481,https://api.spotify.com/v1/audio-analysis/3Qe0dJkQXx7jJWXRxuVqJ0
4vZuM18ftKy1SviAL5JX9E,Cherry Lips (Go Baby Go),39,0.963,0.167,0.409,https://api.spotify.com/v1/audio-analysis/4vZuM18ftKy1SviAL5JX9E
3PYx9Wte3jwb48V0wArMOy,Keanu Reeves,63,0.799,0.0557,0.891,https://api.spotify.com/v1/audio-analysis/3PYx9Wte3jwb48V0wArMOy
3fpVWegR6YOS1Yk5HSMYIq,Paranoid,65,0.253,0.038,0.536,https://api.spotify.com/v1/audio-analysis/3fpVWegR6YOS1Yk5HSMYIq
5Z1xtYz457TnooU00V3eX1,I'm A Star,42,0.854,0.259,0.857,https://api.spotify.com/v1/audio-analysis/5Z1xtYz457TnooU00V3eX1
733c1CWmIGymoQXdp7Us88,"Numbers (feat. Roddy Ricch, Gunna and London On Da Track)",64,0.455,0.517,0.654,https://api.spotify.com/v1/audio-analysis/733c1CWmIGymoQXdp7Us88
3loE1dNnQCapiDi0MHCM09,Endorphins - Sub Focus Vs. Fred V & Grafix Remix,48,0.102,0.00305,0.862,https://api.spotify.com/v1/audio-analysis/3loE1dNnQCapiDi0MHCM09
7sblk55X2EWiKFQuq1ZJD7,High,47,0.446,0.259,0.602,https://api.spotify.com/v1/audio-analysis/7sblk55X2EWiKFQuq1ZJD7
6Po0JDs8vPuZOCF7RLbtUE,Between Two Points (feat. Swan),42,0.242,0.133,0.685,https://api.spotify.com/v1/audio-analysis/6Po0JDs8vPuZOCF7RLbtUE
5joCtaA9MfDAGakWRpSb66,Failure,50,0.712,0.162,0.621,https://api.spotify.com/v1/audio-analysis/5joCtaA9MfDAGakWRpSb66
5oLWKwAejXRkOv8bKaTBO7,Turn The Music Up,60,0.373,0.000637,0.753,https://api.spotify.com/v1/audio-analysis/5oLWKwAejXRkOv8bKaTBO7
7mY2gmBPnmt4SJqkhPTLnf,Temple,19,0.113,0.244,0.807,https://api.spotify.com/v1/audio-analysis/7mY2gmBPnmt4SJqkhPTLnf
40oKW22ZNNkEdZLJTScaQI,Roll in Peace (feat. XXXTENTACION),72,0.363,0.0306,0.524,https://api.spotify.com/v1/audio-analysis/40oKW22ZNNkEdZLJTScaQI
2gStKyyyGk6axwpTbEuRnA,Feel Good,23,0.702,0.00738,0.96,https://api.spotify.com/v1/audio-analysis/2gStKyyyGk6axwpTbEuRnA
2K7j4xrQENCi5r3Hii4cVe,Shatter Me Featuring Lzzy Hale,54,0.347,0.000742,0.947,https://api.spotify.com/v1/audio-analysis/2K7j4xrQENCi5r3Hii4cVe
7AODNxFNPnKaz4hURLzw5l,Ladbroke Grove,68,0.727,0.0933,0.839,https://api.spotify.com/v1/audio-analysis/7AODNxFNPnKaz4hURLzw5l
6VRhkROS2SZHGlp0pxndbJ,Bangarang (feat. Sirah),69,0.576,0.0145,0.972,https://api.spotify.com/v1/audio-analysis/6VRhkROS2SZHGlp0pxndbJ
7ev2lOXMdzyJ5qCXUnrRns,Can't Stop Playing (Makes Me High) - Oliver Heldens & Gregor Salto Vocal Mix Edit,0,0.75,0.0863,0.904,https://api.spotify.com/v1/audio-analysis/7ev2lOXMdzyJ5qCXUnrRns
5gM8W8TMQR76A08Caq6lvB,That's Not Me,50,0.901,0.487,0.918,https://api.spotify.com/v1/audio-analysis/5gM8W8TMQR76A08Caq6lvB
3uMB82o0qa7erhiZBW9KQC,Big For Your Boots,54,0.628,0.0313,0.902,https://api.spotify.com/v1/audio-analysis/3uMB82o0qa7erhiZBW9KQC
52jQHr0jyapxhghcwJ9hED,To Ü (feat. AlunaGeorge) - Oliver Remix,28,0.388,0.00555,0.655,https://api.spotify.com/v1/audio-analysis/52jQHr0jyapxhghcwJ9hED
3VUvBY6FV7ImIfN5cNK4oX,As We Enter,0,0.847,0.0965,0.777,https://api.spotify.com/v1/audio-analysis/3VUvBY6FV7ImIfN5cNK4oX
1aQ8HdSmvofR0bjGkpvaKf,O.G,47,0.622,0.0542,0.681,https://api.spotify.com/v1/audio-analysis/1aQ8HdSmvofR0bjGkpvaKf
5gSed1Fd3tdse60Gc0Uuoe,Cold,45,0.717,0.202,0.974,https://api.spotify.com/v1/audio-analysis/5gSed1Fd3tdse60Gc0Uuoe
2f8MucfnEp0DdkESHuGKua,HUMBLE.,0,0.414,0.000315,0.641,https://api.spotify.com/v1/audio-analysis/2f8MucfnEp0DdkESHuGKua
56RqvLMSWuzN4Ye8cyJ2i1,Menace,19,0.628,0.0935,0.866,https://api.spotify.com/v1/audio-analysis/56RqvLMSWuzN4Ye8cyJ2i1
745Dazbwplj1SDZ8SPKHV5,Scary,47,0.535,0.43,0.662,https://api.spotify.com/v1/audio-analysis/745Dazbwplj1SDZ8SPKHV5
0QRiNLbYu0HmszYf5hRWAc,Zoning,19,0.639,0.652,0.777,https://api.spotify.com/v1/audio-analysis/0QRiNLbYu0HmszYf5hRWAc
4tbXPqRtTqFdf6QEzNl3kT,Blacked Out,0,0.275,0.371,0.809,https://api.spotify.com/v1/audio-analysis/4tbXPqRtTqFdf6QEzNl3kT
4ua0IepBEISCWwF8dTJvcU,Ghosts 'n' Stuff,55,0.517,3.97e-05,0.617,https://api.spotify.com/v1/audio-analysis/4ua0IepBEISCWwF8dTJvcU
13gEPR3BxUWmbE1XqKbfd1,B.O.S.S. - Original Mix,29,0.343,0.0518,0.406,https://api.spotify.com/v1/audio-analysis/13gEPR3BxUWmbE1XqKbfd1
6o3X8tx0y3CoXdYmebQlh5,Standard,23,0.423,0.418,0.589,https://api.spotify.com/v1/audio-analysis/6o3X8tx0y3CoXdYmebQlh5
5smzwOCtNpDrH9Fn4DaqiZ,Majesty - CloZee Remix,40,0.31,0.153,0.764,https://api.spotify.com/v1/audio-analysis/5smzwOCtNpDrH9Fn4DaqiZ
1TULEHv0wpIZYI7zqmhzEg,Bet (feat. Skepta & Michael Phantom),51,0.834,0.00128,0.594,https://api.spotify.com/v1/audio-analysis/1TULEHv0wpIZYI7zqmhzEg
6XV6dxdKfsjeTZmkWd5Qtv,6ix Flags,8,0.589,0.0791,0.615,https://api.spotify.com/v1/audio-analysis/6XV6dxdKfsjeTZmkWd5Qtv
095nyFKlTwa9JIp9cVrHOF,Blast Off (feat. Pharrell Williams),46,0.146,0.197,0.505,https://api.spotify.com/v1/audio-analysis/095nyFKlTwa9JIp9cVrHOF
0PowxVSTY2uh1CPc8EPKyX,Project Dreams,0,0.791,0.42,0.831,https://api.spotify.com/v1/audio-analysis/0PowxVSTY2uh1CPc8EPKyX
4ITftSVpf4XkYoDqqpWjBX,Zulu Screams (feat. Maleek Berry & Bibi Bourelly),37,0.721,0.136,0.926,https://api.spotify.com/v1/audio-analysis/4ITftSVpf4XkYoDqqpWjBX
2n0yE77xxhfdrLPDohwSZL,Aftertaste,31,0.443,0.126,0.875,https://api.spotify.com/v1/audio-analysis/2n0yE77xxhfdrLPDohwSZL
7gcGLHNMusvZTNUeOkgY8E,Play Dead - Avelino x Raf Riley Remix,45,0.523,0.229,0.624,https://api.spotify.com/v1/audio-analysis/7gcGLHNMusvZTNUeOkgY8E
2PsA5RgMKiWCubVCJRxHvY,Vans - King Kavalier Remix,1,0.386,0.0486,0.785,https://api.spotify.com/v1/audio-analysis/2PsA5RgMKiWCubVCJRxHvY
4gc5btqs3Nff0kNXkIA8nj,Buss It,51,0.726,0.000616,0.848,https://api.spotify.com/v1/audio-analysis/4gc5btqs3Nff0kNXkIA8nj
1nr2k1HoeQvi6uf08zVzLj,Blur,0,0.694,0.245,0.6,https://api.spotify.com/v1/audio-analysis/1nr2k1HoeQvi6uf08zVzLj
3zcyKLL4z73EMrfHbh6g1N,This Way,0,0.715,0.458,0.615,https://api.spotify.com/v1/audio-analysis/3zcyKLL4z73EMrfHbh6g1N
4h7qcXBtaOJnmrapxoWxGf,Isis (feat. Logic),69,0.758,0.206,0.936,https://api.spotify.com/v1/audio-analysis/4h7qcXBtaOJnmrapxoWxGf
199Dz9IgqKekyiRy3LBnHn,Still Ballin (feat. Wiz Khalifa),55,0.75,0.0151,0.677,https://api.spotify.com/v1/audio-analysis/199Dz9IgqKekyiRy3LBnHn
4F8CxjEEhOqHmGpUwrpNGr,Homage,0,0.509,0.464,0.516,https://api.spotify.com/v1/audio-analysis/4F8CxjEEhOqHmGpUwrpNGr
5WWLOPezPNziiVzzh0Xjp6,Hustle,4,0.565,0.208,0.481,https://api.spotify.com/v1/audio-analysis/5WWLOPezPNziiVzzh0Xjp6
6IXgqjWcAw9ovlZidFVP0N,Migos,0,0.692,0.245,0.569,https://api.spotify.com/v1/audio-analysis/6IXgqjWcAw9ovlZidFVP0N
4PZNAlmwxplBzhWiuial9D,Bankroll (feat. AJ Tracey),43,0.492,0.281,0.54,https://api.spotify.com/v1/audio-analysis/4PZNAlmwxplBzhWiuial9D
6SLraWzimUYBG2d8lp2wqz,The Whistle Song,0,0.829,0.163,0.391,https://api.spotify.com/v1/audio-analysis/6SLraWzimUYBG2d8lp2wqz
1eXuW1kuZNZqCMO3bseW4z,DIM SUM,17,0.363,0.037,0.763,https://api.spotify.com/v1/audio-analysis/1eXuW1kuZNZqCMO3bseW4z
2KBRNUt33CrlaFPEz4bQYs,Favorite Bitch (feat. Ty Dolla $ign),51,0.681,0.0331,0.835,https://api.spotify.com/v1/audio-analysis/2KBRNUt33CrlaFPEz4bQYs
4lT1ogUBwGYM3kUdSYSRYs,Boom Culture,18,0.68,0.358,0.447,https://api.spotify.com/v1/audio-analysis/4lT1ogUBwGYM3kUdSYSRYs
3BgL0IcxKAd0sukooPIVhA,GOKU,49,0.268,0.195,0.887,https://api.spotify.com/v1/audio-analysis/3BgL0IcxKAd0sukooPIVhA
4AEzAEnbm9uRgbmTdeI63K,MIDDLE CHILD,61,0.398,0.137,0.567,https://api.spotify.com/v1/audio-analysis/4AEzAEnbm9uRgbmTdeI63K
1B2zxeQRiF7NwppsxU5UeU,PRADA ZOMBIE,35,0.526,0.0567,0.376,https://api.spotify.com/v1/audio-analysis/1B2zxeQRiF7NwppsxU5UeU
0LXrsPby25KE8HgpEpz537,Bring It Down,0,0.0696,0.000805,0.671,https://api.spotify.com/v1/audio-analysis/0LXrsPby25KE8HgpEpz537
57mYDr5l9wKhQUsFCs7Mf6,Last Summer,46,0.358,0.228,0.939,https://api.spotify.com/v1/audio-analysis/57mYDr5l9wKhQUsFCs7Mf6
0q0Vsy1SHdUSrR7TJGNAVn,molly,60,0.388,0.00202,0.566,https://api.spotify.com/v1/audio-analysis/0q0Vsy1SHdUSrR7TJGNAVn
2VKf0WEOpq06JE5PTNr9wa,Jettski Grizzley (feat. Lil Pump),50,0.381,0.0966,0.878,https://api.spotify.com/v1/audio-analysis/2VKf0WEOpq06JE5PTNr9wa
1PgBYvG7wziTSmZdDLYIvn,Yoppa (with BlocBoy JB),48,0.344,0.122,0.497,https://api.spotify.com/v1/audio-analysis/1PgBYvG7wziTSmZdDLYIvn
5pBQDRgfbV6lhuwlvWEftN,Good Day,51,0.443,0.627,0.639,https://api.spotify.com/v1/audio-analysis/5pBQDRgfbV6lhuwlvWEftN
4slbyqzahgW3cDt6MixvEE,Escape,26,0.377,0.211,0.707,https://api.spotify.com/v1/audio-analysis/4slbyqzahgW3cDt6MixvEE
2HsSzwrvvgiYSCdsYLiJWB,Young Grizzley World (feat. A Boogie Wit Da Hoodie & YNW Melly),60,0.451,0.237,0.705,https://api.spotify.com/v1/audio-analysis/2HsSzwrvvgiYSCdsYLiJWB
0Qd2KYCmwGYiTF3A0opS6b,Real Ties,51,0.524,0.0599,0.616,https://api.spotify.com/v1/audio-analysis/0Qd2KYCmwGYiTF3A0opS6b
0ZLQfrITndO2EEczSBGI2L,Zeus Freestyle,0,0.381,0.124,0.885,https://api.spotify.com/v1/audio-analysis/0ZLQfrITndO2EEczSBGI2L
5cEbtwig1FXW8RF6FSxRU1,Opps Want Me Dead,50,0.501,0.0508,0.591,https://api.spotify.com/v1/audio-analysis/5cEbtwig1FXW8RF6FSxRU1
4lnOu9yHvXku5xTwxS7stc,Beerus,48,0.584,0.0277,0.824,https://api.spotify.com/v1/audio-analysis/4lnOu9yHvXku5xTwxS7stc
3u18VnnrFxLsDAuWrKim2j,GOING BROKE,47,0.837,0.0969,0.846,https://api.spotify.com/v1/audio-analysis/3u18VnnrFxLsDAuWrKim2j
7IMwEtpAiJanqF6vQteZN2,Turks (with Gunna & ft. Travis Scott),65,0.379,0.0808,0.618,https://api.spotify.com/v1/audio-analysis/7IMwEtpAiJanqF6vQteZN2
1rlIrbWboTRGeKfHhgbJRZ,FLIP THE SWITCH (feat. Drake),63,0.496,0.129,0.637,https://api.spotify.com/v1/audio-analysis/1rlIrbWboTRGeKfHhgbJRZ
5UTx74M6q3slIK5ejGlT05,Fear,0,0.133,0.0026,0.84,https://api.spotify.com/v1/audio-analysis/5UTx74M6q3slIK5ejGlT05
7vOPrG1DvVrffqn8yZGGk6,Link,0,0.176,0.0326,0.943,https://api.spotify.com/v1/audio-analysis/7vOPrG1DvVrffqn8yZGGk6
4E08gEca6avoGx5SS4MM6T,G Walk (with Chris Brown),0,0.72,0.275,0.709,https://api.spotify.com/v1/audio-analysis/4E08gEca6avoGx5SS4MM6T
4SHOcnOm5P3XhORP04HcPn,Assassin,0,0.145,0.0332,0.866,https://api.spotify.com/v1/audio-analysis/4SHOcnOm5P3XhORP04HcPn
1srm5YnZiu7Ksnd2UTTmmk,Savage,54,0.483,0.188,0.402,https://api.spotify.com/v1/audio-analysis/1srm5YnZiu7Ksnd2UTTmmk
0vOV4y87OFsPHAnCfx5wOP,The Runway,29,0.315,0.0575,0.725,https://api.spotify.com/v1/audio-analysis/0vOV4y87OFsPHAnCfx5wOP
6tpHfEM8eaETzlPOARYWfZ,Drug Addicts,48,0.21,0.0106,0.488,https://api.spotify.com/v1/audio-analysis/6tpHfEM8eaETzlPOARYWfZ
3faAAUxohrxqYhPlneZ3XV,UP THE SMOKE (with Offset),55,0.884,0.0506,0.735,https://api.spotify.com/v1/audio-analysis/3faAAUxohrxqYhPlneZ3XV
2lfPecqFbH8X4lHSpTxt8l,Fade,1,0.494,0.0112,0.652,https://api.spotify.com/v1/audio-analysis/2lfPecqFbH8X4lHSpTxt8l
0pzKMdjWnQRd7SoHnhV7EO,Aulos Reloaded,54,0.53,0.097,0.801,https://api.spotify.com/v1/audio-analysis/0pzKMdjWnQRd7SoHnhV7EO
3uScOowc2AFIVjpVDW4OIv,Run You,0,0.576,0.000954,0.886,https://api.spotify.com/v1/audio-analysis/3uScOowc2AFIVjpVDW4OIv
16IE739PBfVB4aEfqoZbHS,Smoke,0,0.422,0.0643,0.791,https://api.spotify.com/v1/audio-analysis/16IE739PBfVB4aEfqoZbHS
2rbZUixgrwTWTvyEcN3vE9,Lullabies - Adventure Club Remix,0,0.0833,0.00171,0.698,https://api.spotify.com/v1/audio-analysis/2rbZUixgrwTWTvyEcN3vE9
1g3TrHz4DoDfxk4iFPYdsc,This Is Not the End (feat. Pegboard Nerds),31,0.391,0.00767,0.89,https://api.spotify.com/v1/audio-analysis/1g3TrHz4DoDfxk4iFPYdsc
0ADFTcetf92fZfxmgwnF1Y,Summer Ashes - Culture Code Remix,34,0.373,0.0185,0.815,https://api.spotify.com/v1/audio-analysis/0ADFTcetf92fZfxmgwnF1Y
15WhpFYtQm4Y4wDjFaqV0F,Collide (Astronaut & Barely Alive Remix),0,0.161,0.000607,0.961,https://api.spotify.com/v1/audio-analysis/15WhpFYtQm4Y4wDjFaqV0F
2NRYdPStuKLhoPh3L8omnj,Still Alive (The Theme from Mirror's Edge Radio Edit),0,0.402,0.00577,0.68,https://api.spotify.com/v1/audio-analysis/2NRYdPStuKLhoPh3L8omnj
2lKjHE4eSS4LAxan214Zpr,Come & Get It,38,0.243,0.0337,0.957,https://api.spotify.com/v1/audio-analysis/2lKjHE4eSS4LAxan214Zpr
3VPBqHUd17ZvEgabW9ZOUU,Ghost Assassin - Original Mix,49,0.0798,0.00809,0.923,https://api.spotify.com/v1/audio-analysis/3VPBqHUd17ZvEgabW9ZOUU
4yMUywwLJwsWd1v9zow2MH,I Remember,0,0.0376,0.00595,0.641,https://api.spotify.com/v1/audio-analysis/4yMUywwLJwsWd1v9zow2MH
05a7HoCScUnaRvJ3zKFyeZ,Follow Me,0,0.162,0.00269,0.798,https://api.spotify.com/v1/audio-analysis/05a7HoCScUnaRvJ3zKFyeZ
0bwL4QlIQJkvNT0MALIjWc,This Is It,0,0.507,0.00049,0.918,https://api.spotify.com/v1/audio-analysis/0bwL4QlIQJkvNT0MALIjWc
4DIdJkGctTM9v5tM4oit4I,Android Porn,0,0.392,0.0107,0.495,https://api.spotify.com/v1/audio-analysis/4DIdJkGctTM9v5tM4oit4I
3I0TBdlzSEhJzrCBQqfuBO,Down By The River,0,0.578,0.256,0.955,https://api.spotify.com/v1/audio-analysis/3I0TBdlzSEhJzrCBQqfuBO
4IAZECcQG37bybxZ8mIJUh,One Click Headshot,0,0.512,0.000361,0.911,https://api.spotify.com/v1/audio-analysis/4IAZECcQG37bybxZ8mIJUh
6KplFHsf2CHGvl1YVzq26S,Candyland,0,0.322,0.0512,0.868,https://api.spotify.com/v1/audio-analysis/6KplFHsf2CHGvl1YVzq26S
2QRZXIiCGTJAy9KBpQ0e16,Your Time (feat. KIELY),0,0.159,0.0118,0.926,https://api.spotify.com/v1/audio-analysis/2QRZXIiCGTJAy9KBpQ0e16
7k6ti8VK8iXkXEx8148RoS,Stay Awake,35,0.431,0.00247,0.839,https://api.spotify.com/v1/audio-analysis/7k6ti8VK8iXkXEx8148RoS
6tC2iHfUlzB2W4ntXXL2BH,Propane Nightmares,57,0.215,0.000262,0.966,https://api.spotify.com/v1/audio-analysis/6tC2iHfUlzB2W4ntXXL2BH
5ami95W9OOWQPwrBb5tud5,Watercolour - Full Version; Single,57,0.169,0.000174,0.896,https://api.spotify.com/v1/audio-analysis/5ami95W9OOWQPwrBb5tud5
4tge5dkhcDyjM6yrfeFTVo,Invaders Must Die,0,0.115,0.000508,0.9,https://api.spotify.com/v1/audio-analysis/4tge5dkhcDyjM6yrfeFTVo
2b1kUfie7igxbXB70V8mMF,Rabbit Run - Soundtrack Version,0,0.336,0.0026,0.842,https://api.spotify.com/v1/audio-analysis/2b1kUfie7igxbXB70V8mMF
4VObUur1cSVBfQOi2md72G,Fly Away - Mendum Remix,0,0.242,0.00595,0.715,https://api.spotify.com/v1/audio-analysis/4VObUur1cSVBfQOi2md72G
7ixz3cbLF5hgvooxciVB3b,Dream Catcher (Massive Vibes Remix),0,0.169,0.00121,0.855,https://api.spotify.com/v1/audio-analysis/7ixz3cbLF5hgvooxciVB3b
2oNYsdCasRRlz1shXFAz7D,LOST IN THE ECHO,67,0.478,0.0154,0.98,https://api.spotify.com/v1/audio-analysis/2oNYsdCasRRlz1shXFAz7D
1jC5yHIsQEWwT3Kmqf2udI,Freefall,0,0.221,2.6e-05,0.995,https://api.spotify.com/v1/audio-analysis/1jC5yHIsQEWwT3Kmqf2udI
1ySo1ChRnixFntzq9tQLaB,Wrong - Muzzy Remix,31,0.292,7.25e-05,0.902,https://api.spotify.com/v1/audio-analysis/1ySo1ChRnixFntzq9tQLaB
2evahsOM7GMAbB2ApGYx5e,Stuck in Nostalgia - Besnine Remix,0,0.774,0.0263,0.864,https://api.spotify.com/v1/audio-analysis/2evahsOM7GMAbB2ApGYx5e
114AcGuUe3pHow3MHeFN80,LIFE/THRILLS,22,0.487,0.00716,0.77,https://api.spotify.com/v1/audio-analysis/114AcGuUe3pHow3MHeFN80
65iHCk2uV7KKQwkjhBRmXZ,Bad Motives,0,0.155,0.00818,0.835,https://api.spotify.com/v1/audio-analysis/65iHCk2uV7KKQwkjhBRmXZ
6cREm4bV7V79Yxdilx9HDo,Once In a While,56,0.345,0.00758,0.687,https://api.spotify.com/v1/audio-analysis/6cREm4bV7V79Yxdilx9HDo
5l6tv2lFylSdCgkWyfHC0P,Sierra Leone (feat. Freshly Ground),0,0.113,0.00044,0.738,https://api.spotify.com/v1/audio-analysis/5l6tv2lFylSdCgkWyfHC0P
7DribE0RiHmmwMo4hs0RF5,Animal - Dubstep Mix,0,0.364,0.419,0.749,https://api.spotify.com/v1/audio-analysis/7DribE0RiHmmwMo4hs0RF5
5nAP692ePKS6OmvOAVtRWC,Nothing More to Do - Dubstep Mix,0,0.437,0.000632,0.788,https://api.spotify.com/v1/audio-analysis/5nAP692ePKS6OmvOAVtRWC
3ljB23GWqz8h5c4rAIUkL2,Diamonds - Jacob Plant Dubstep Remix,0,0.0356,0.000407,0.695,https://api.spotify.com/v1/audio-analysis/3ljB23GWqz8h5c4rAIUkL2
5oA1B4mKMxeXH7P5enV4sG,If I Die Young - Dubstep Remix,28,0.157,9.2e-05,0.898,https://api.spotify.com/v1/audio-analysis/5oA1B4mKMxeXH7P5enV4sG
7gXZdP82dnb5w3Pa8ku4CM,Thong Song (Dubstep Remix),7,0.556,0.153,0.903,https://api.spotify.com/v1/audio-analysis/7gXZdP82dnb5w3Pa8ku4CM
1SqHHN5Mqy13gHbDGjTaU7,Back to Earth (feat. Fall Out Boy),45,0.209,0.0268,0.906,https://api.spotify.com/v1/audio-analysis/1SqHHN5Mqy13gHbDGjTaU7
5HN16r4hXgtiKHCER5sSF5,Drive (Mt. Eden Remix),12,0.0759,0.109,0.63,https://api.spotify.com/v1/audio-analysis/5HN16r4hXgtiKHCER5sSF5
5JWWRtBBbowqWLlUaF84VD,Save Me (feat. Katy B),0,0.708,0.0372,0.921,https://api.spotify.com/v1/audio-analysis/5JWWRtBBbowqWLlUaF84VD
43igNXZ6iv1VRE7CUwM0Nb,I'm On Fire,0,0.252,0.0665,0.897,https://api.spotify.com/v1/audio-analysis/43igNXZ6iv1VRE7CUwM0Nb
7M5THIX4FKiNOTOpOHoXHL,The Power of Now,0,0.332,0.0261,0.956,https://api.spotify.com/v1/audio-analysis/7M5THIX4FKiNOTOpOHoXHL
0MatNW1EGwMFpSB6wXw0RC,A LIGHT THAT NEVER COMES - Brian Yates Remix,0,0.272,0.104,0.848,https://api.spotify.com/v1/audio-analysis/0MatNW1EGwMFpSB6wXw0RC
0eA7Z1oR8cDdhmE3GpNlQz,"Better Hide, Better Run (feat. Mark Johns)",33,0.347,0.00055,0.83,https://api.spotify.com/v1/audio-analysis/0eA7Z1oR8cDdhmE3GpNlQz
3AKgK9jtYMofEIlvAZOQGG,Head Full of Shadows,34,0.0925,5.33e-05,0.891,https://api.spotify.com/v1/audio-analysis/3AKgK9jtYMofEIlvAZOQGG
5sj5gye9fsojnLDx6cskIJ,Imperium - Dillon Francis Remix,25,0.0399,7e-05,0.869,https://api.spotify.com/v1/audio-analysis/5sj5gye9fsojnLDx6cskIJ
0teVSbgjgoWXtbf9NKaqCL,I Love It When You Cry (Moxoki) - Club Killers Remix,15,0.548,0.262,0.814,https://api.spotify.com/v1/audio-analysis/0teVSbgjgoWXtbf9NKaqCL
4RYvz692bYUEEyMythKdFE,LOST IN THE ECHO - KillSonik Remix,38,0.0584,0.0345,0.839,https://api.spotify.com/v1/audio-analysis/4RYvz692bYUEEyMythKdFE
1buWPBwvTd6VnIdBV48yQM,BURN IT DOWN - Tom Swoon Remix,36,0.176,0.0276,0.924,https://api.spotify.com/v1/audio-analysis/1buWPBwvTd6VnIdBV48yQM
2Hlfm48wmDNFHTZM7qqEWV,Say Goodbye,45,0.316,0.000175,0.95,https://api.spotify.com/v1/audio-analysis/2Hlfm48wmDNFHTZM7qqEWV
0Dz49qemTOjX9RcPZzIl2q,Drive It Like You Stole It,42,0.419,0.106,0.68,https://api.spotify.com/v1/audio-analysis/0Dz49qemTOjX9RcPZzIl2q
4LfryUF6KUoJNPoOhSsV7z,Monster (Rework),45,0.329,0.00666,0.923,https://api.spotify.com/v1/audio-analysis/4LfryUF6KUoJNPoOhSsV7z
2HtBS27rw9QugQrMZg8nX1,Savage,0,0.766,0.000729,0.976,https://api.spotify.com/v1/audio-analysis/2HtBS27rw9QugQrMZg8nX1
14RPCXmNMBJiq3OosEGofm,Puzzle,0,0.692,0.0158,0.85,https://api.spotify.com/v1/audio-analysis/14RPCXmNMBJiq3OosEGofm
5aJDS5hy4KcQrcKznbNPgf,Pain,0,0.492,0.0602,0.759,https://api.spotify.com/v1/audio-analysis/5aJDS5hy4KcQrcKznbNPgf
454IPfzFpYJsCvqbS0UDbR,Close,0,0.32,0.282,0.801,https://api.spotify.com/v1/audio-analysis/454IPfzFpYJsCvqbS0UDbR
4Ok597qgUDKKsW0jpCD02k,Still Need You,0,0.479,0.00502,0.821,https://api.spotify.com/v1/audio-analysis/4Ok597qgUDKKsW0jpCD02k
5dbGrA2QIdjJZpILNzEa9R,You & I,0,0.264,0.00011,0.935,https://api.spotify.com/v1/audio-analysis/5dbGrA2QIdjJZpILNzEa9R
5uk0xQKhE3dak4T8fLKuwt,Seconds,0,0.52,0.000139,0.932,https://api.spotify.com/v1/audio-analysis/5uk0xQKhE3dak4T8fLKuwt
60nV8MWOEnAalMOm1Fgoua,Survive,0,0.202,0.291,0.883,https://api.spotify.com/v1/audio-analysis/60nV8MWOEnAalMOm1Fgoua
4PDYB1FHLwNRdlfHiLKqg4,Glowing At Night,0,0.265,0.000798,0.946,https://api.spotify.com/v1/audio-analysis/4PDYB1FHLwNRdlfHiLKqg4
3zshP9h5monlNZLzdxFcpW,Pain,0,0.509,0.0605,0.758,https://api.spotify.com/v1/audio-analysis/3zshP9h5monlNZLzdxFcpW
6CLLUjyPoBttw36tzpGhJJ,Fearless,57,0.507,0.137,0.668,https://api.spotify.com/v1/audio-analysis/6CLLUjyPoBttw36tzpGhJJ
5ahPHXWhV3Azfh2SA5ygXd,Top Speed,51,0.419,0.135,0.694,https://api.spotify.com/v1/audio-analysis/5ahPHXWhV3Azfh2SA5ygXd
14p60PiibNloesz8pDovLI,Dëserve it,72,0.598,0.0786,0.6,https://api.spotify.com/v1/audio-analysis/14p60PiibNloesz8pDovLI
3tddzXTgneWrkV2cYNUBZe,Deja De Llorar,65,0.779,0.279,0.943,https://api.spotify.com/v1/audio-analysis/3tddzXTgneWrkV2cYNUBZe
2kxXyL9aohclei4eXtdIRh,Lady (Hear Me Tonight) - Radio Edit,0,0.826,0.0041,0.752,https://api.spotify.com/v1/audio-analysis/2kxXyL9aohclei4eXtdIRh
6lUBD8XA38zIFt6C0giPsP,Me Quedo Aquí,60,0.389,0.0811,0.819,https://api.spotify.com/v1/audio-analysis/6lUBD8XA38zIFt6C0giPsP
7LyIoUsiMtelB1I0I4drEF,Modern Love - 1999 Remaster,0,0.961,0.000376,0.889,https://api.spotify.com/v1/audio-analysis/7LyIoUsiMtelB1I0I4drEF
2LxyITcslKIKdMyYdHdA5l,Trátame Suavemente - Remasterizado 2007,60,0.0878,0.181,0.576,https://api.spotify.com/v1/audio-analysis/2LxyITcslKIKdMyYdHdA5l
2xIZ74gMY794yuZir9zwgc,Siguiendo La Luna,0,0.816,0.00788,0.439,https://api.spotify.com/v1/audio-analysis/2xIZ74gMY794yuZir9zwgc
7L2arBxHMxVXbWQzaHKgnY,Los Calientes,56,0.631,0.00352,0.921,https://api.spotify.com/v1/audio-analysis/7L2arBxHMxVXbWQzaHKgnY
3L55aSsDkT5ojgy3WXjh7s,Risa,59,0.384,0.406,0.71,https://api.spotify.com/v1/audio-analysis/3L55aSsDkT5ojgy3WXjh7s
38BgSgrjtPKDkFxykexEFu,El Satánico Dr. Cadillac (Versión '93) - Remasterizado 2008,44,0.793,0.00432,0.923,https://api.spotify.com/v1/audio-analysis/38BgSgrjtPKDkFxykexEFu
1DEgRQfR4u5qHaW12ARN3F,Filthy/Gorgeous,0,0.69,0.00819,0.737,https://api.spotify.com/v1/audio-analysis/1DEgRQfR4u5qHaW12ARN3F
1CvYWnK4ERkU7D8pY7CKDo,Diosa,51,0.936,0.0308,0.812,https://api.spotify.com/v1/audio-analysis/1CvYWnK4ERkU7D8pY7CKDo
1QjfU3jkGInap7Vm9lVJIQ,Amor (Ft. Mon Laferte) - MTV Unplugged,59,0.601,0.0274,0.717,https://api.spotify.com/v1/audio-analysis/1QjfU3jkGInap7Vm9lVJIQ
3G80CgLA7ziD8i40s6uKQN,Tallulah,50,0.23,0.352,0.613,https://api.spotify.com/v1/audio-analysis/3G80CgLA7ziD8i40s6uKQN
19LOj36c5CccosUMMkCy06,Shy,0,0.15,0.867,0.223,https://api.spotify.com/v1/audio-analysis/19LOj36c5CccosUMMkCy06
6jrFTDTF8VWnxuPPRGCf9k,En la Ciudad de la Furia - En Vivo Me Verás Volver Gira 2007,49,0.459,0.000729,0.895,https://api.spotify.com/v1/audio-analysis/6jrFTDTF8VWnxuPPRGCf9k
60IzIxSuVAtU71yCmHjxHH,Será,62,0.873,0.0293,0.73,https://api.spotify.com/v1/audio-analysis/60IzIxSuVAtU71yCmHjxHH
7fI96JHMnvd3Ft70Zzv74G,Stupid Girl,0,0.765,0.00548,0.721,https://api.spotify.com/v1/audio-analysis/7fI96JHMnvd3Ft70Zzv74G
4IGGtDmSJ04HoRwPTQr9O6,Androgyny,0,0.564,0.268,0.553,https://api.spotify.com/v1/audio-analysis/4IGGtDmSJ04HoRwPTQr9O6
44JEbGi3NxptsEuxDNGiAR,3's & 7's,53,0.513,0.0711,0.988,https://api.spotify.com/v1/audio-analysis/44JEbGi3NxptsEuxDNGiAR
1pPpNi0uvdn8r2YT4sNAbz,Some Velvet Morning - New Version,0,0.444,0.00185,0.887,https://api.spotify.com/v1/audio-analysis/1pPpNi0uvdn8r2YT4sNAbz
0Txbn46ZPEuHUrafScSWLr,Not Gonna Get Us,0,0.161,0.000727,0.862,https://api.spotify.com/v1/audio-analysis/0Txbn46ZPEuHUrafScSWLr
5QTyPmVpAZOWgBLhIBUbuJ,How Soon Is Now?,0,0.59,0.0927,0.644,https://api.spotify.com/v1/audio-analysis/5QTyPmVpAZOWgBLhIBUbuJ
4QB2cdh2v5zeRD1khGF9A5,Fly Away From Here,35,0.171,0.142,0.686,https://api.spotify.com/v1/audio-analysis/4QB2cdh2v5zeRD1khGF9A5
3HNapK04Tyu5HgSL9A1q8y,Química,41,0.628,0.131,0.775,https://api.spotify.com/v1/audio-analysis/3HNapK04Tyu5HgSL9A1q8y
1BJK21KnkR7YS5NUTY4t2C,Aire,56,0.584,0.00548,0.746,https://api.spotify.com/v1/audio-analysis/1BJK21KnkR7YS5NUTY4t2C
7dVj5UjkSMybmGDCdyVPUt,Antes y Después,0,0.261,0.0114,0.781,https://api.spotify.com/v1/audio-analysis/7dVj5UjkSMybmGDCdyVPUt
6rg1MBZqggsQ5olFGTw0rr,Spaghetti del Rock,63,0.656,0.677,0.389,https://api.spotify.com/v1/audio-analysis/6rg1MBZqggsQ5olFGTw0rr
2zogXcCqvKJwh3o67W3GG3,Arrancacorazones,63,0.387,0.0679,0.764,https://api.spotify.com/v1/audio-analysis/2zogXcCqvKJwh3o67W3GG3
06pjQCIybMiGrgtHODGa2m,Bajan (En Vivo Estadio Vélez Sarsfield) (feat. Gustavo Cerati),53,0.446,0.3,0.687,https://api.spotify.com/v1/audio-analysis/06pjQCIybMiGrgtHODGa2m
4WL18zolDiPToRXggigJwg,Luna de Miel en la Mano,0,0.174,0.196,0.749,https://api.spotify.com/v1/audio-analysis/4WL18zolDiPToRXggigJwg
3DlRZM6zKSlAZigHbJQ3cp,Beautiful Stranger,52,0.286,0.122,0.756,https://api.spotify.com/v1/audio-analysis/3DlRZM6zKSlAZigHbJQ3cp
5lBI9isMBEHRn5Wxde058W,Nikita,0,0.752,0.123,0.656,https://api.spotify.com/v1/audio-analysis/5lBI9isMBEHRn5Wxde058W
24fQpRwKFkC3Fe8QtvvrNw,Back for Good - Radio Mix,0,0.564,0.31,0.504,https://api.spotify.com/v1/audio-analysis/24fQpRwKFkC3Fe8QtvvrNw
0HoaLXRp7jJtdQFunUyUGc,The Sun Always Shines on T.V.,63,0.219,0.0534,0.839,https://api.spotify.com/v1/audio-analysis/0HoaLXRp7jJtdQFunUyUGc
4pldO6ZS749Piqi4GISql8,With Arms Wide Open - New Version With Strings,0,0.202,0.0361,0.688,https://api.spotify.com/v1/audio-analysis/4pldO6ZS749Piqi4GISql8
3pWF6sOdKOtwtIbVaFMN6U,Que Me Quedes Tú,62,0.417,0.274,0.51,https://api.spotify.com/v1/audio-analysis/3pWF6sOdKOtwtIbVaFMN6U
00TU7szqwBrxWTd9SO7ihK,Ella Uso Mi Cabeza Como Un Revolver - MTV Unplugged,53,0.236,0.00284,0.764,https://api.spotify.com/v1/audio-analysis/00TU7szqwBrxWTd9SO7ihK
6MIDQPurdLJgq5Tg6wM6xy,No Existes - Remasterizado 2007,48,0.432,0.009,0.863,https://api.spotify.com/v1/audio-analysis/6MIDQPurdLJgq5Tg6wM6xy
6AUYnTv5LXbWm2oHxN3QAw,Sultans Of Swing,0,0.892,0.145,0.909,https://api.spotify.com/v1/audio-analysis/6AUYnTv5LXbWm2oHxN3QAw
0LhILIVhWTJz6eEsbEreZG,Message In A Bottle,0,0.842,0.0562,0.816,https://api.spotify.com/v1/audio-analysis/0LhILIVhWTJz6eEsbEreZG
5jbneWgeNyiKnNjsPwpWUp,Angie - Remastered,0,0.443,0.492,0.432,https://api.spotify.com/v1/audio-analysis/5jbneWgeNyiKnNjsPwpWUp
0ljyHIWERJQp8O5LKgKm1l,La Razón Que Te Demora,58,0.443,0.00288,0.902,https://api.spotify.com/v1/audio-analysis/0ljyHIWERJQp8O5LKgKm1l
2nzBXhiF7xzn7r6DxeTCLA,Voy A Bailar A La Nave Del Olvido,0,0.344,0.0561,0.755,https://api.spotify.com/v1/audio-analysis/2nzBXhiF7xzn7r6DxeTCLA
1ShyiEm2kD0XMA7fNhMIVk,Vivo,56,0.128,0.011,0.477,https://api.spotify.com/v1/audio-analysis/1ShyiEm2kD0XMA7fNhMIVk
2i6bt0gKgRkCRZnPya54PS,Mariposa Pontiac - Rock del País,48,0.701,0.0348,0.848,https://api.spotify.com/v1/audio-analysis/2i6bt0gKgRkCRZnPya54PS
0VZ2rAa5ceRaMPMufTVmqd,Pupilas Lejanas,48,0.94,0.135,0.516,https://api.spotify.com/v1/audio-analysis/0VZ2rAa5ceRaMPMufTVmqd
2zaZ81JI8KbYaL7210BB0U,Corazón Delator - Remasterizado 2007,56,0.355,0.0643,0.632,https://api.spotify.com/v1/audio-analysis/2zaZ81JI8KbYaL7210BB0U
5n6RDaGFSN88oRWuGtYAIN,The Show Must Go On - Remastered 2011,67,0.189,0.409,0.687,https://api.spotify.com/v1/audio-analysis/5n6RDaGFSN88oRWuGtYAIN
0VgkVdmE4gld66l8iyGjgx,Mask Off,81,0.281,0.0102,0.434,https://api.spotify.com/v1/audio-analysis/0VgkVdmE4gld66l8iyGjgx
0aym2LBJBk9DAYuHHutrIl,Hey Jude - Remastered 2015,72,0.532,0.0112,0.607,https://api.spotify.com/v1/audio-analysis/0aym2LBJBk9DAYuHHutrIl
0utlOiJy2weVl9WTkcEWHy,Neighbors,73,0.469,0.319,0.283,https://api.spotify.com/v1/audio-analysis/0utlOiJy2weVl9WTkcEWHy
22mek4IiqubGD9ctzxc69s,How Deep Is Your Love,76,0.336,0.0392,0.868,https://api.spotify.com/v1/audio-analysis/22mek4IiqubGD9ctzxc69s
2cGxRwrMyEAp8dEbuZaVv6,Instant Crush (feat. Julian Casablancas),75,0.518,0.0422,0.585,https://api.spotify.com/v1/audio-analysis/2cGxRwrMyEAp8dEbuZaVv6
33pDmPx2pkJ7JCAQpRDQ9B,GLOWED UP,0,0.428,0.036,0.621,https://api.spotify.com/v1/audio-analysis/33pDmPx2pkJ7JCAQpRDQ9B
3swc6WTsr7rl9DqQKQA55C,Psycho (feat. Ty Dolla $ign),76,0.459,0.546,0.56,https://api.spotify.com/v1/audio-analysis/3swc6WTsr7rl9DqQKQA55C
4G8gkOterJn0Ywt6uhqbhp,Radioactive,71,0.236,0.106,0.784,https://api.spotify.com/v1/audio-analysis/4G8gkOterJn0Ywt6uhqbhp
4K06PO78fW4mnBVenxGNob,Conversations,75,0.57,0.176,0.622,https://api.spotify.com/v1/audio-analysis/4K06PO78fW4mnBVenxGNob
4RNpfZR9Zm7efzuMghkPKb,I Was Wrong - Robin Schulz Remix,45,0.526,0.371,0.762,https://api.spotify.com/v1/audio-analysis/4RNpfZR9Zm7efzuMghkPKb
4S7YHmlWwfwArgd8LfSPud,L$D,71,0.0352,0.194,0.252,https://api.spotify.com/v1/audio-analysis/4S7YHmlWwfwArgd8LfSPud
51Fjme0JiitpyXKuyQiCDo,Lalala,72,0.495,0.178,0.39,https://api.spotify.com/v1/audio-analysis/51Fjme0JiitpyXKuyQiCDo
5Z3GHaZ6ec9bsiI5BenrbY,Young Dumb & Broke,79,0.394,0.199,0.539,https://api.spotify.com/v1/audio-analysis/5Z3GHaZ6ec9bsiI5BenrbY
67BtfxlNbhBmCDR2L2l8qd,MONTERO (Call Me By Your Name),74,0.758,0.297,0.508,https://api.spotify.com/v1/audio-analysis/67BtfxlNbhBmCDR2L2l8qd
6SwRhMLwNqEi6alNPVG00n,LOYALTY. FEAT. RIHANNA.,74,0.419,0.0265,0.535,https://api.spotify.com/v1/audio-analysis/6SwRhMLwNqEi6alNPVG00n
6wJYhPfqk3KGhHRG76WzOh,Blueberry Faygo,71,0.349,0.207,0.554,https://api.spotify.com/v1/audio-analysis/6wJYhPfqk3KGhHRG76WzOh
77UjLW8j5UAGAGVGhR5oUK,Pray For Me (with Kendrick Lamar),71,0.188,0.0762,0.677,https://api.spotify.com/v1/audio-analysis/77UjLW8j5UAGAGVGhR5oUK
7D5n2kpYH2WSqIyEO9MeXf,Patience,58,0.372,0.711,0.266,https://api.spotify.com/v1/audio-analysis/7D5n2kpYH2WSqIyEO9MeXf
7FIWs0pqAYbP91WWM0vlTQ,Godzilla (feat. Juice WRLD),82,0.829,0.145,0.745,https://api.spotify.com/v1/audio-analysis/7FIWs0pqAYbP91WWM0vlTQ
7KnSOsvmbc6xeIWVKUXzLd,Something About Us,39,0.384,0.44,0.475,https://api.spotify.com/v1/audio-analysis/7KnSOsvmbc6xeIWVKUXzLd
7M2tXmeS15NAzEn7ABFeBg,Homicide (feat. Eminem),72,0.77,0.137,0.759,https://api.spotify.com/v1/audio-analysis/7M2tXmeS15NAzEn7ABFeBg
1i1fxkWeaMmKEB4T7zqbzK,Don't Let Me Down,79,0.422,0.157,0.869,https://api.spotify.com/v1/audio-analysis/1i1fxkWeaMmKEB4T7zqbzK
3Ofmpyhv5UAQ70mENzB277,Astronaut In The Ocean,76,0.472,0.175,0.695,https://api.spotify.com/v1/audio-analysis/3Ofmpyhv5UAQ70mENzB277
6i0V12jOa3mr6uu4WYhUBr,Heathens,80,0.548,0.0841,0.396,https://api.spotify.com/v1/audio-analysis/6i0V12jOa3mr6uu4WYhUBr
2toVe5hfuIi97ytDPDbQFt,Taste (feat. Offset),71,0.359,0.0293,0.613,https://api.spotify.com/v1/audio-analysis/2toVe5hfuIi97ytDPDbQFt
3GCdLUSnKSMJhs4Tj6CV3s,All The Stars (with SZA),83,0.552,0.0605,0.633,https://api.spotify.com/v1/audio-analysis/3GCdLUSnKSMJhs4Tj6CV3s
4tqcoej1zPvwePZCzuAjJd,Wet Dreamz,83,0.539,0.0697,0.722,https://api.spotify.com/v1/audio-analysis/4tqcoej1zPvwePZCzuAjJd
0KdwmtG44yIDpyie4b0jCn,Wherever I Go,0,0.33,0.105,0.703,https://api.spotify.com/v1/audio-analysis/0KdwmtG44yIDpyie4b0jCn
0vg4WnUWvze6pBOJDTq99k,You're Beautiful,75,0.454,0.633,0.479,https://api.spotify.com/v1/audio-analysis/0vg4WnUWvze6pBOJDTq99k
