track_uri,name,popularity,valence,acousticness,energy,analysis_url
7dFJsQQMwSlelur7tPuwnr,Remind Me,50,0.0453,0.00153,0.839,https://api.spotify.com/v1/audio-analysis/7dFJsQQMwSlelur7tPuwnr
7ckzAvAyMyzpytfJPFxwcF,Eclipse,0,0.0479,0.0168,0.789,https://api.spotify.com/v1/audio-analysis/7ckzAvAyMyzpytfJPFxwcF
4rDSWpAyUne0R0ahxAVPl2,SuperWave - Original Mix,0,0.136,0.0286,0.987,https://api.spotify.com/v1/audio-analysis/4rDSWpAyUne0R0ahxAVPl2
6Wpq2ehrtiQrHogJiFnSVn,Revolution - Radio Mix,0,0.0472,0.00991,0.862,https://api.spotify.com/v1/audio-analysis/6Wpq2ehrtiQrHogJiFnSVn
4C2oeLzTKV9dIfrifoYqEq,Karate - Radio Edit,0,0.505,0.000674,0.991,https://api.spotify.com/v1/audio-analysis/4C2oeLzTKV9dIfrifoYqEq
2EjQ9JBv6kgse43Is3HuhT,Tales of Tomorrow - Radio Edit,6,0.181,0.0281,0.894,https://api.spotify.com/v1/audio-analysis/2EjQ9JBv6kgse43Is3HuhT
39Ni4ManwZGs46fXh5qPfu,Afroki (feat. Bonnie McKee),31,0.641,0.014,0.958,https://api.spotify.com/v1/audio-analysis/39Ni4ManwZGs46fXh5qPfu
4kwF7lcUi1UMsm0shUcOTz,We Were Young - Original Mix,0,0.0552,0.00779,0.901,https://api.spotify.com/v1/audio-analysis/4kwF7lcUi1UMsm0shUcOTz
0TMikJYXWuR5GMBSoTTCsz,Dangerous (feat. Sam Martin) - Steve Aoki Remix,32,0.354,0.00277,0.921,https://api.spotify.com/v1/audio-analysis/0TMikJYXWuR5GMBSoTTCsz
2H98dHwAMJf0bgOgcocO9N,Wave Your Hands,0,0.415,0.00115,0.968,https://api.spotify.com/v1/audio-analysis/2H98dHwAMJf0bgOgcocO9N
75mrizH133atPU9k8f3P5e,Lovers on the Sun (feat. Sam Martin) - Blasterjaxx Remix,20,0.361,0.0143,0.855,https://api.spotify.com/v1/audio-analysis/75mrizH133atPU9k8f3P5e
0lFIavLLfzibbswy9L0XqC,Voodoo,0,0.0375,0.00144,0.871,https://api.spotify.com/v1/audio-analysis/0lFIavLLfzibbswy9L0XqC
35SnuWHCBTJkfJYetXUF7X,We Come We Rave We Love,37,0.636,0.0199,0.954,https://api.spotify.com/v1/audio-analysis/35SnuWHCBTJkfJYetXUF7X
1JXLva2WziQe1lqhYetzJw,Can't Hold Us Down - Radio Edit,0,0.216,0.00228,0.715,https://api.spotify.com/v1/audio-analysis/1JXLva2WziQe1lqhYetzJw
2LsKvF1f5PVm18UZgQrwml,Koala - Radio Edit,47,0.567,0.0467,0.901,https://api.spotify.com/v1/audio-analysis/2LsKvF1f5PVm18UZgQrwml
2KwBwj1yrWXRYNce1GtTAK,Pikachu - Original Mix,0,0.652,0.00227,0.875,https://api.spotify.com/v1/audio-analysis/2KwBwj1yrWXRYNce1GtTAK
4kPBncgyAQsrNozmB10ntb,Once Again - Original Mix,0,0.0813,0.000384,0.768,https://api.spotify.com/v1/audio-analysis/4kPBncgyAQsrNozmB10ntb
2c8RzaJ9VOLQfIzAT0JDVj,Escape (Into The Sunset) - Radio Mix,0,0.172,0.00814,0.803,https://api.spotify.com/v1/audio-analysis/2c8RzaJ9VOLQfIzAT0JDVj
4Z1PxG6UTqVhsc6SzjBip7,Live for the Night - W & W Remix,20,0.192,0.00261,0.96,https://api.spotify.com/v1/audio-analysis/4Z1PxG6UTqVhsc6SzjBip7
6olpxpSEXXterxGpBZVGe2,What We Live For,0,0.125,0.0135,0.897,https://api.spotify.com/v1/audio-analysis/6olpxpSEXXterxGpBZVGe2
1QxS9R90ukf9T6ukPTu6GC,The Hum - Short Edit,19,0.209,0.211,0.947,https://api.spotify.com/v1/audio-analysis/1QxS9R90ukf9T6ukPTu6GC
1S7HayoO45Hdus23lY99sI,And I - R3hab Extended Remix,4,0.0388,0.000273,0.922,https://api.spotify.com/v1/audio-analysis/1S7HayoO45Hdus23lY99sI
1M600IE8ujvrGKcyAuMRED,Heartbeat - Nicky Romero Edit,0,0.0842,0.00113,0.91,https://api.spotify.com/v1/audio-analysis/1M600IE8ujvrGKcyAuMRED
1u6LOWtdWA2wwa3CryIBsS,Another You,54,0.393,0.00809,0.647,https://api.spotify.com/v1/audio-analysis/1u6LOWtdWA2wwa3CryIBsS
55IOE08XL191w3PNuoEW0q,Black - Original Mix,0,0.199,0.0903,0.963,https://api.spotify.com/v1/audio-analysis/55IOE08XL191w3PNuoEW0q
0GsBs93LEslshhrHPiIDA8,Soundwave - Quintino Remix,0,0.147,0.00141,0.877,https://api.spotify.com/v1/audio-analysis/0GsBs93LEslshhrHPiIDA8
5025oiBetcVQ9SF34U4xRc,Darkside - Original Mix,0,0.175,0.00239,0.892,https://api.spotify.com/v1/audio-analysis/5025oiBetcVQ9SF34U4xRc
25Jkn7pfe0wQkWLxRkgW6i,Rage - Original Mix,0,0.1,0.000439,0.917,https://api.spotify.com/v1/audio-analysis/25Jkn7pfe0wQkWLxRkgW6i
7oDjaRDdf9zNQ8N3yRjQwF,Feeling Good,0,0.0992,0.318,0.581,https://api.spotify.com/v1/audio-analysis/7oDjaRDdf9zNQ8N3yRjQwF
2DD1rv9yAHphMjMWFD4akx,Techno Saturday - Original Mix,0,0.352,6.77e-05,0.912,https://api.spotify.com/v1/audio-analysis/2DD1rv9yAHphMjMWFD4akx
3FgTxATu6BU3mGDq7hhXq2,The Night - Radio Edit,0,0.378,0.117,0.944,https://api.spotify.com/v1/audio-analysis/3FgTxATu6BU3mGDq7hhXq2
7bk1JQLMos3tY6raBOowqq,Filthy - Original Mix,16,0.271,0.0477,0.891,https://api.spotify.com/v1/audio-analysis/7bk1JQLMos3tY6raBOowqq
770QldRoiZsrBfQwMM5QX0,My Window - Radio Edit,0,0.659,0.0875,0.954,https://api.spotify.com/v1/audio-analysis/770QldRoiZsrBfQwMM5QX0
6drg1FmkZ8PcIX6UMmlvol,Afroki (feat. Bonnie McKee) - Marnik Remix,12,0.348,0.000722,0.967,https://api.spotify.com/v1/audio-analysis/6drg1FmkZ8PcIX6UMmlvol
1wGrjGsLOoSKFup3byDWyR,Push Play [Mix Cut] - Original Mix,0,0.184,0.000502,0.995,https://api.spotify.com/v1/audio-analysis/1wGrjGsLOoSKFup3byDWyR
656peCkJJuXRcBDituSWck,Forever (feat. Courtney Jenaé) - Original Mix,0,0.352,0.00864,0.964,https://api.spotify.com/v1/audio-analysis/656peCkJJuXRcBDituSWck
4PxKvJqOzhcNiP1OBpRfcC,Lighthouse - Radio Edit,0,0.361,0.0211,0.706,https://api.spotify.com/v1/audio-analysis/4PxKvJqOzhcNiP1OBpRfcC
6ulV6BN8zJe3t9JyvaEAsT,The One,44,0.615,0.169,0.922,https://api.spotify.com/v1/audio-analysis/6ulV6BN8zJe3t9JyvaEAsT
6oheWhUHTYSegLGV9x3BMd,Dragon - Radio Edit,0,0.145,0.00543,0.917,https://api.spotify.com/v1/audio-analysis/6oheWhUHTYSegLGV9x3BMd
5RVE3ef6pf6bkLRFFv7cfs,Survivors - Radio Edit,0,0.233,0.0234,0.825,https://api.spotify.com/v1/audio-analysis/5RVE3ef6pf6bkLRFFv7cfs
44WZ7uXkOKHqzlpLtI6aXK,Higher Place - Bassjackers Remix,4,0.2,0.00435,0.696,https://api.spotify.com/v1/audio-analysis/44WZ7uXkOKHqzlpLtI6aXK
1rdZuTwPE8nPk3tLutaPxe,Outer Space (XXX) [feat. Kris Kiss],0,0.654,0.142,0.918,https://api.spotify.com/v1/audio-analysis/1rdZuTwPE8nPk3tLutaPxe
0kTC7L9V1nEGk58UjA5uqr,Raveheart - Original Mix,0,0.24,0.00106,0.986,https://api.spotify.com/v1/audio-analysis/0kTC7L9V1nEGk58UjA5uqr
7hFqnWjf0ZzlsnEqNAd5QY,Air - Original Mix,0,0.0845,0.000195,0.965,https://api.spotify.com/v1/audio-analysis/7hFqnWjf0ZzlsnEqNAd5QY
0vXkVp3QoGOHNxxKNF4Gex,Ass Hypnotized - Original Club Mix,0,0.371,0.000448,0.963,https://api.spotify.com/v1/audio-analysis/0vXkVp3QoGOHNxxKNF4Gex
6jmTQwFzejCurofZDz7x9k,Off The Hook,47,0.153,0.0113,0.951,https://api.spotify.com/v1/audio-analysis/6jmTQwFzejCurofZDz7x9k
3IDtm4F1L3n0P0uiARm6ed,Spack Jarrow - Radio Edit,20,0.319,0.00261,0.984,https://api.spotify.com/v1/audio-analysis/3IDtm4F1L3n0P0uiARm6ed
1tYp2gd7lVIiE24lDFzGNd,Never Fade - Radio Edit,0,0.167,0.18,0.917,https://api.spotify.com/v1/audio-analysis/1tYp2gd7lVIiE24lDFzGNd
5kj0QS2Eh0c4MKMvfBDij2,Next Level - Nicky Romero Edit,0,0.435,0.00791,0.986,https://api.spotify.com/v1/audio-analysis/5kj0QS2Eh0c4MKMvfBDij2
7DcY0SUvSIcIjHeSGhTXDk,Memories - Radio Edit,0,0.32,0.0352,0.728,https://api.spotify.com/v1/audio-analysis/7DcY0SUvSIcIjHeSGhTXDk
6ZM4JtlEM2xraDsOKT0olZ,Waiting For Love - Carnage & Headhunterz Remix,0,0.444,0.00617,0.883,https://api.spotify.com/v1/audio-analysis/6ZM4JtlEM2xraDsOKT0olZ
3KsgqKdON4jaWjGKzxIIP1,Arcadia - Thomas Newson Remix,0,0.2,0.00276,0.916,https://api.spotify.com/v1/audio-analysis/3KsgqKdON4jaWjGKzxIIP1
2jS4PKTSK8UaqUnEf31FaP,Another You - Mark Sixma Remix,13,0.227,0.0109,0.911,https://api.spotify.com/v1/audio-analysis/2jS4PKTSK8UaqUnEf31FaP
0RMckdsOqgGSdLRoWbbWbo,Don't You Want Me 2015 - Dimitri Vegas & Like Mike Remix,4,0.0749,0.00218,0.916,https://api.spotify.com/v1/audio-analysis/0RMckdsOqgGSdLRoWbbWbo
1R98UPSCT7mVYe1WztbHWX,Here We Go - Original Edit,21,0.505,0.0264,0.977,https://api.spotify.com/v1/audio-analysis/1R98UPSCT7mVYe1WztbHWX
2XDyh7ydff9XgXYwsd7dWR,No Turning Back - Ummet Ozcan Radio Edit,0,0.506,0.0438,0.947,https://api.spotify.com/v1/audio-analysis/2XDyh7ydff9XgXYwsd7dWR
3DHjvvsfjRNeOFG4YIFJhd,Bring That Beat,0,0.352,0.000464,0.97,https://api.spotify.com/v1/audio-analysis/3DHjvvsfjRNeOFG4YIFJhd
2gxUTAejN2pzmIM60c49TA,Unstoppable,0,0.239,0.0212,0.95,https://api.spotify.com/v1/audio-analysis/2gxUTAejN2pzmIM60c49TA
3uN1f0o988Pc8opHzLK6KA,Stick Em,0,0.0347,0.00143,0.926,https://api.spotify.com/v1/audio-analysis/3uN1f0o988Pc8opHzLK6KA
1nqEbO3jSkDNdtWR74snPr,The Wave,0,0.0669,0.00218,0.992,https://api.spotify.com/v1/audio-analysis/1nqEbO3jSkDNdtWR74snPr
4w3YIjYUM8fRsraZQrCElk,King Kong,0,0.21,0.00712,0.916,https://api.spotify.com/v1/audio-analysis/4w3YIjYUM8fRsraZQrCElk
7fj3fjbB8Z9zMR8girBAi0,Hope,0,0.331,0.00359,0.957,https://api.spotify.com/v1/audio-analysis/7fj3fjbB8Z9zMR8girBAi0
2EzxiWpOhTOgC2jdRFgVJx,Legend - Original Mix,0,0.107,0.125,0.994,https://api.spotify.com/v1/audio-analysis/2EzxiWpOhTOgC2jdRFgVJx
72DoQhOEfXcITwQ3s7I6Vz,You Know Why - Original Mix,22,0.388,0.0227,0.964,https://api.spotify.com/v1/audio-analysis/72DoQhOEfXcITwQ3s7I6Vz
67Qk7SVn8y9JZdUHrmIUC0,Into the Light - Original Edit,0,0.157,0.0023,0.878,https://api.spotify.com/v1/audio-analysis/67Qk7SVn8y9JZdUHrmIUC0
7hPQaF1zRJXSjiXjfXzKZy,Street Sounds,0,0.354,0.000795,0.946,https://api.spotify.com/v1/audio-analysis/7hPQaF1zRJXSjiXjfXzKZy
6J3s6AGnetL5BfIXNZV3OV,Police,0,0.249,0.00586,0.977,https://api.spotify.com/v1/audio-analysis/6J3s6AGnetL5BfIXNZV3OV
5WNW9DL2FiwuRnivTkvNNn,Indigo,0,0.413,0.000163,0.978,https://api.spotify.com/v1/audio-analysis/5WNW9DL2FiwuRnivTkvNNn
3hqFZZOMBsW6iSBRkDdAir,Secrets - Don Diablo’s VIP Mix,0,0.209,0.00151,0.787,https://api.spotify.com/v1/audio-analysis/3hqFZZOMBsW6iSBRkDdAir
3xqc7cblJNqwwnEJt37xFy,Kung Fu,21,0.432,0.000742,0.95,https://api.spotify.com/v1/audio-analysis/3xqc7cblJNqwwnEJt37xFy
0w9PcuILDOamr0pSTSEWJH,Remedy - Sigma Remix,40,0.34,0.181,0.928,https://api.spotify.com/v1/audio-analysis/0w9PcuILDOamr0pSTSEWJH
0RqTLrguedl5ek1VoowIT2,Stand By Me - Trstme Remix,35,0.512,0.291,0.725,https://api.spotify.com/v1/audio-analysis/0RqTLrguedl5ek1VoowIT2
2px8KFjWAgVfwz45N39MZ2,Where the Love Is,25,0.33,0.00179,0.902,https://api.spotify.com/v1/audio-analysis/2px8KFjWAgVfwz45N39MZ2
4z78eVQBoMHg1e4XGp4rMj,Do It To It - Sub Focus Remix,54,0.108,0.00704,0.977,https://api.spotify.com/v1/audio-analysis/4z78eVQBoMHg1e4XGp4rMj
4z78eVQBoMHg1e4XGp4rMj,Do It To It - Sub Focus Remix,54,0.108,0.00704,0.977,https://api.spotify.com/v1/audio-analysis/4z78eVQBoMHg1e4XGp4rMj
0X6v1ycFAe1ji9lRMJGCy5,DEEP (feat. Nonô),50,0.251,0.0685,0.806,https://api.spotify.com/v1/audio-analysis/0X6v1ycFAe1ji9lRMJGCy5
2dLU5EMUxumBWWdzDCL7Lc,Everything But You (feat. A7S) - Luude Remix,55,0.439,0.0814,0.785,https://api.spotify.com/v1/audio-analysis/2dLU5EMUxumBWWdzDCL7Lc
40w9Ww6zBhxQ7WZz2owEwX,Feel Alive,46,0.331,0.00467,0.992,https://api.spotify.com/v1/audio-analysis/40w9Ww6zBhxQ7WZz2owEwX
39mH77WsUcG5hAWBt1k1K4,Need To Feel Loved - Matrix Remix,41,0.473,0.00656,0.982,https://api.spotify.com/v1/audio-analysis/39mH77WsUcG5hAWBt1k1K4
4maOMwEZYIdR14tiRM716c,Love Me,13,0.361,0.209,0.672,https://api.spotify.com/v1/audio-analysis/4maOMwEZYIdR14tiRM716c
272Pe5QxPswPH6P1qLq05K,Hallucination - Luude Remix,42,0.694,0.158,0.888,https://api.spotify.com/v1/audio-analysis/272Pe5QxPswPH6P1qLq05K
0KuvjeKpXNK6fMPsnpJ0cm,Believer,44,0.189,0.0129,0.894,https://api.spotify.com/v1/audio-analysis/0KuvjeKpXNK6fMPsnpJ0cm
7LUCTj2jr9oCpUEkz57sNN,It's Time,42,0.277,0.00334,0.904,https://api.spotify.com/v1/audio-analysis/7LUCTj2jr9oCpUEkz57sNN
1ONBlCG5L7PQux8lfdKfQQ,Can't Get Enough - Vocal VIP,32,0.416,0.148,0.876,https://api.spotify.com/v1/audio-analysis/1ONBlCG5L7PQux8lfdKfQQ
17iRpY0jFNfSgoCXj5IscB,Skyline,37,0.276,0.000326,0.961,https://api.spotify.com/v1/audio-analysis/17iRpY0jFNfSgoCXj5IscB
4QtfQMm1QAEdunktcwmjFO,Wait For Me,0,0.224,0.0121,0.919,https://api.spotify.com/v1/audio-analysis/4QtfQMm1QAEdunktcwmjFO
21Wm6Hm4dkYb7NKUMr4T8G,Never Let You Down (feat. Penny Ivy),42,0.141,0.00793,0.966,https://api.spotify.com/v1/audio-analysis/21Wm6Hm4dkYb7NKUMr4T8G
2Tnt1ux4o63qXFR8G9kePT,Still Sleepless - Ekko & Sidetrack Remix,47,0.157,0.0399,0.921,https://api.spotify.com/v1/audio-analysis/2Tnt1ux4o63qXFR8G9kePT
3CEISRoXMto7hhkvYrqwMS,Rest Of My Life - Rollout Mix,14,0.278,0.00209,0.834,https://api.spotify.com/v1/audio-analysis/3CEISRoXMto7hhkvYrqwMS
1KLHdiX2pYgctTvzK6QApv,Afterlife,30,0.068,0.000693,0.923,https://api.spotify.com/v1/audio-analysis/1KLHdiX2pYgctTvzK6QApv
34ROgRs5lIInaRWzgGfWDC,Used to This - Extended Mix,32,0.366,0.0184,0.74,https://api.spotify.com/v1/audio-analysis/34ROgRs5lIInaRWzgGfWDC
31OGLSOWrnr6ufgKHq23Sl,Fire,49,0.197,0.000314,0.915,https://api.spotify.com/v1/audio-analysis/31OGLSOWrnr6ufgKHq23Sl
679TnTjA1ad756mFFq91ZK,Thinkin About,49,0.337,0.00829,0.681,https://api.spotify.com/v1/audio-analysis/679TnTjA1ad756mFFq91ZK
679TnTjA1ad756mFFq91ZK,Thinkin About,49,0.337,0.00829,0.681,https://api.spotify.com/v1/audio-analysis/679TnTjA1ad756mFFq91ZK
1J4EgK0zwGuLbZT9UBxtfn,Broken,52,0.327,0.0483,0.806,https://api.spotify.com/v1/audio-analysis/1J4EgK0zwGuLbZT9UBxtfn
3gkKsbLV1VEzvGEl5lEm4O,Don't Walk Away,27,0.126,0.000492,0.933,https://api.spotify.com/v1/audio-analysis/3gkKsbLV1VEzvGEl5lEm4O
5NOds8na1gzgwXlAo1eGoh,I Need To Feel,43,0.0385,0.00885,0.918,https://api.spotify.com/v1/audio-analysis/5NOds8na1gzgwXlAo1eGoh
2nQyEHecmmt0WE43mOsScr,Back To Me,53,0.0659,0.012,0.957,https://api.spotify.com/v1/audio-analysis/2nQyEHecmmt0WE43mOsScr
2mPeYGo1y7vwkz6vU5dVbI,All 4 U,47,0.145,0.00779,0.753,https://api.spotify.com/v1/audio-analysis/2mPeYGo1y7vwkz6vU5dVbI
4XnebBqDKtqS2bVMyabFWc,Ethereal,30,0.0756,0.00123,0.8,https://api.spotify.com/v1/audio-analysis/4XnebBqDKtqS2bVMyabFWc
5ZQtl3V5Uf7ech783YsQBZ,Paradox,19,0.0389,0.000836,0.823,https://api.spotify.com/v1/audio-analysis/5ZQtl3V5Uf7ech783YsQBZ
3ho2d1iFlzRwsCBQJ4QNGv,Where Do We Go (feat. Poppy Baskcomb),64,0.143,0.0106,0.933,https://api.spotify.com/v1/audio-analysis/3ho2d1iFlzRwsCBQJ4QNGv
2AbyjwPBJFfNu1RiTc4bkd,Looking For,33,0.788,0.0278,0.904,https://api.spotify.com/v1/audio-analysis/2AbyjwPBJFfNu1RiTc4bkd
2t3iFlsIkaoV7GmVC2ptuM,Vibration (One More Time) (feat. AR/CO),65,0.122,0.328,0.96,https://api.spotify.com/v1/audio-analysis/2t3iFlsIkaoV7GmVC2ptuM
0c6XBVz2evmzERhch4Diew,Oh My (feat. Moby),67,0.439,0.075,0.902,https://api.spotify.com/v1/audio-analysis/0c6XBVz2evmzERhch4Diew
3sydmz8kDi9vV15dlbjPoC,Like Roses,27,0.0346,0.00379,0.82,https://api.spotify.com/v1/audio-analysis/3sydmz8kDi9vV15dlbjPoC
5UvLQncwvEGiRLn0xEZw45,Off The Ground,62,0.0422,0.0296,0.791,https://api.spotify.com/v1/audio-analysis/5UvLQncwvEGiRLn0xEZw45
6gJi6sdIK1ODJGzRTPlMLU,Speak My Truth,43,0.651,0.0304,0.855,https://api.spotify.com/v1/audio-analysis/6gJi6sdIK1ODJGzRTPlMLU
5nCNItjhTUj7MqL3oFHmFc,Phoneline,63,0.227,0.031,0.894,https://api.spotify.com/v1/audio-analysis/5nCNItjhTUj7MqL3oFHmFc
3gw91o4at6nDzewF9Hxzs7,No Excuses,67,0.337,0.105,0.732,https://api.spotify.com/v1/audio-analysis/3gw91o4at6nDzewF9Hxzs7
4EOfaILIjnVSBIscACxmYp,Last Forever,23,0.101,0.066,0.795,https://api.spotify.com/v1/audio-analysis/4EOfaILIjnVSBIscACxmYp
5RobAV5ROH5KARimi7n3cO,messy in heaven,77,0.433,0.128,0.837,https://api.spotify.com/v1/audio-analysis/5RobAV5ROH5KARimi7n3cO
2yx33cf8wV4gCCVip2vKMo,Elemental,59,0.233,0.00246,0.963,https://api.spotify.com/v1/audio-analysis/2yx33cf8wV4gCCVip2vKMo
4NyAgJ1854B5xJKgJcU7DG,Feel The Love,25,0.273,0.0417,0.709,https://api.spotify.com/v1/audio-analysis/4NyAgJ1854B5xJKgJcU7DG
0VPtIe8j9wZMVTcYWURQGd,Sientelo,0,0.41,0.00308,0.934,https://api.spotify.com/v1/audio-analysis/0VPtIe8j9wZMVTcYWURQGd
1bKLxdg9QOkwcOy3PYv7Fk,Full Send,0,0.489,0.0363,0.956,https://api.spotify.com/v1/audio-analysis/1bKLxdg9QOkwcOy3PYv7Fk
5hEdQQ6VE2bc6ea730134r,Pompeii,37,0.223,0.138,0.798,https://api.spotify.com/v1/audio-analysis/5hEdQQ6VE2bc6ea730134r
15oT4PGAtcWflYCVUCtkug,Fingerprints,56,0.0393,0.0196,0.684,https://api.spotify.com/v1/audio-analysis/15oT4PGAtcWflYCVUCtkug
6IXJVJ5W109zQcQw2U0pUG,Stay The Night,25,0.327,0.00795,0.828,https://api.spotify.com/v1/audio-analysis/6IXJVJ5W109zQcQw2U0pUG
2WObGIQXhjveq6yuXvf6VQ,"Balling (feat. Songer, Mr Traumatik, Devilman & OneDa) - Edit",61,0.514,0.0569,0.741,https://api.spotify.com/v1/audio-analysis/2WObGIQXhjveq6yuXvf6VQ
1c2aEprxW446Ht7ni3ESqL,Gold,16,0.352,0.0134,0.923,https://api.spotify.com/v1/audio-analysis/1c2aEprxW446Ht7ni3ESqL
2PkJD0EZfKpODl8A2GXf4W,FEEL,0,0.424,0.0121,0.914,https://api.spotify.com/v1/audio-analysis/2PkJD0EZfKpODl8A2GXf4W
3yQ516QezlWKO2jbWNgZrA,Remedies - Vibe Chemistry Remix,48,0.0672,0.00188,0.772,https://api.spotify.com/v1/audio-analysis/3yQ516QezlWKO2jbWNgZrA
1QgebV92VO4Z7VxbQ1tSKo,Here For You,60,0.0402,0.175,0.78,https://api.spotify.com/v1/audio-analysis/1QgebV92VO4Z7VxbQ1tSKo
5cxskQNZLSxEkEhqdi5ad6,Better Than Gold,50,0.387,0.000163,0.969,https://api.spotify.com/v1/audio-analysis/5cxskQNZLSxEkEhqdi5ad6
18x3sUh6lgnd2Ss4xjfOF4,Memories - Original Mix,6,0.681,0.00154,0.906,https://api.spotify.com/v1/audio-analysis/18x3sUh6lgnd2Ss4xjfOF4
4CtHOVGGI0CXmow1DnhaVL,Immortal,55,0.252,0.00027,0.977,https://api.spotify.com/v1/audio-analysis/4CtHOVGGI0CXmow1DnhaVL
54Q384UbVZGrgxH02WEmlk,Against The Tide,57,0.254,0.0107,0.956,https://api.spotify.com/v1/audio-analysis/54Q384UbVZGrgxH02WEmlk
4Ow9QWuxBbjB29FnLka9dp,Before You - goddard. Remix,59,0.153,0.0216,0.757,https://api.spotify.com/v1/audio-analysis/4Ow9QWuxBbjB29FnLka9dp
4qsmy8E27gSrVvYQ5VTVKl,Madrid - Taylor Grader Remix,6,0.399,0.0013,0.88,https://api.spotify.com/v1/audio-analysis/4qsmy8E27gSrVvYQ5VTVKl
608TATD49stSCcojEMTwmX,Step It Up,44,0.502,0.00782,0.969,https://api.spotify.com/v1/audio-analysis/608TATD49stSCcojEMTwmX
3y8D6SlRDuQ8hM8bd0y7TG,More Than Anything (feat. Emeli Sandé) - CLIPZ - Joy & Pain Remix,36,0.867,0.0061,0.976,https://api.spotify.com/v1/audio-analysis/3y8D6SlRDuQ8hM8bd0y7TG
2W2vodjw341bqlgTNPx8mb,Baddest,59,0.448,0.137,0.739,https://api.spotify.com/v1/audio-analysis/2W2vodjw341bqlgTNPx8mb
3ZHw4fR70ep2fjqa14RcBi,Downers - Rework,59,0.149,0.183,0.874,https://api.spotify.com/v1/audio-analysis/3ZHw4fR70ep2fjqa14RcBi
0eEUuDn47hGSV9zbMYoYU7,REACT (feat. Ella Henderson) - Culture Shock Remix,45,0.127,0.0395,0.947,https://api.spotify.com/v1/audio-analysis/0eEUuDn47hGSV9zbMYoYU7
1dHW6MypbqYUzRXAItBQ07,Higher,63,0.763,0.041,0.994,https://api.spotify.com/v1/audio-analysis/1dHW6MypbqYUzRXAItBQ07
1pZgAJXBkonkd2PeMw7EyU,Miss You - Georgie Riot Remix,51,0.331,0.00819,0.964,https://api.spotify.com/v1/audio-analysis/1pZgAJXBkonkd2PeMw7EyU
7gXPSxySP2oh9RaQdfh32T,listen up - High Contrast Remix,46,0.664,0.0132,0.839,https://api.spotify.com/v1/audio-analysis/7gXPSxySP2oh9RaQdfh32T
4XMjQMXE9XiKG6r3Ms7snz,Perfect Sky,50,0.0349,0.00499,0.984,https://api.spotify.com/v1/audio-analysis/4XMjQMXE9XiKG6r3Ms7snz
7dBGS62vBW9i6Xxq7jSUy0,What I've Always Waited For - Flava D Remix,37,0.228,0.000448,0.882,https://api.spotify.com/v1/audio-analysis/7dBGS62vBW9i6Xxq7jSUy0
64EFUJbhplwsrM315SFMyv,Eastern Surprise,43,0.0358,0.00209,0.912,https://api.spotify.com/v1/audio-analysis/64EFUJbhplwsrM315SFMyv
0nkATAigYa0AvFFihj6cb1,Take Me Up,20,0.0565,0.0114,0.975,https://api.spotify.com/v1/audio-analysis/0nkATAigYa0AvFFihj6cb1
0LszuTLIa14PGJYSYmmJbh,Still Here,55,0.387,0.0195,0.903,https://api.spotify.com/v1/audio-analysis/0LszuTLIa14PGJYSYmmJbh
5KATLe2Fizt1tV0qdw3mwh,Waiting For You,55,0.679,0.0131,0.989,https://api.spotify.com/v1/audio-analysis/5KATLe2Fizt1tV0qdw3mwh
0RQuLXr0cWjAombfMjdvc3,Know What It Means,56,0.447,0.012,0.983,https://api.spotify.com/v1/audio-analysis/0RQuLXr0cWjAombfMjdvc3
2uovAuYolAkUZs7GOHfM6T,Crossroad,47,0.0385,0.000207,0.688,https://api.spotify.com/v1/audio-analysis/2uovAuYolAkUZs7GOHfM6T
2GlzL3MAoqg6sKFEC3tKFQ,Feel Like That,55,0.197,0.0414,0.714,https://api.spotify.com/v1/audio-analysis/2GlzL3MAoqg6sKFEC3tKFQ
2T3fASr8VAc8sCs9A31VUz,Take You Higher,43,0.0986,0.0208,0.96,https://api.spotify.com/v1/audio-analysis/2T3fASr8VAc8sCs9A31VUz
354Cv7huFJnlEdVAHvhH3Q,Stars On The Roof (feat. MoMo),62,0.357,0.0226,0.861,https://api.spotify.com/v1/audio-analysis/354Cv7huFJnlEdVAHvhH3Q
13Mgkz3Rk8t1XsMZ6JyIrG,Finesse Riddim,54,0.329,0.0627,0.848,https://api.spotify.com/v1/audio-analysis/13Mgkz3Rk8t1XsMZ6JyIrG
1Uk6kqbSTNFBqXACE4Vv6A,All U Gotta Do,58,0.465,0.00706,0.801,https://api.spotify.com/v1/audio-analysis/1Uk6kqbSTNFBqXACE4Vv6A
0X8D1aF2WJ88zYLqnftV8S,Breathe,51,0.0573,0.263,0.824,https://api.spotify.com/v1/audio-analysis/0X8D1aF2WJ88zYLqnftV8S
2L1aZnDDgVANTgIKGCI5co,Last Time,54,0.679,0.0107,0.991,https://api.spotify.com/v1/audio-analysis/2L1aZnDDgVANTgIKGCI5co
6pQmNVpzpfuaC3Tr375Ov3,Mixed Signals,58,0.096,0.00387,0.904,https://api.spotify.com/v1/audio-analysis/6pQmNVpzpfuaC3Tr375Ov3
0asLTNDnmEXN6h8VMZmY21,No Excuses - Hedex Remix,50,0.356,0.0139,0.986,https://api.spotify.com/v1/audio-analysis/0asLTNDnmEXN6h8VMZmY21
6lIl5VaoIh9NnG73KJtiAm,Now Wait,28,0.217,0.00209,0.939,https://api.spotify.com/v1/audio-analysis/6lIl5VaoIh9NnG73KJtiAm
3bDmXTnza1kblLGQrN5jvX,Lively (feat. Jaykae & Blair Muir) - Alcemist Remix,38,0.478,0.00393,0.85,https://api.spotify.com/v1/audio-analysis/3bDmXTnza1kblLGQrN5jvX
6Mh0Qj9BERcitj53uq8bhx,Skin,43,0.0411,0.00238,0.867,https://api.spotify.com/v1/audio-analysis/6Mh0Qj9BERcitj53uq8bhx
6EsnKHa5lVI409LXu3PkR6,Paradise,36,0.395,0.000419,0.843,https://api.spotify.com/v1/audio-analysis/6EsnKHa5lVI409LXu3PkR6
39tTbcfjAL000DxMUMJhO0,Like That (feat. Aleya Mae),50,0.276,0.000883,0.941,https://api.spotify.com/v1/audio-analysis/39tTbcfjAL000DxMUMJhO0
0hneE3CWTOFd9PC3qKfJcU,Conveniency,60,0.27,0.0715,0.758,https://api.spotify.com/v1/audio-analysis/0hneE3CWTOFd9PC3qKfJcU
3eBZOEzakLG48zsIKlOZYY,Launchpad,26,0.83,0.407,0.963,https://api.spotify.com/v1/audio-analysis/3eBZOEzakLG48zsIKlOZYY
0vN9DaL27w0EKhcgJBf7Bi,Infinite (Freedom),54,0.203,0.00657,0.955,https://api.spotify.com/v1/audio-analysis/0vN9DaL27w0EKhcgJBf7Bi
5Lsr7AauyHMlMNjQzWb0uH,Dying Light,50,0.249,0.000966,0.867,https://api.spotify.com/v1/audio-analysis/5Lsr7AauyHMlMNjQzWb0uH
2EK2hR0X1XYrPnfLCgCIXl,Come Around,45,0.285,0.0298,0.961,https://api.spotify.com/v1/audio-analysis/2EK2hR0X1XYrPnfLCgCIXl
3xHyg6aNGOQawpeKeI1rFK,Hands Up,28,0.343,0.00101,0.939,https://api.spotify.com/v1/audio-analysis/3xHyg6aNGOQawpeKeI1rFK
2Nad5qEns5mquszOfuBVgn,Impulsive,24,0.305,0.0012,0.933,https://api.spotify.com/v1/audio-analysis/2Nad5qEns5mquszOfuBVgn
1vtnJhymEYOqmJ3zYHOUnd,Staying Up Late Making Music,28,0.263,0.00499,0.833,https://api.spotify.com/v1/audio-analysis/1vtnJhymEYOqmJ3zYHOUnd
0q6ppTEMn4KiqpHJbutH4V,Mixed Emotions,54,0.0654,0.0148,0.815,https://api.spotify.com/v1/audio-analysis/0q6ppTEMn4KiqpHJbutH4V
6XCIwCmA4UtC2YObDv0851,On Your Mind,53,0.355,0.0144,0.965,https://api.spotify.com/v1/audio-analysis/6XCIwCmA4UtC2YObDv0851
6UNESFieJ7rXvEKO1V2Fw8,Bad To Me (feat. Grace Grundy),53,0.145,0.000619,0.931,https://api.spotify.com/v1/audio-analysis/6UNESFieJ7rXvEKO1V2Fw8
4FyVz5AFtAxIBfrW3usIcQ,Estate Of Mind,52,0.637,0.0234,0.903,https://api.spotify.com/v1/audio-analysis/4FyVz5AFtAxIBfrW3usIcQ
2Cg6f0J6nIK46GvOZSkQ8n,Silverlined,50,0.307,0.115,0.956,https://api.spotify.com/v1/audio-analysis/2Cg6f0J6nIK46GvOZSkQ8n
2LS7tCa3iB4V98M3mLLEvO,Last Bastion,45,0.155,0.000428,0.887,https://api.spotify.com/v1/audio-analysis/2LS7tCa3iB4V98M3mLLEvO
14j5aZwADD9r72ozawpRxF,Vows,42,0.159,0.00267,0.85,https://api.spotify.com/v1/audio-analysis/14j5aZwADD9r72ozawpRxF
5sQtaWx58i8FImkdp5VVQz,Twist Em VIP,40,0.413,0.00241,0.939,https://api.spotify.com/v1/audio-analysis/5sQtaWx58i8FImkdp5VVQz
7w8hOUvR20U6pdNa2dziHv,Alone,50,0.155,0.061,0.965,https://api.spotify.com/v1/audio-analysis/7w8hOUvR20U6pdNa2dziHv
5nhbj6BKDgXoqnqWw8XHp4,Division,52,0.182,0.000888,0.93,https://api.spotify.com/v1/audio-analysis/5nhbj6BKDgXoqnqWw8XHp4
1Lu843IJ47p0gF3Rj1zFUL,When It Rains (feat. BackRoad Gee),36,0.505,0.173,0.978,https://api.spotify.com/v1/audio-analysis/1Lu843IJ47p0gF3Rj1zFUL
3hQc4EyEiqIvkukqhHaRcw,"Oh Baby (feat. Bru-C, bshp & Issey Cross) - Mollie Collins Remix",17,0.883,0.0174,0.968,https://api.spotify.com/v1/audio-analysis/3hQc4EyEiqIvkukqhHaRcw
7Htz5Fmq12yhPOXsrTelxq,Breathe Out,18,0.0397,0.373,0.727,https://api.spotify.com/v1/audio-analysis/7Htz5Fmq12yhPOXsrTelxq
7JsjGhI4GFINzZTlbxLRfn,Movies,47,0.0349,0.02,0.752,https://api.spotify.com/v1/audio-analysis/7JsjGhI4GFINzZTlbxLRfn
5cRDn5aGMLvWsldoRmOOz0,Solar System,62,0.303,0.0355,0.942,https://api.spotify.com/v1/audio-analysis/5cRDn5aGMLvWsldoRmOOz0
5PuJ00qKGWqbGeeWbt8WJb,Heartbeat Loud,53,0.5,0.00174,0.961,https://api.spotify.com/v1/audio-analysis/5PuJ00qKGWqbGeeWbt8WJb
0rNuA5fTJDDvQ4oa421WM9,Polarity - VIP,48,0.0351,0.00754,0.956,https://api.spotify.com/v1/audio-analysis/0rNuA5fTJDDvQ4oa421WM9
2460FCYtdrrcTChzU7G7aT,Not Alone,49,0.183,0.00184,0.617,https://api.spotify.com/v1/audio-analysis/2460FCYtdrrcTChzU7G7aT
384PKoghB87eLJDMV3u3D6,Big City Life - Tropical Version,42,0.632,0.386,0.726,https://api.spotify.com/v1/audio-analysis/384PKoghB87eLJDMV3u3D6
6w9gee2RY5Ujj7QCLs5Dq2,Stand By Me,17,0.414,0.513,0.753,https://api.spotify.com/v1/audio-analysis/6w9gee2RY5Ujj7QCLs5Dq2
219qa1XAw8kHdVY4sHpoA5,Chemical Days,54,0.221,0.0123,0.834,https://api.spotify.com/v1/audio-analysis/219qa1XAw8kHdVY4sHpoA5
24oxm9zL3c78hH9EuJyJh9,Don't Wanna Know,54,0.372,0.233,0.579,https://api.spotify.com/v1/audio-analysis/24oxm9zL3c78hH9EuJyJh9
55AQHvuv5KtjehVJ6oHe4k,4 to the Floor (feat. Nikol Apatini),37,0.154,0.00379,0.894,https://api.spotify.com/v1/audio-analysis/55AQHvuv5KtjehVJ6oHe4k
09cgbbadzZSKFd1hGN23p5,Water,62,0.363,0.0087,0.822,https://api.spotify.com/v1/audio-analysis/09cgbbadzZSKFd1hGN23p5
6klB3i7WPg51WX78i3t9yQ,Hope,61,0.0823,0.19,0.53,https://api.spotify.com/v1/audio-analysis/6klB3i7WPg51WX78i3t9yQ
1sc1LUE0z2kiAFG7ZZlcDZ,Monsters (feat. 24kGoldn),57,0.717,0.0437,0.838,https://api.spotify.com/v1/audio-analysis/1sc1LUE0z2kiAFG7ZZlcDZ
6k330QxFV5VXZSDj5wTUNR,Turn The Lights Down Low (with R3HAB),52,0.143,0.00741,0.866,https://api.spotify.com/v1/audio-analysis/6k330QxFV5VXZSDj5wTUNR
3JuLu3PF1EyVBK2gI82Oxd,Afterlife,58,0.0562,0.449,0.682,https://api.spotify.com/v1/audio-analysis/3JuLu3PF1EyVBK2gI82Oxd
0xDXJKshFXRGTNCJcnj9rP,Keep You As A Memory,37,0.0736,0.0252,0.879,https://api.spotify.com/v1/audio-analysis/0xDXJKshFXRGTNCJcnj9rP
3RgjEXlZkztwxqZQBGteQo,Sky Is Crying (Kasbo Remix),43,0.205,0.0527,0.799,https://api.spotify.com/v1/audio-analysis/3RgjEXlZkztwxqZQBGteQo
78eRc7pu55jjkBIoFHNELy,Drive (feat. Wes Nelson),19,0.771,0.0624,0.571,https://api.spotify.com/v1/audio-analysis/78eRc7pu55jjkBIoFHNELy
0QK4cKWv02vVr4RystlKqh,What's Up?,47,0.387,0.0228,0.803,https://api.spotify.com/v1/audio-analysis/0QK4cKWv02vVr4RystlKqh
1yOVxsH0yux1Gqsjb78xq3,Heart to Heart,45,0.184,0.106,0.808,https://api.spotify.com/v1/audio-analysis/1yOVxsH0yux1Gqsjb78xq3
62VHZQQUBUUMyOhT8s6AtA,Good News,40,0.533,0.0719,0.852,https://api.spotify.com/v1/audio-analysis/62VHZQQUBUUMyOhT8s6AtA
3VXkVWZVY5WgpZ4F6QW9Ap,I Forget Where We Were - Radio Edit,19,0.436,0.192,0.636,https://api.spotify.com/v1/audio-analysis/3VXkVWZVY5WgpZ4F6QW9Ap
3jndxeT5u3nLk8xeInW6pa,Lasting Lover,28,0.483,0.197,0.786,https://api.spotify.com/v1/audio-analysis/3jndxeT5u3nLk8xeInW6pa
6o48Xu7MikGbAiXkLXwvgT,Cry For You,41,0.372,0.00721,0.862,https://api.spotify.com/v1/audio-analysis/6o48Xu7MikGbAiXkLXwvgT
0fMsovdyl9RYpT7pGimuDw,Unsteady - Lakechild Remix / Radio Edit,22,0.0956,0.00602,0.413,https://api.spotify.com/v1/audio-analysis/0fMsovdyl9RYpT7pGimuDw
7IDdYY593bboftBrFxlZ2C,Don't Look Back,28,0.145,0.035,0.834,https://api.spotify.com/v1/audio-analysis/7IDdYY593bboftBrFxlZ2C
0CNxWAkG4ysu9Z3eCfknWK,Rapture,43,0.543,0.16,0.632,https://api.spotify.com/v1/audio-analysis/0CNxWAkG4ysu9Z3eCfknWK
4DSR2cb7UzNxOk6JF8lSU6,Can't Feel My Face,51,0.119,0.552,0.7,https://api.spotify.com/v1/audio-analysis/4DSR2cb7UzNxOk6JF8lSU6
7EOn5jiKfGQQDFkeBmaLQy,Lost in You,16,0.214,0.0314,0.675,https://api.spotify.com/v1/audio-analysis/7EOn5jiKfGQQDFkeBmaLQy
4TDh2sMmrfbzx7kfW4CoQP,Remember These Days,60,0.173,0.543,0.596,https://api.spotify.com/v1/audio-analysis/4TDh2sMmrfbzx7kfW4CoQP
4oY1yEWzPUxXSF6EwYtllD,Alane - Don Diablo Remix,32,0.432,0.431,0.887,https://api.spotify.com/v1/audio-analysis/4oY1yEWzPUxXSF6EwYtllD
0w5FRaccBblbO78tRUoPx6,Big City Life,36,0.257,0.0207,0.61,https://api.spotify.com/v1/audio-analysis/0w5FRaccBblbO78tRUoPx6
44WVqgjPHPEoMvWVXKYuJh,I Took A Pill In Ibiza,17,0.0921,0.0422,0.768,https://api.spotify.com/v1/audio-analysis/44WVqgjPHPEoMvWVXKYuJh
0rVP92j5G5xsu7kgA6HWDy,Hymn for the Weekend,0,0.253,0.209,0.81,https://api.spotify.com/v1/audio-analysis/0rVP92j5G5xsu7kgA6HWDy
1AuTIFU9WV5372NlKBXAmG,Interlude,15,0.194,0.0266,0.923,https://api.spotify.com/v1/audio-analysis/1AuTIFU9WV5372NlKBXAmG
10APf4gHZ7oLusw6oBteLQ,Coastline (feat. Hollow Coves),53,0.474,0.265,0.817,https://api.spotify.com/v1/audio-analysis/10APf4gHZ7oLusw6oBteLQ
5AkBK4g1l43iG08PBIBjMi,Hold My Breath,0,0.146,0.336,0.442,https://api.spotify.com/v1/audio-analysis/5AkBK4g1l43iG08PBIBjMi
1QgqkS6iTcrW28rmVs0B79,Miracles,22,0.441,0.458,0.679,https://api.spotify.com/v1/audio-analysis/1QgqkS6iTcrW28rmVs0B79
0liukZEssm3BVTLh0Q0vbL,Move On,0,0.338,0.0796,0.861,https://api.spotify.com/v1/audio-analysis/0liukZEssm3BVTLh0Q0vbL
0Jb3Kq7oDqRznHPIcrQpiX,Fibonacci,49,0.065,0.0878,0.781,https://api.spotify.com/v1/audio-analysis/0Jb3Kq7oDqRznHPIcrQpiX
5g9EIVLc8vm5H47dpEXFfE,Summer Crush,0,0.171,0.0125,0.643,https://api.spotify.com/v1/audio-analysis/5g9EIVLc8vm5H47dpEXFfE
6YDCi9p5yW7szS6dgWyxgx,Don't You Worry Child,42,0.0392,0.0533,0.69,https://api.spotify.com/v1/audio-analysis/6YDCi9p5yW7szS6dgWyxgx
7i0XkYTTj0tz6ue5ha9cEQ,Perfect in a Way - Ben Böhmer Remix Edit,1,0.22,5.25e-05,0.714,https://api.spotify.com/v1/audio-analysis/7i0XkYTTj0tz6ue5ha9cEQ
2SlEXZvaZJxxrFT1v0BVUQ,Summer Nights - Tiësto’s Deep House Remix,0,0.41,0.0124,0.88,https://api.spotify.com/v1/audio-analysis/2SlEXZvaZJxxrFT1v0BVUQ
0WrLIwT7r2FLVrrxQCik4K,Maze,0,0.15,0.208,0.585,https://api.spotify.com/v1/audio-analysis/0WrLIwT7r2FLVrrxQCik4K
4qQTrBNvyTEv1mt0rSivUg,Summer on You,0,0.469,0.0601,0.641,https://api.spotify.com/v1/audio-analysis/4qQTrBNvyTEv1mt0rSivUg
13roqX9Iow1epU7pMOYmgI,Chillseekers,0,0.52,0.0874,0.751,https://api.spotify.com/v1/audio-analysis/13roqX9Iow1epU7pMOYmgI
5IiwHzIYP0HyiBf7onR3Sm,Sweet Melody - Radio Mix,20,0.291,0.117,0.832,https://api.spotify.com/v1/audio-analysis/5IiwHzIYP0HyiBf7onR3Sm
5wzjJvNV4DpDtT53KapSLH,Wicked Winds,49,0.234,0.228,0.634,https://api.spotify.com/v1/audio-analysis/5wzjJvNV4DpDtT53KapSLH
6mn4PI6FktlyEq1AEqPEXx,Tiny Cities,0,0.364,0.277,0.685,https://api.spotify.com/v1/audio-analysis/6mn4PI6FktlyEq1AEqPEXx
6TLUvU36Phy9kt6NxAWQuw,Faith (feat. Marlena Shaw),33,0.536,0.00278,0.69,https://api.spotify.com/v1/audio-analysis/6TLUvU36Phy9kt6NxAWQuw
4vSdzR1NwYqwTI21dXxC51,Corsair,27,0.208,0.000211,0.418,https://api.spotify.com/v1/audio-analysis/4vSdzR1NwYqwTI21dXxC51
0mtIQKs3F9vlofkBKP6bgx,Contact,29,0.861,0.0807,0.532,https://api.spotify.com/v1/audio-analysis/0mtIQKs3F9vlofkBKP6bgx
4kXxjtGPwSauUU4Mt2Mg3i,Haunted,1,0.0372,0.032,0.803,https://api.spotify.com/v1/audio-analysis/4kXxjtGPwSauUU4Mt2Mg3i
4cTtvsPzkmu8dMKIVwL8fi,Ready to Rave,26,0.132,0.00304,0.968,https://api.spotify.com/v1/audio-analysis/4cTtvsPzkmu8dMKIVwL8fi
3Lv3frZVXU7Q0JEFvLIzWW,Promises (with Sam Smith) - David Guetta Remix,56,0.225,0.186,0.697,https://api.spotify.com/v1/audio-analysis/3Lv3frZVXU7Q0JEFvLIzWW
5cNLc9PNhzbGC3DKZeWGSL,Pulverturm - Tiësto's Big Room Remix,45,0.621,0.00918,0.945,https://api.spotify.com/v1/audio-analysis/5cNLc9PNhzbGC3DKZeWGSL
6ISDodc2dFgbRXA97oC2iQ,Big Love To The Bass,16,0.562,0.0743,0.938,https://api.spotify.com/v1/audio-analysis/6ISDodc2dFgbRXA97oC2iQ
7r07PItvM8IJUi8cNnthhi,Blah Blah Blah - Brennan Heart & Toneshifterz Remix,22,0.157,0.0338,0.952,https://api.spotify.com/v1/audio-analysis/7r07PItvM8IJUi8cNnthhi
3XAy8Fc0eOnIHWzgZXAyA5,I'm Feeling It (In The Air) - Sunset Bros X Mark McCabe / Code Black Remix,45,0.0445,0.000148,0.827,https://api.spotify.com/v1/audio-analysis/3XAy8Fc0eOnIHWzgZXAyA5
6uHfIVcZBXYpXuqOXOWB2b,Psyhaus,44,0.159,0.00121,0.931,https://api.spotify.com/v1/audio-analysis/6uHfIVcZBXYpXuqOXOWB2b
3FgSGGjn8sIOXCkpXRm7QR,They Call Me,11,0.557,0.0259,0.784,https://api.spotify.com/v1/audio-analysis/3FgSGGjn8sIOXCkpXRm7QR
4QE7rcOeNErdz87pgSZ823,I Got You,32,0.374,0.114,0.832,https://api.spotify.com/v1/audio-analysis/4QE7rcOeNErdz87pgSZ823
75q0EUV88J6BFVDJ5fybko,Swag,22,0.657,0.00141,0.934,https://api.spotify.com/v1/audio-analysis/75q0EUV88J6BFVDJ5fybko
1stV66277oZEXpVilOxJu4,Magic,39,0.336,0.0905,0.939,https://api.spotify.com/v1/audio-analysis/1stV66277oZEXpVilOxJu4
4kZ4J8H8H4mQVCy36LMkdv,Lollipop,21,0.613,0.0572,0.916,https://api.spotify.com/v1/audio-analysis/4kZ4J8H8H4mQVCy36LMkdv
6gh1S7lJpnRwqB9XRRBJGY,Waste It On Me - W&W Remix,0,0.318,0.015,0.914,https://api.spotify.com/v1/audio-analysis/6gh1S7lJpnRwqB9XRRBJGY
1Vbi3VW07BwaMruQiUIQpL,I'm Heavy,22,0.553,0.00149,0.858,https://api.spotify.com/v1/audio-analysis/1Vbi3VW07BwaMruQiUIQpL
5YhRlB41Wng6ajvl8KIpfT,Zombie - Bassjackers Remix,42,0.0696,0.00463,0.883,https://api.spotify.com/v1/audio-analysis/5YhRlB41Wng6ajvl8KIpfT
6Tc2gdEdDhJplcQYuY717j,Booyah 2018 Remixes (feat. We Are Loud & Sonny Wilson) - TNT Aka Technoboy 'N' Tuneboy Remix,0,0.255,0.0279,0.882,https://api.spotify.com/v1/audio-analysis/6Tc2gdEdDhJplcQYuY717j
1ZhgWQGXexDS4lNMH7TiTe,Apache Anthem,22,0.692,0.00894,0.97,https://api.spotify.com/v1/audio-analysis/1ZhgWQGXexDS4lNMH7TiTe
0NBG8XHD1xri39FtzwVelX,ADHD,23,0.177,0.00158,0.817,https://api.spotify.com/v1/audio-analysis/0NBG8XHD1xri39FtzwVelX
6I8gVxB8KT0XyYKnVyarys,Being Alive,0,0.178,0.014,0.751,https://api.spotify.com/v1/audio-analysis/6I8gVxB8KT0XyYKnVyarys
43LZO9z9DmI585kXj0TIBM,100 (feat. Symphonic),43,0.0374,0.0129,0.966,https://api.spotify.com/v1/audio-analysis/43LZO9z9DmI585kXj0TIBM
4qIK8dPBwW5buRpoCohT9p,Sounds Good To Me,35,0.646,0.194,0.697,https://api.spotify.com/v1/audio-analysis/4qIK8dPBwW5buRpoCohT9p
792G6xxB0PLW31Q9gZHzxP,"The Best Part of Christmas - From ""Big City Greens""",20,0.579,0.572,0.633,https://api.spotify.com/v1/audio-analysis/792G6xxB0PLW31Q9gZHzxP
1PMVMK26EplMMVbG9lMeiE,Stuck at Home,40,0.633,0.435,0.661,https://api.spotify.com/v1/audio-analysis/1PMVMK26EplMMVbG9lMeiE
2SDzpeuPj8BB8HsZ8LVDUA,Thinking Is Hard,43,0.245,0.00609,0.653,https://api.spotify.com/v1/audio-analysis/2SDzpeuPj8BB8HsZ8LVDUA
7FdOvFUNwKAFEYCvXJjUIM,Sing My Song,34,0.594,0.829,0.368,https://api.spotify.com/v1/audio-analysis/7FdOvFUNwKAFEYCvXJjUIM
2pol8y9JgDHN8AmUspsXOG,Can't Never Give Up (My Pickup Truck),34,0.915,0.289,0.64,https://api.spotify.com/v1/audio-analysis/2pol8y9JgDHN8AmUspsXOG
33i2jcuFiMXuR1vw07qyjx,Back Off!,28,0.505,0.355,0.978,https://api.spotify.com/v1/audio-analysis/33i2jcuFiMXuR1vw07qyjx
6tGindAPMjKDAU9hQA1Yfx,Ask My Kazoo,34,0.963,0.459,0.756,https://api.spotify.com/v1/audio-analysis/6tGindAPMjKDAU9hQA1Yfx
49dK3c7cU9FC8xzwmLDgJk,Big City Greens Theme (From “Big City Greens”) [Acapella],0,0.711,0.108,0.718,https://api.spotify.com/v1/audio-analysis/49dK3c7cU9FC8xzwmLDgJk
04un6IUFmWy9c8NjM1uwth,"Big City Greens Theme Song (From ""Big City Greens"")",0,0.612,0.22,0.525,https://api.spotify.com/v1/audio-analysis/04un6IUFmWy9c8NjM1uwth
2OZZpID4LgZ0GGm8XB99e3,Don't Forget My Love,60,0.253,0.0241,0.872,https://api.spotify.com/v1/audio-analysis/2OZZpID4LgZ0GGm8XB99e3
3I10tZ5MgEMo4WryCNJkZQ,Won't Forget You (Edit),70,0.555,0.02,0.655,https://api.spotify.com/v1/audio-analysis/3I10tZ5MgEMo4WryCNJkZQ
0J07ya7WC09FaQADutoBRZ,Love Tonight (Robin Schulz Remix),67,0.225,0.0319,0.785,https://api.spotify.com/v1/audio-analysis/0J07ya7WC09FaQADutoBRZ
4YBkBEoHhLr5DTVF13zYw7,Danielle (smile on my face),21,0.349,0.00152,0.936,https://api.spotify.com/v1/audio-analysis/4YBkBEoHhLr5DTVF13zYw7
2aJDlirz6v2a4HREki98cP,Glue,73,0.42,0.0158,0.798,https://api.spotify.com/v1/audio-analysis/2aJDlirz6v2a4HREki98cP
1qm9MfTAoEixNPSqshHqfV,Toca (feat. Timmy Trumpet & KSHMR),34,0.185,0.00569,0.462,https://api.spotify.com/v1/audio-analysis/1qm9MfTAoEixNPSqshHqfV
1T4U8Q2DRfs6OUg8DEsRZf,Bad,60,0.666,0.406,0.738,https://api.spotify.com/v1/audio-analysis/1T4U8Q2DRfs6OUg8DEsRZf
6LW3Z1GqbL78TIjfDyg4zp,Afterglow,67,0.0398,0.0228,0.915,https://api.spotify.com/v1/audio-analysis/6LW3Z1GqbL78TIjfDyg4zp
6LW3Z1GqbL78TIjfDyg4zp,Afterglow,67,0.0398,0.0228,0.915,https://api.spotify.com/v1/audio-analysis/6LW3Z1GqbL78TIjfDyg4zp
6sjtHq6EueMR7otphregK5,Gemini (feat. George Maple),54,0.19,0.231,0.687,https://api.spotify.com/v1/audio-analysis/6sjtHq6EueMR7otphregK5
3B1Je3rlEac3p4ikYW13zw,Define,57,0.32,0.18,0.808,https://api.spotify.com/v1/audio-analysis/3B1Je3rlEac3p4ikYW13zw
1LIvdWNdKmHvU0FJvw2diN,Big City Life,73,0.298,0.0176,0.902,https://api.spotify.com/v1/audio-analysis/1LIvdWNdKmHvU0FJvw2diN
1LIvdWNdKmHvU0FJvw2diN,Big City Life,73,0.298,0.0176,0.902,https://api.spotify.com/v1/audio-analysis/1LIvdWNdKmHvU0FJvw2diN
1LIvdWNdKmHvU0FJvw2diN,Big City Life,73,0.298,0.0176,0.902,https://api.spotify.com/v1/audio-analysis/1LIvdWNdKmHvU0FJvw2diN
7AVyve7cFYTd51ha5i9kE2,Down Under (feat. Colin Hay),67,0.0386,0.012,0.861,https://api.spotify.com/v1/audio-analysis/7AVyve7cFYTd51ha5i9kE2
5Z8Dj3LtbyCMiwE86rhg2f,Marea (we’ve lost dancing),72,0.473,0.0681,0.781,https://api.spotify.com/v1/audio-analysis/5Z8Dj3LtbyCMiwE86rhg2f
3dow7u5Ike0PlBi9FHwd0p,As You Were (Original Mix),34,0.165,0.00939,0.716,https://api.spotify.com/v1/audio-analysis/3dow7u5Ike0PlBi9FHwd0p
3de3pLWU48fpTNlSuM6tyR,Adieu,0,0.325,0.0464,0.747,https://api.spotify.com/v1/audio-analysis/3de3pLWU48fpTNlSuM6tyR
6lYdV7rTtv3dVpQ89htlRU,Calabria - Firebeatz Remix,54,0.395,0.000732,0.879,https://api.spotify.com/v1/audio-analysis/6lYdV7rTtv3dVpQ89htlRU
1jTKIuhvCHygnnY4QnUvyv,Louder - Radio Edit,50,0.0999,0.000465,0.992,https://api.spotify.com/v1/audio-analysis/1jTKIuhvCHygnnY4QnUvyv
3ukWpmRHvpuDATCJkgLEkF,Virus (How About Now),50,0.0399,0.000762,0.86,https://api.spotify.com/v1/audio-analysis/3ukWpmRHvpuDATCJkgLEkF
3rgTS3933lMWoPiN6CW4qY,Kids (feat. MKLA),63,0.302,0.0107,0.866,https://api.spotify.com/v1/audio-analysis/3rgTS3933lMWoPiN6CW4qY
0v8OKUrqZGoEbgEUXScRSQ,Hear Me Tonight,60,0.355,0.0422,0.902,https://api.spotify.com/v1/audio-analysis/0v8OKUrqZGoEbgEUXScRSQ
64zUNPNYxusLnW21zSZ6ZR,Electric Elephants,0,0.254,0.00293,0.927,https://api.spotify.com/v1/audio-analysis/64zUNPNYxusLnW21zSZ6ZR
7cuRgdYlesmnGmVaZwhkda,Rave After Rave,51,0.468,0.00419,0.907,https://api.spotify.com/v1/audio-analysis/7cuRgdYlesmnGmVaZwhkda
3puJ4f4wzYC79XboCfvPWo,Won't Stop Rocking,0,0.177,0.0912,0.87,https://api.spotify.com/v1/audio-analysis/3puJ4f4wzYC79XboCfvPWo
1UTXQrmAL4oladIwc1PWSh,Metaphor,47,0.267,0.0213,0.951,https://api.spotify.com/v1/audio-analysis/1UTXQrmAL4oladIwc1PWSh
1XFHbzTikXks9CsMq4v8Q3,Not So Bad (feat. Emie),63,0.231,0.00903,0.674,https://api.spotify.com/v1/audio-analysis/1XFHbzTikXks9CsMq4v8Q3
4WgM2becr135oJ7DfVNaCd,Booty Bounce - Radio Edit,53,0.563,0.0295,0.981,https://api.spotify.com/v1/audio-analysis/4WgM2becr135oJ7DfVNaCd
1IKkETDWIYawx8zgRaQwPL,The Prophecy,0,0.0631,0.000841,0.896,https://api.spotify.com/v1/audio-analysis/1IKkETDWIYawx8zgRaQwPL
09pW7wXspkEkd8gjE93prk,Rockstar (feat. DV8),42,0.0375,0.000497,0.973,https://api.spotify.com/v1/audio-analysis/09pW7wXspkEkd8gjE93prk
6ryWXzeSbDX5cebOrgjMKL,"World, Hold On - FISHER Rework",59,0.892,0.006,0.883,https://api.spotify.com/v1/audio-analysis/6ryWXzeSbDX5cebOrgjMKL
315FZtt2TOcnmdfb4f3W9Z,Warriors - Radio Edit,9,0.307,0.13,0.81,https://api.spotify.com/v1/audio-analysis/315FZtt2TOcnmdfb4f3W9Z
7kjANxR8XN4hCzLaSc2roy,go - goddard. Remix,5,0.0473,0.222,0.689,https://api.spotify.com/v1/audio-analysis/7kjANxR8XN4hCzLaSc2roy
5M9jOReAKGZ2AttVefFjTY,Don't Look Down (feat. Usher),63,0.377,0.00406,0.831,https://api.spotify.com/v1/audio-analysis/5M9jOReAKGZ2AttVefFjTY
4qPnE8jBZN3wmgGxspsOcP,Boneless,0,0.643,0.00445,0.962,https://api.spotify.com/v1/audio-analysis/4qPnE8jBZN3wmgGxspsOcP
2mobDDzkskezluhIzhM7Sg,Way Back,66,0.544,0.0791,0.713,https://api.spotify.com/v1/audio-analysis/2mobDDzkskezluhIzhM7Sg
5yR26TumS74yhIOGhn8Hs8,Payback,50,0.339,0.046,0.827,https://api.spotify.com/v1/audio-analysis/5yR26TumS74yhIOGhn8Hs8
2WW3PfGHh0aA2xCAyK6X1J,Poison,48,0.062,0.00429,0.756,https://api.spotify.com/v1/audio-analysis/2WW3PfGHh0aA2xCAyK6X1J
2eotSKVADMMV6qaY15qDOd,Break Through The Silence - Radio Edit,46,0.153,0.00289,0.95,https://api.spotify.com/v1/audio-analysis/2eotSKVADMMV6qaY15qDOd
1Q4jb2UjtWUDUojHsB8mLY,Split (Only U),58,0.35,0.048,0.927,https://api.spotify.com/v1/audio-analysis/1Q4jb2UjtWUDUojHsB8mLY
7yJzk64ul9PFgVFUYbEzZL,Jungle Bae (feat. Bunji Garlin & MX Prime),48,0.558,0.0304,0.997,https://api.spotify.com/v1/audio-analysis/7yJzk64ul9PFgVFUYbEzZL
0AQlQOvoFhRJLPC1KwbKB7,Find Tomorrow (Ocarina) (feat. Wolfpack & Katy B) - Radio Edit,47,0.384,0.055,0.853,https://api.spotify.com/v1/audio-analysis/0AQlQOvoFhRJLPC1KwbKB7
46rZgRYU1H5Xnv0n75OGis,Deep Down Low,52,0.5,0.00371,0.896,https://api.spotify.com/v1/audio-analysis/46rZgRYU1H5Xnv0n75OGis
7rBpjxstrSsuOLqnuOC028,Numb,54,0.189,0.308,0.482,https://api.spotify.com/v1/audio-analysis/7rBpjxstrSsuOLqnuOC028
3usdTkRcpEDV27vpSUkvg6,Rio (feat. Digital Farm Animals),41,0.569,0.00268,0.891,https://api.spotify.com/v1/audio-analysis/3usdTkRcpEDV27vpSUkvg6
6Ua9Ylv2V1BXtjAaa3MPDs,Cool,0,0.501,0.0299,0.844,https://api.spotify.com/v1/audio-analysis/6Ua9Ylv2V1BXtjAaa3MPDs
7JuGl6cntiqvXVgXJFSggk,Midnight Sky,38,0.184,0.101,0.623,https://api.spotify.com/v1/audio-analysis/7JuGl6cntiqvXVgXJFSggk
7B0gxo0jQCy5Lk93RIODAC,Baianá,65,0.411,0.00198,0.89,https://api.spotify.com/v1/audio-analysis/7B0gxo0jQCy5Lk93RIODAC
0a2cA9H6KuOsoHLCnjl6YL,Ready To Fly - Sub Focus & Dimension,70,0.448,0.0485,0.969,https://api.spotify.com/v1/audio-analysis/0a2cA9H6KuOsoHLCnjl6YL
6D1v5PAr6RKuJ8VuaS5aIO,FLUTE,62,0.192,0.0402,0.863,https://api.spotify.com/v1/audio-analysis/6D1v5PAr6RKuJ8VuaS5aIO
6FgthnS6GYgLuELf7uRdDz,Move Your Body - Hedex Remix,59,0.404,0.158,0.894,https://api.spotify.com/v1/audio-analysis/6FgthnS6GYgLuELf7uRdDz
28f5cHOahtA3JhbIBt9q9Y,High Note,60,0.317,0.034,0.977,https://api.spotify.com/v1/audio-analysis/28f5cHOahtA3JhbIBt9q9Y
2gcgwomqMF4Z92EZAPv3Ic,Only You,61,0.15,0.0239,0.943,https://api.spotify.com/v1/audio-analysis/2gcgwomqMF4Z92EZAPv3Ic
63unyYevuPaPwfOmLLVBuq,Ocean Drive,46,0.848,0.139,0.735,https://api.spotify.com/v1/audio-analysis/63unyYevuPaPwfOmLLVBuq
014J7jX1wSv0manSdRnveo,Dancing On My Own - Tiësto Remix,0,0.114,0.0194,0.648,https://api.spotify.com/v1/audio-analysis/014J7jX1wSv0manSdRnveo
5MZtSCAvjvCoUbJ0a9ljum,Lady,58,0.145,0.132,0.766,https://api.spotify.com/v1/audio-analysis/5MZtSCAvjvCoUbJ0a9ljum
6IlL9Xlnm0Oq6wXSe6TH9v,Used To This,59,0.345,0.0314,0.756,https://api.spotify.com/v1/audio-analysis/6IlL9Xlnm0Oq6wXSe6TH9v
6IlL9Xlnm0Oq6wXSe6TH9v,Used To This,59,0.345,0.0314,0.756,https://api.spotify.com/v1/audio-analysis/6IlL9Xlnm0Oq6wXSe6TH9v
67X5z4XFBbRxjbfbIGP3Ii,Buss The Red,54,0.36,0.00869,0.786,https://api.spotify.com/v1/audio-analysis/67X5z4XFBbRxjbfbIGP3Ii
7qZ1IHo0SZSLF7bUlhYX5g,Get Get Down - Radio Edit,0,0.332,0.00724,0.933,https://api.spotify.com/v1/audio-analysis/7qZ1IHo0SZSLF7bUlhYX5g
7ev2lOXMdzyJ5qCXUnrRns,Can't Stop Playing (Makes Me High) - Oliver Heldens & Gregor Salto Vocal Mix Edit,0,0.75,0.0863,0.904,https://api.spotify.com/v1/audio-analysis/7ev2lOXMdzyJ5qCXUnrRns
5Yl8hDh0Lmtg0cURldz1lk,Satisfied - Radio Edit,0,0.462,0.0594,0.959,https://api.spotify.com/v1/audio-analysis/5Yl8hDh0Lmtg0cURldz1lk
6eE5LWw0DpIbTOdKwDUoE8,Secrets - Radio Edit,0,0.224,0.00127,0.81,https://api.spotify.com/v1/audio-analysis/6eE5LWw0DpIbTOdKwDUoE8
4Pt42ukjERWGtV5CM2tA9P,S.A.X.,0,0.376,0.0043,0.992,https://api.spotify.com/v1/audio-analysis/4Pt42ukjERWGtV5CM2tA9P
1OSVEfDshPTsr8LWHe7P9F,Ne Sekunde Sommer,0,0.722,0.328,0.885,https://api.spotify.com/v1/audio-analysis/1OSVEfDshPTsr8LWHe7P9F
4TuNI3WEMyLQAKRMJmcQdA,Narco,65,0.207,0.00784,0.943,https://api.spotify.com/v1/audio-analysis/4TuNI3WEMyLQAKRMJmcQdA
6CfbbEhPbEW7f1oMxfVYpm,Repeat After Me,41,0.179,0.00342,0.939,https://api.spotify.com/v1/audio-analysis/6CfbbEhPbEW7f1oMxfVYpm
3T5hvruyF3S3AwgTUoJVvm,Macha,27,0.121,0.000577,0.941,https://api.spotify.com/v1/audio-analysis/3T5hvruyF3S3AwgTUoJVvm
7aYZjL07UcAHU47UHUQ46T,Get Up,29,0.639,0.0132,0.973,https://api.spotify.com/v1/audio-analysis/7aYZjL07UcAHU47UHUQ46T
4ua0IepBEISCWwF8dTJvcU,Ghosts 'n' Stuff,55,0.517,3.97e-05,0.617,https://api.spotify.com/v1/audio-analysis/4ua0IepBEISCWwF8dTJvcU
7M5THIX4FKiNOTOpOHoXHL,The Power of Now,0,0.332,0.0261,0.956,https://api.spotify.com/v1/audio-analysis/7M5THIX4FKiNOTOpOHoXHL
0f8PWE8E1UB3HqREAkqoa5,Keep On Dancing,63,0.288,0.564,0.419,https://api.spotify.com/v1/audio-analysis/0f8PWE8E1UB3HqREAkqoa5
0fp6PDlnCkmdE0F3s0tfr6,Original Sin,59,0.455,0.165,0.727,https://api.spotify.com/v1/audio-analysis/0fp6PDlnCkmdE0F3s0tfr6
0pJT9XkLwjXnYBi84DTKeL,Through the Fire,57,0.0899,0.478,0.496,https://api.spotify.com/v1/audio-analysis/0pJT9XkLwjXnYBi84DTKeL
19BoXyNUZB8M9PgAyMHVRg,Tell Me,61,0.771,0.0871,0.824,https://api.spotify.com/v1/audio-analysis/19BoXyNUZB8M9PgAyMHVRg
2TLICM4QNi7BRg7Wa0kzdN,Tell Me,56,0.326,0.0197,0.737,https://api.spotify.com/v1/audio-analysis/2TLICM4QNi7BRg7Wa0kzdN
2rCeodRGSEE9N1iHCBVbG2,Down Under - feat. Colin Hay,64,0.0387,0.012,0.853,https://api.spotify.com/v1/audio-analysis/2rCeodRGSEE9N1iHCBVbG2
3lxUQ9Q9p2SiJU4FXSLUsr,Rush,58,0.124,0.0177,0.597,https://api.spotify.com/v1/audio-analysis/3lxUQ9Q9p2SiJU4FXSLUsr
4OgwXdylh75fHfwUzJTUqg,Rockstar,68,0.185,0.142,0.826,https://api.spotify.com/v1/audio-analysis/4OgwXdylh75fHfwUzJTUqg
4XeIiGpUBshIfs9yrBDVZC,The Last Goodbye (feat. Bettye LaVette),66,0.146,0.00752,0.92,https://api.spotify.com/v1/audio-analysis/4XeIiGpUBshIfs9yrBDVZC
6JIC3hbC28JZKZ8AlAqX8h,Cold Heart - PNAU Remix,80,0.934,0.0354,0.8,https://api.spotify.com/v1/audio-analysis/6JIC3hbC28JZKZ8AlAqX8h
75HBVc7kJLjC2LlPc4ScfH,Sleepless,70,0.186,0.372,0.595,https://api.spotify.com/v1/audio-analysis/75HBVc7kJLjC2LlPc4ScfH
6EsH66Uto1zwZlDGQ6RokU,Forbidden Voices,58,0.3,0.05,0.711,https://api.spotify.com/v1/audio-analysis/6EsH66Uto1zwZlDGQ6RokU
2P4OICZRVAQcYAV2JReRfj,Waiting For Love,81,0.613,0.31,0.736,https://api.spotify.com/v1/audio-analysis/2P4OICZRVAQcYAV2JReRfj
