track_uri,name,popularity,valence,acousticness,energy,analysis_url
4Y0TtDriFlN3XZoQx6PYsu,"Don't Give Up On Me - (From ""Five Feet Apart"")",0,0.0681,0.0875,0.537,https://api.spotify.com/v1/audio-analysis/4Y0TtDriFlN3XZoQx6PYsu
4zQuwW24dweWcaX0fEJkP2,You Know I'm No Good,63,0.734,0.0132,0.806,https://api.spotify.com/v1/audio-analysis/4zQuwW24dweWcaX0fEJkP2
7GqWnsKhMtEW0nzki5o0d8,Killer Queen - Remastered 2011,69,0.61,0.379,0.65,https://api.spotify.com/v1/audio-analysis/7GqWnsKhMtEW0nzki5o0d8
33bURv895AN4FkBvgFo2dx,Woman,70,0.379,0.0169,0.647,https://api.spotify.com/v1/audio-analysis/33bURv895AN4FkBvgFo2dx
6SQLk9HSNketfgs2AyIiMs,She,73,0.457,0.000532,0.521,https://api.spotify.com/v1/audio-analysis/6SQLk9HSNketfgs2AyIiMs
6SQLk9HSNketfgs2AyIiMs,She,73,0.457,0.000532,0.521,https://api.spotify.com/v1/audio-analysis/6SQLk9HSNketfgs2AyIiMs
1y3r6RXiJZNBV1EI0NggpS,Ultraviolence,73,0.0899,0.278,0.541,https://api.spotify.com/v1/audio-analysis/1y3r6RXiJZNBV1EI0NggpS
30FURVTCpbKyykjSEQzGkH,Back To Black,70,0.335,0.123,0.725,https://api.spotify.com/v1/audio-analysis/30FURVTCpbKyykjSEQzGkH
30FURVTCpbKyykjSEQzGkH,Back To Black,70,0.335,0.123,0.725,https://api.spotify.com/v1/audio-analysis/30FURVTCpbKyykjSEQzGkH
0CuQKW9YZZA3vcnfpKLCSj,Brooklyn Baby,57,0.0949,0.542,0.664,https://api.spotify.com/v1/audio-analysis/0CuQKW9YZZA3vcnfpKLCSj
11MyiSGZSYSmhhqwGUTtAq,Sad Girl,75,0.258,0.539,0.587,https://api.spotify.com/v1/audio-analysis/11MyiSGZSYSmhhqwGUTtAq
7LQKuOaqJrNgVIGLFnfvdn,Million Dollar Man,62,0.511,0.484,0.589,https://api.spotify.com/v1/audio-analysis/7LQKuOaqJrNgVIGLFnfvdn
44pBlSEASFjEdU3qEHhbFs,Romantic Lover,0,0.537,0.701,0.447,https://api.spotify.com/v1/audio-analysis/44pBlSEASFjEdU3qEHhbFs
34rRFl0bz9PocxWuO2ca5J,Music To Watch Boys To,66,0.134,0.713,0.494,https://api.spotify.com/v1/audio-analysis/34rRFl0bz9PocxWuO2ca5J
6PnluwP0fjGnpIBsqTdUTq,Pretty When You Cry,74,0.197,0.399,0.547,https://api.spotify.com/v1/audio-analysis/6PnluwP0fjGnpIBsqTdUTq
3pANfZVFdtuVnJsE6xa5Ox,Me and My Husband,75,0.77,0.0467,0.638,https://api.spotify.com/v1/audio-analysis/3pANfZVFdtuVnJsE6xa5Ox
3pANfZVFdtuVnJsE6xa5Ox,Me and My Husband,75,0.77,0.0467,0.638,https://api.spotify.com/v1/audio-analysis/3pANfZVFdtuVnJsE6xa5Ox
5XsAal7ZcWg1I5T4NcRjkv,Halley's Comet,73,0.0381,0.961,0.159,https://api.spotify.com/v1/audio-analysis/5XsAal7ZcWg1I5T4NcRjkv
6Nle9hKrkL1wQpwNfEkxjh,Chanel,76,0.473,0.874,0.503,https://api.spotify.com/v1/audio-analysis/6Nle9hKrkL1wQpwNfEkxjh
1mnQiO568zXIrUncttTZGp,Good Old-Fashioned Lover Boy - Remastered 2011,65,0.393,0.566,0.454,https://api.spotify.com/v1/audio-analysis/1mnQiO568zXIrUncttTZGp
3sslYZcFKtUvIEWN9lADgr,First Love/Late Spring,76,0.102,0.000825,0.543,https://api.spotify.com/v1/audio-analysis/3sslYZcFKtUvIEWN9lADgr
3sslYZcFKtUvIEWN9lADgr,First Love/Late Spring,76,0.102,0.000825,0.543,https://api.spotify.com/v1/audio-analysis/3sslYZcFKtUvIEWN9lADgr
3sslYZcFKtUvIEWN9lADgr,First Love/Late Spring,76,0.102,0.000825,0.543,https://api.spotify.com/v1/audio-analysis/3sslYZcFKtUvIEWN9lADgr
5URfZHMlUWTWxPvvSBWcPk,Beautiful Boy (Darling Boy) - Remastered 2010,70,0.435,0.733,0.469,https://api.spotify.com/v1/audio-analysis/5URfZHMlUWTWxPvvSBWcPk
5tyMJlMqaggzvuX7TtlrTe,Love song,70,0.288,0.966,0.0701,https://api.spotify.com/v1/audio-analysis/5tyMJlMqaggzvuX7TtlrTe
0iNZGC211wst3VjtobNnC5,Family Line,76,0.276,0.619,0.397,https://api.spotify.com/v1/audio-analysis/0iNZGC211wst3VjtobNnC5
60ynsPSSKe6O3sfwRnIBRf,Streets,81,0.189,0.21,0.463,https://api.spotify.com/v1/audio-analysis/60ynsPSSKe6O3sfwRnIBRf
6LOZws7T3jqZz78unPgFF9,Dead To Me,77,0.428,0.432,0.761,https://api.spotify.com/v1/audio-analysis/6LOZws7T3jqZz78unPgFF9
7iqQz931tn59mK6IZ3knRx,Dealer,73,0.381,0.318,0.59,https://api.spotify.com/v1/audio-analysis/7iqQz931tn59mK6IZ3knRx
39uLYYZytVUwcjgeYLI409,Merry-Go-Round of Life - from 'Howl's Moving Castle',67,0.185,0.876,0.287,https://api.spotify.com/v1/audio-analysis/39uLYYZytVUwcjgeYLI409
7y2zSnKSfz9CJtrihvkyJJ,Bigger Fish,36,0.401,0.691,0.313,https://api.spotify.com/v1/audio-analysis/7y2zSnKSfz9CJtrihvkyJJ
7FjIYiD53wxlQmzTT6Wdpf,space girl,66,0.196,0.332,0.395,https://api.spotify.com/v1/audio-analysis/7FjIYiD53wxlQmzTT6Wdpf
7FjIYiD53wxlQmzTT6Wdpf,space girl,66,0.196,0.332,0.395,https://api.spotify.com/v1/audio-analysis/7FjIYiD53wxlQmzTT6Wdpf
1lpLrlyweOShEKXT1bpcDd,Looking Out for You,0,0.937,0.0884,0.9,https://api.spotify.com/v1/audio-analysis/1lpLrlyweOShEKXT1bpcDd
7rC3P7tpWriaC4hYWKwGQd,Hey Lover!,70,0.523,0.00614,0.744,https://api.spotify.com/v1/audio-analysis/7rC3P7tpWriaC4hYWKwGQd
7rC3P7tpWriaC4hYWKwGQd,Hey Lover!,70,0.523,0.00614,0.744,https://api.spotify.com/v1/audio-analysis/7rC3P7tpWriaC4hYWKwGQd
7rC3P7tpWriaC4hYWKwGQd,Hey Lover!,70,0.523,0.00614,0.744,https://api.spotify.com/v1/audio-analysis/7rC3P7tpWriaC4hYWKwGQd
7rC3P7tpWriaC4hYWKwGQd,Hey Lover!,70,0.523,0.00614,0.744,https://api.spotify.com/v1/audio-analysis/7rC3P7tpWriaC4hYWKwGQd
57V4uc2b2diZ4RPHXWecb9,Like Real People Do,71,0.145,0.921,0.179,https://api.spotify.com/v1/audio-analysis/57V4uc2b2diZ4RPHXWecb9
6vFsBXYczYsP0H3lgunZOm,Cloud 9,75,0.902,0.00167,0.929,https://api.spotify.com/v1/audio-analysis/6vFsBXYczYsP0H3lgunZOm
6vFsBXYczYsP0H3lgunZOm,Cloud 9,75,0.902,0.00167,0.929,https://api.spotify.com/v1/audio-analysis/6vFsBXYczYsP0H3lgunZOm
3RIgHHpnFKj5Rni1shokDj,Norman fucking Rockwell,75,0.143,0.968,0.203,https://api.spotify.com/v1/audio-analysis/3RIgHHpnFKj5Rni1shokDj
6YRLMz4DOqNtGCvqGR2E0N,I CHOOSE YOU,50,0.474,0.282,0.713,https://api.spotify.com/v1/audio-analysis/6YRLMz4DOqNtGCvqGR2E0N
6TEiFwaiHERpdfG6WnGed1,New Flesh,0,0.698,0.887,0.594,https://api.spotify.com/v1/audio-analysis/6TEiFwaiHERpdfG6WnGed1
6TEiFwaiHERpdfG6WnGed1,New Flesh,0,0.698,0.887,0.594,https://api.spotify.com/v1/audio-analysis/6TEiFwaiHERpdfG6WnGed1
6ixkZ2Q9gQeh52C6GxbETg,Kids,9,0.904,0.508,0.66,https://api.spotify.com/v1/audio-analysis/6ixkZ2Q9gQeh52C6GxbETg
2fXwCWkh6YG5zU1IyvQrbs,Broken Clocks,79,0.406,0.131,0.684,https://api.spotify.com/v1/audio-analysis/2fXwCWkh6YG5zU1IyvQrbs
3XCveEutwTaDiekRkkfdp9,Liquid Smooth,72,0.124,0.838,0.342,https://api.spotify.com/v1/audio-analysis/3XCveEutwTaDiekRkkfdp9
0KmgJyW4GDgonqsoyx0CZ3,Astronomy,68,0.111,0.593,0.335,https://api.spotify.com/v1/audio-analysis/0KmgJyW4GDgonqsoyx0CZ3
5iFwAOB2TFkPJk8sMlxP8g,Make You Mine,75,0.638,0.0128,0.799,https://api.spotify.com/v1/audio-analysis/5iFwAOB2TFkPJk8sMlxP8g
3lAun9V0YdTlCSIEXPvfsY,La Vie en rose,60,0.338,0.981,0.278,https://api.spotify.com/v1/audio-analysis/3lAun9V0YdTlCSIEXPvfsY
02H1K5Cw9Ar89b35XwSEw6,My Heart Is Buried In Venice,64,0.145,0.441,0.413,https://api.spotify.com/v1/audio-analysis/02H1K5Cw9Ar89b35XwSEw6
7MbT4I8qGntX4fMdqMQgke,peace,66,0.339,0.918,0.272,https://api.spotify.com/v1/audio-analysis/7MbT4I8qGntX4fMdqMQgke
0eFQWVz0qIxDOvhLpZ40P7,the lakes - bonus track,66,0.268,0.842,0.258,https://api.spotify.com/v1/audio-analysis/0eFQWVz0qIxDOvhLpZ40P7
4x5YzxjrF9wvIIXJV7TveC,Till Forever Falls Apart,70,0.299,0.421,0.501,https://api.spotify.com/v1/audio-analysis/4x5YzxjrF9wvIIXJV7TveC
4B1rpPmQXwj78wk6aIGwwU,Two Ghosts,71,0.456,0.234,0.407,https://api.spotify.com/v1/audio-analysis/4B1rpPmQXwj78wk6aIGwwU
0wqOReZDnrefefEsrIGeR4,Hanging By A Moment,66,0.435,0.00118,0.864,https://api.spotify.com/v1/audio-analysis/0wqOReZDnrefefEsrIGeR4
7LF0YY1gON8rBECsyEs0Wb,Roll To Me,61,0.895,0.418,0.821,https://api.spotify.com/v1/audio-analysis/7LF0YY1gON8rBECsyEs0Wb
6Kkt27YmFyIFrcX3QXFi2o,Liability,72,0.379,0.92,0.229,https://api.spotify.com/v1/audio-analysis/6Kkt27YmFyIFrcX3QXFi2o
2GBjsCkCpR5w8Zri9aE49H,Interlude: I'm Not Angry Anymore,69,0.235,0.965,0.309,https://api.spotify.com/v1/audio-analysis/2GBjsCkCpR5w8Zri9aE49H
0So2sgVa8aJiARPl2P29u2,Pope Is a Rockstar,70,0.311,0.85,0.446,https://api.spotify.com/v1/audio-analysis/0So2sgVa8aJiARPl2P29u2
2FhWY5qi1omQgkjuIlEiiU,Skyscraper,45,0.188,0.148,0.581,https://api.spotify.com/v1/audio-analysis/2FhWY5qi1omQgkjuIlEiiU
30QNjcM3Q1GnLFIIJjWQL1,Places We Won't Walk,9,0.19,0.969,0.0859,https://api.spotify.com/v1/audio-analysis/30QNjcM3Q1GnLFIIJjWQL1
2P5yIMu2DNeMXTyOANKS6k,Nobody,76,0.487,0.07,0.717,https://api.spotify.com/v1/audio-analysis/2P5yIMu2DNeMXTyOANKS6k
2xCGBWfzTe8l2kvHpgvB6M,prom dress,69,0.421,0.698,0.674,https://api.spotify.com/v1/audio-analysis/2xCGBWfzTe8l2kvHpgvB6M
2xCGBWfzTe8l2kvHpgvB6M,prom dress,69,0.421,0.698,0.674,https://api.spotify.com/v1/audio-analysis/2xCGBWfzTe8l2kvHpgvB6M
3HlK8txWAdtKMrbsqX40pl,Freaking Out the Neighborhood,75,0.847,0.0638,0.832,https://api.spotify.com/v1/audio-analysis/3HlK8txWAdtKMrbsqX40pl
0RjG5JmdOWXAR68dGlKBA5,Hidden In the Sand,71,0.177,0.514,0.287,https://api.spotify.com/v1/audio-analysis/0RjG5JmdOWXAR68dGlKBA5
79pfMqEMRo8jzPGX7fyw0K,I Won't Let You Go,57,0.23,0.0531,0.732,https://api.spotify.com/v1/audio-analysis/79pfMqEMRo8jzPGX7fyw0K
7uoFMmxln0GPXQ0AcCBXRq,Snowman,77,0.326,0.483,0.512,https://api.spotify.com/v1/audio-analysis/7uoFMmxln0GPXQ0AcCBXRq
37BZB0z9T8Xu7U3e65qxFy,Save Your Tears (with Ariana Grande) (Remix),82,0.593,0.0215,0.825,https://api.spotify.com/v1/audio-analysis/37BZB0z9T8Xu7U3e65qxFy
3xtiXNDbSKxy20I7D6vFUg,"Soldier, Poet, King",78,0.484,0.031,0.758,https://api.spotify.com/v1/audio-analysis/3xtiXNDbSKxy20I7D6vFUg
6Ng999MKVY9ikd8FtGaNnz,Polaroid,50,0.258,0.514,0.603,https://api.spotify.com/v1/audio-analysis/6Ng999MKVY9ikd8FtGaNnz
4osgfFTICMkcGbbigdsa53,Novacane,79,0.37,0.0584,0.508,https://api.spotify.com/v1/audio-analysis/4osgfFTICMkcGbbigdsa53
12ILYlOEfWL8ei0BEgFJn0,N Side,73,0.894,0.0714,0.535,https://api.spotify.com/v1/audio-analysis/12ILYlOEfWL8ei0BEgFJn0
3GZD6HmiNUhxXYf8Gch723,Lost,83,0.497,0.0272,0.603,https://api.spotify.com/v1/audio-analysis/3GZD6HmiNUhxXYf8Gch723
1gcyHQpBQ1lfXGdhZmWrHP,champagne problems,68,0.32,0.92,0.24,https://api.spotify.com/v1/audio-analysis/1gcyHQpBQ1lfXGdhZmWrHP
7lxADouiWFkwR7ZV2GKUcH,Back To December,58,0.286,0.117,0.67,https://api.spotify.com/v1/audio-analysis/7lxADouiWFkwR7ZV2GKUcH
2dgFqt3w9xIQRjhPtwNk3D,Death By A Thousand Cuts,73,0.313,0.454,0.732,https://api.spotify.com/v1/audio-analysis/2dgFqt3w9xIQRjhPtwNk3D
4OAuvHryIVv4kMDNSLuPt6,Red (Taylor's Version),75,0.408,0.00108,0.777,https://api.spotify.com/v1/audio-analysis/4OAuvHryIVv4kMDNSLuPt6
77sMIMlNaSURUAXq5coCxE,Fearless (Taylor’s Version),72,0.43,0.0122,0.741,https://api.spotify.com/v1/audio-analysis/77sMIMlNaSURUAXq5coCxE
22bPsP2jCgbLUvh82U0Z3M,The Way I Loved You (Taylor’s Version),79,0.472,0.0033,0.732,https://api.spotify.com/v1/audio-analysis/22bPsP2jCgbLUvh82U0Z3M
2CYVETnhM9aytqrazYYwrK,Mr. Perfectly Fine (Taylor’s Version) (From The Vault),71,0.714,0.162,0.817,https://api.spotify.com/v1/audio-analysis/2CYVETnhM9aytqrazYYwrK
2I8YAEA1VmCuP1wkJHMpTw,mirrorball,66,0.347,0.686,0.417,https://api.spotify.com/v1/audio-analysis/2I8YAEA1VmCuP1wkJHMpTw
1fzAuUVbzlhZ1lJAx9PtY6,Daylight,74,0.265,0.808,0.496,https://api.spotify.com/v1/audio-analysis/1fzAuUVbzlhZ1lJAx9PtY6
1Ov37jtRQ2YNAe8HzfczkL,Wildest Dreams (Taylor's Version),81,0.498,0.0374,0.67,https://api.spotify.com/v1/audio-analysis/1Ov37jtRQ2YNAe8HzfczkL
6dn9ndETOjczUSQO5UhKJa,Who Says,52,0.725,0.0562,0.923,https://api.spotify.com/v1/audio-analysis/6dn9ndETOjczUSQO5UhKJa
6PGoSes0D9eUDeeAafB2As,LOVE. FEAT. ZACARI.,82,0.779,0.264,0.585,https://api.spotify.com/v1/audio-analysis/6PGoSes0D9eUDeeAafB2As
7ePFDzrnLt3Ynqgy2UFWri,"December, 1963 (Oh What a Night!)",60,0.964,0.058,0.588,https://api.spotify.com/v1/audio-analysis/7ePFDzrnLt3Ynqgy2UFWri
3t0J8vI9StQD8KIBkT2Cp5,Tired - Kygo Remix,55,0.342,0.026,0.74,https://api.spotify.com/v1/audio-analysis/3t0J8vI9StQD8KIBkT2Cp5
0Otf1ZfYNIjhqFIuJk0fsy,Tea for Two,50,0.525,0.991,0.452,https://api.spotify.com/v1/audio-analysis/0Otf1ZfYNIjhqFIuJk0fsy
3Z6cltU0OfbUdSZtZlzKPL,Dream Girl,69,0.583,0.372,0.239,https://api.spotify.com/v1/audio-analysis/3Z6cltU0OfbUdSZtZlzKPL
7sIx70dGj3VBiHWr0KZXfD,Blondie,73,0.866,0.622,0.626,https://api.spotify.com/v1/audio-analysis/7sIx70dGj3VBiHWr0KZXfD
20ZP3Om9DvDazXrNUC7WM2,"These Days (feat. Jess Glynne, Macklemore & Dan Caplen)",68,0.574,0.188,0.798,https://api.spotify.com/v1/audio-analysis/20ZP3Om9DvDazXrNUC7WM2
1FWoak0OgTq1jrYfRKfXsj,Loverboy,0,0.511,0.659,0.466,https://api.spotify.com/v1/audio-analysis/1FWoak0OgTq1jrYfRKfXsj
3DarAbFujv6eYNliUTyqtz,Kiss Me More (feat. SZA),80,0.781,0.259,0.705,https://api.spotify.com/v1/audio-analysis/3DarAbFujv6eYNliUTyqtz
2T5Ch09nefwckOu5NQvjIk,Carolina in My Mind,65,0.353,0.118,0.267,https://api.spotify.com/v1/audio-analysis/2T5Ch09nefwckOu5NQvjIk
225xvV8r1yKMHErSWivnow,"I Don't Want to Miss a Thing - From ""Armageddon"" Soundtrack",73,0.138,0.165,0.662,https://api.spotify.com/v1/audio-analysis/225xvV8r1yKMHErSWivnow
1wb4P4F0sxAQ2KXrRvsx6n,You're Still The One,77,0.634,0.363,0.494,https://api.spotify.com/v1/audio-analysis/1wb4P4F0sxAQ2KXrRvsx6n
24Gxm7Eh7tO83E26LG0CsY,Hero,61,0.146,0.143,0.651,https://api.spotify.com/v1/audio-analysis/24Gxm7Eh7tO83E26LG0CsY
4llK75pXNWZz6KAho2Gp16,She Will Be Loved - Radio Mix,78,0.465,0.228,0.663,https://api.spotify.com/v1/audio-analysis/4llK75pXNWZz6KAho2Gp16
5CalS8Gn69OOrR9aiw0ZO9,Honeybee,64,0.488,0.118,0.52,https://api.spotify.com/v1/audio-analysis/5CalS8Gn69OOrR9aiw0ZO9
15MJ5NThPjj6xhPcts8MiY,"Take My Breath Away - Love Theme from ""Top Gun""",72,0.547,0.0613,0.719,https://api.spotify.com/v1/audio-analysis/15MJ5NThPjj6xhPcts8MiY
1eNrlXlW7Cj1QB1YUcZmpb,Campus,62,0.645,0.22,0.704,https://api.spotify.com/v1/audio-analysis/1eNrlXlW7Cj1QB1YUcZmpb
1qrpoAMXodY6895hGKoUpA,You Belong With Me (Taylor’s Version),79,0.474,0.0623,0.773,https://api.spotify.com/v1/audio-analysis/1qrpoAMXodY6895hGKoUpA
1qrpoAMXodY6895hGKoUpA,You Belong With Me (Taylor’s Version),79,0.474,0.0623,0.773,https://api.spotify.com/v1/audio-analysis/1qrpoAMXodY6895hGKoUpA
5ZjV4yevHO1QhMw8AjyQbZ,Good Looking,5,0.266,0.0776,0.561,https://api.spotify.com/v1/audio-analysis/5ZjV4yevHO1QhMw8AjyQbZ
4rHfpAN2CK3H6eRWd7j7E0,Fear,66,0.506,0.701,0.447,https://api.spotify.com/v1/audio-analysis/4rHfpAN2CK3H6eRWd7j7E0
1jlCTXvGEQpPuumICdSKzw,"So This Is Love - From ""Cinderella""",58,0.222,0.883,0.101,https://api.spotify.com/v1/audio-analysis/1jlCTXvGEQpPuumICdSKzw
5mCPDVBb16L4XQwDdbRUpz,Passionfruit,82,0.364,0.256,0.463,https://api.spotify.com/v1/audio-analysis/5mCPDVBb16L4XQwDdbRUpz
6sxptembJVty4sNtcPMAVz,Man! I Feel Like A Woman!,76,0.674,0.581,0.639,https://api.spotify.com/v1/audio-analysis/6sxptembJVty4sNtcPMAVz
1Pq47iFLC5U7j8xeNiNcuS,It's My Party,61,0.961,0.368,0.501,https://api.spotify.com/v1/audio-analysis/1Pq47iFLC5U7j8xeNiNcuS
3hwQhakFwm9soLEBnSDH17,Venice Bitch,69,0.312,0.913,0.286,https://api.spotify.com/v1/audio-analysis/3hwQhakFwm9soLEBnSDH17
6JbioaahWqp3efRZWN001d,Bel Air,45,0.303,0.864,0.42,https://api.spotify.com/v1/audio-analysis/6JbioaahWqp3efRZWN001d
6e40mgJiCid5HRAGrbpGA6,I Want It That Way,67,0.484,0.216,0.702,https://api.spotify.com/v1/audio-analysis/6e40mgJiCid5HRAGrbpGA6
15DrrIod12Tc2IoMaHiwlQ,I Bet My Life,60,0.555,0.335,0.657,https://api.spotify.com/v1/audio-analysis/15DrrIod12Tc2IoMaHiwlQ
15DrrIod12Tc2IoMaHiwlQ,I Bet My Life,60,0.555,0.335,0.657,https://api.spotify.com/v1/audio-analysis/15DrrIod12Tc2IoMaHiwlQ
2TdDRjNiF1HuRvnclprnce,Grace Kelly,65,0.696,0.0268,0.824,https://api.spotify.com/v1/audio-analysis/2TdDRjNiF1HuRvnclprnce
6Tvzf3VEi16JMhAgOwdt2y,Birds,70,0.35,0.0146,0.517,https://api.spotify.com/v1/audio-analysis/6Tvzf3VEi16JMhAgOwdt2y
0laYHRpNTS6i8FXdupHkJ4,Love You Like A Love Song,81,0.922,0.0761,0.678,https://api.spotify.com/v1/audio-analysis/0laYHRpNTS6i8FXdupHkJ4
5G2c6FsfTzgYUzageCmfXY,One Thing,72,0.656,0.00233,0.718,https://api.spotify.com/v1/audio-analysis/5G2c6FsfTzgYUzageCmfXY
1PZDyestTVydtHpaIcfUJg,Chemtrails Over The Country Club,0,0.429,0.877,0.276,https://api.spotify.com/v1/audio-analysis/1PZDyestTVydtHpaIcfUJg
7g3htkaLz4ETFn0cifwM3y,High By The Beach,70,0.0968,0.244,0.486,https://api.spotify.com/v1/audio-analysis/7g3htkaLz4ETFn0cifwM3y
5q4BpnMrYEFzLO0dYODj6J,The Louvre,64,0.126,0.239,0.382,https://api.spotify.com/v1/audio-analysis/5q4BpnMrYEFzLO0dYODj6J
193Dm5SqYy3hTSbuzxbwKc,Writer In The Dark,66,0.279,0.73,0.271,https://api.spotify.com/v1/audio-analysis/193Dm5SqYy3hTSbuzxbwKc
7x46YkKAwp3yZpaa72n5Mu,Stubborn Love,66,0.262,0.604,0.544,https://api.spotify.com/v1/audio-analysis/7x46YkKAwp3yZpaa72n5Mu
6IGejZNdxjCsWQumaHD6LE,Bookstore Girl,52,0.241,0.852,0.159,https://api.spotify.com/v1/audio-analysis/6IGejZNdxjCsWQumaHD6LE
7B3z0ySL9Rr0XvZEAjWZzM,Sofia,78,0.641,0.598,0.619,https://api.spotify.com/v1/audio-analysis/7B3z0ySL9Rr0XvZEAjWZzM
7Aqe1jVFEl9QQzIaNM0825,Where Is Your Rider,0,0.441,0.312,0.472,https://api.spotify.com/v1/audio-analysis/7Aqe1jVFEl9QQzIaNM0825
7l8gHk3b9AwjC7gRhOqtP4,The Moss,56,0.441,0.687,0.51,https://api.spotify.com/v1/audio-analysis/7l8gHk3b9AwjC7gRhOqtP4
0WVAQaxrT0wsGEG4BCVSn2,Born To Be Yours,58,0.451,0.3,0.688,https://api.spotify.com/v1/audio-analysis/0WVAQaxrT0wsGEG4BCVSn2
6MDTpYxPFL0wtFd0pjfKws,Rhythm Of Love,62,0.726,0.356,0.542,https://api.spotify.com/v1/audio-analysis/6MDTpYxPFL0wtFd0pjfKws
5aRZk9oWIYUB5alrTs8TTV,From Eden,64,0.285,0.584,0.673,https://api.spotify.com/v1/audio-analysis/5aRZk9oWIYUB5alrTs8TTV
5aRZk9oWIYUB5alrTs8TTV,From Eden,64,0.285,0.584,0.673,https://api.spotify.com/v1/audio-analysis/5aRZk9oWIYUB5alrTs8TTV
3l2S2RkGG4lbh7WqmCV3NB,Ride,60,0.189,0.128,0.686,https://api.spotify.com/v1/audio-analysis/3l2S2RkGG4lbh7WqmCV3NB
2769RhOZs0ezRncRW1vryp,Till Forever Falls Apart,66,0.283,0.413,0.498,https://api.spotify.com/v1/audio-analysis/2769RhOZs0ezRncRW1vryp
7MtVPRGtZl6rPjMfLoI3Lh,Fuck it I love you,71,0.175,0.895,0.452,https://api.spotify.com/v1/audio-analysis/7MtVPRGtZl6rPjMfLoI3Lh
7w5AOd6HrDIHewHfpABEss,Wicked Game,77,0.359,0.68,0.296,https://api.spotify.com/v1/audio-analysis/7w5AOd6HrDIHewHfpABEss
5PjdC2gMATetx5xdnwGUu7,i wanna be your girlfriend,74,0.343,0.0215,0.382,https://api.spotify.com/v1/audio-analysis/5PjdC2gMATetx5xdnwGUu7
3TFoEJe5zNuHZStRboWPxg,People Watching,76,0.544,0.381,0.592,https://api.spotify.com/v1/audio-analysis/3TFoEJe5zNuHZStRboWPxg
4Uy3kNxW2kB8AEoXljEcth,"Familia (with Anuel Aa, feat. Bantu) - Spider-Man: Into the Spider-Verse",58,0.674,0.0166,0.881,https://api.spotify.com/v1/audio-analysis/4Uy3kNxW2kB8AEoXljEcth
6MpCaSIOfqBqbMED4kXgNY,Prom Queen,78,0.751,0.000391,0.797,https://api.spotify.com/v1/audio-analysis/6MpCaSIOfqBqbMED4kXgNY
77G0k1La0c5Dw8bAFANcyp,Sports,71,0.524,0.000653,0.877,https://api.spotify.com/v1/audio-analysis/77G0k1La0c5Dw8bAFANcyp
2CzUlaKN1mvb0szagSR3ux,Fuck The World (Summer in London),70,0.234,0.873,0.281,https://api.spotify.com/v1/audio-analysis/2CzUlaKN1mvb0szagSR3ux
4iya38ctQ1httyA6NOG9oW,Light My Love,70,0.484,0.1,0.778,https://api.spotify.com/v1/audio-analysis/4iya38ctQ1httyA6NOG9oW
0efT4YKQLQx2YHbp6vgRX8,Someone New,60,0.58,0.427,0.533,https://api.spotify.com/v1/audio-analysis/0efT4YKQLQx2YHbp6vgRX8
0efT4YKQLQx2YHbp6vgRX8,Someone New,60,0.58,0.427,0.533,https://api.spotify.com/v1/audio-analysis/0efT4YKQLQx2YHbp6vgRX8
5Apvsk0suoivI1H8CmBglv,Almost (Sweet Music),70,0.711,0.0215,0.687,https://api.spotify.com/v1/audio-analysis/5Apvsk0suoivI1H8CmBglv
5Apvsk0suoivI1H8CmBglv,Almost (Sweet Music),70,0.711,0.0215,0.687,https://api.spotify.com/v1/audio-analysis/5Apvsk0suoivI1H8CmBglv
2SCUYQiMHeWjoEca0XKxZW,Wait For Life,54,0.0756,0.954,0.469,https://api.spotify.com/v1/audio-analysis/2SCUYQiMHeWjoEca0XKxZW
3eGsNpXzcb1BDkfSJI54NY,Strawberry Blond,1,0.943,0.839,0.545,https://api.spotify.com/v1/audio-analysis/3eGsNpXzcb1BDkfSJI54NY
3eGsNpXzcb1BDkfSJI54NY,Strawberry Blond,1,0.943,0.839,0.545,https://api.spotify.com/v1/audio-analysis/3eGsNpXzcb1BDkfSJI54NY
5USsRaiqL1RNKRm1fTJ3JM,Bartender,61,0.494,0.924,0.102,https://api.spotify.com/v1/audio-analysis/5USsRaiqL1RNKRm1fTJ3JM
7oTE1KmtU2ml9zBhv9Reao,California,67,0.195,0.761,0.41,https://api.spotify.com/v1/audio-analysis/7oTE1KmtU2ml9zBhv9Reao
2245x0g1ft0HC7sf79zbYN,Lay All Your Love On Me,70,0.58,0.0187,0.701,https://api.spotify.com/v1/audio-analysis/2245x0g1ft0HC7sf79zbYN
5zqJlEJcn0EfnvAScH8swK,All You Need Is Love,52,0.7,0.281,0.483,https://api.spotify.com/v1/audio-analysis/5zqJlEJcn0EfnvAScH8swK
05oETzWbd4SI33qK2gbJfR,Rhiannon,72,0.795,0.111,0.49,https://api.spotify.com/v1/audio-analysis/05oETzWbd4SI33qK2gbJfR
0bfvHnWWOeU1U5XeKyVLbW,Can't Take My Eyes off You,69,0.561,0.508,0.78,https://api.spotify.com/v1/audio-analysis/0bfvHnWWOeU1U5XeKyVLbW
7M3HuQRRAm1QD4kftmq0bb,Amour plastique,66,0.245,0.765,0.354,https://api.spotify.com/v1/audio-analysis/7M3HuQRRAm1QD4kftmq0bb
3CeCwYWvdfXbZLXFhBrbnf,Love Story (Taylor’s Version),76,0.416,0.135,0.79,https://api.spotify.com/v1/audio-analysis/3CeCwYWvdfXbZLXFhBrbnf
3CeCwYWvdfXbZLXFhBrbnf,Love Story (Taylor’s Version),76,0.416,0.135,0.79,https://api.spotify.com/v1/audio-analysis/3CeCwYWvdfXbZLXFhBrbnf
3CeCwYWvdfXbZLXFhBrbnf,Love Story (Taylor’s Version),76,0.416,0.135,0.79,https://api.spotify.com/v1/audio-analysis/3CeCwYWvdfXbZLXFhBrbnf
5dONhl6aXFuN86UBdayF6W,Olivia,69,0.676,0.0438,0.681,https://api.spotify.com/v1/audio-analysis/5dONhl6aXFuN86UBdayF6W
1kqc6U8hVYZhY0gFGQclCz,girls,17,0.792,0.227,0.449,https://api.spotify.com/v1/audio-analysis/1kqc6U8hVYZhY0gFGQclCz
5xA5MggKc3aQxuOzNzPUWB,Apple Cider,65,0.679,0.082,0.921,https://api.spotify.com/v1/audio-analysis/5xA5MggKc3aQxuOzNzPUWB
7eQj6r5PIdYKEIZjucBMcq,Stay Stay Stay (Taylor's Version),66,0.663,0.0848,0.681,https://api.spotify.com/v1/audio-analysis/7eQj6r5PIdYKEIZjucBMcq
5bIgzvxvlefRUCQK9JPocF,Garden Song,67,0.169,0.856,0.274,https://api.spotify.com/v1/audio-analysis/5bIgzvxvlefRUCQK9JPocF
2QCndYqRherBtKjBpyySC6,Sober Up,0,0.805,0.282,0.568,https://api.spotify.com/v1/audio-analysis/2QCndYqRherBtKjBpyySC6
2Lhdl74nwwVGOE2Gv35QuK,Cupid's Chokehold / Breakfast in America,75,0.619,0.237,0.744,https://api.spotify.com/v1/audio-analysis/2Lhdl74nwwVGOE2Gv35QuK
32Gf5A7Hr8RdgggXG0Fdks,Have You Ever Really Loved A Woman?,69,0.358,0.536,0.478,https://api.spotify.com/v1/audio-analysis/32Gf5A7Hr8RdgggXG0Fdks
1f5RkzhoRnzCO6AzMhkhdY,Ces petits riens,59,0.618,0.771,0.392,https://api.spotify.com/v1/audio-analysis/1f5RkzhoRnzCO6AzMhkhdY
5I9sHwLDX28tLtzVgKLtpr,Everybody Loves Somebody,65,0.461,0.854,0.391,https://api.spotify.com/v1/audio-analysis/5I9sHwLDX28tLtzVgKLtpr
0zGLlXbHlrAyBN1x6sY0rb,A Sunday Kind Of Love,68,0.402,0.829,0.285,https://api.spotify.com/v1/audio-analysis/0zGLlXbHlrAyBN1x6sY0rb
4rfh0qEv1HdKRXWiRXfzWF,"It's Been a Long, Long Time",58,0.362,0.945,0.216,https://api.spotify.com/v1/audio-analysis/4rfh0qEv1HdKRXWiRXfzWF
0IwP4xY3wS0uiGxgqGXgIN,Chocolate,48,0.612,0.00054,0.938,https://api.spotify.com/v1/audio-analysis/0IwP4xY3wS0uiGxgqGXgIN
4BdGO1CaObRD4La9l5Zanz,Sit Next to Me,69,0.657,0.117,0.738,https://api.spotify.com/v1/audio-analysis/4BdGO1CaObRD4La9l5Zanz
1xWH8zYtDeS9mW1JJG23VZ,R.E.M,63,0.622,0.375,0.485,https://api.spotify.com/v1/audio-analysis/1xWH8zYtDeS9mW1JJG23VZ
70khXICDeTTxgYtw3EysKH,sweetener,64,0.46,0.248,0.459,https://api.spotify.com/v1/audio-analysis/70khXICDeTTxgYtw3EysKH
6AJlcxjEO2baFC24GPsJjg,"Holding Out for a Hero - From ""Footloose"" Soundtrack",0,0.873,0.0159,0.811,https://api.spotify.com/v1/audio-analysis/6AJlcxjEO2baFC24GPsJjg
3cU2wBxuV6nFiuf6PJZNlC,Dear Future Husband,75,0.832,0.375,0.782,https://api.spotify.com/v1/audio-analysis/3cU2wBxuV6nFiuf6PJZNlC
3ZFY623YwKzV6lWl5uwDk0,F.N.T.,17,0.582,0.000101,0.78,https://api.spotify.com/v1/audio-analysis/3ZFY623YwKzV6lWl5uwDk0
0HMjXBAZmSYOTTi33WpMso,History,73,0.802,0.0352,0.699,https://api.spotify.com/v1/audio-analysis/0HMjXBAZmSYOTTi33WpMso
3jiKUMXqwEodB7gVv1RMZU,After Last Night (with Thundercat & Bootsy Collins),74,0.647,0.0297,0.703,https://api.spotify.com/v1/audio-analysis/3jiKUMXqwEodB7gVv1RMZU
7oOOI85fVQvVnK5ynNMdW7,Rock with You - Single Version,75,0.848,0.179,0.535,https://api.spotify.com/v1/audio-analysis/7oOOI85fVQvVnK5ynNMdW7
6yjKlmm7vOszkXEUku1EM1,New York State of Mind,61,0.194,0.499,0.373,https://api.spotify.com/v1/audio-analysis/6yjKlmm7vOszkXEUku1EM1
7vGuf3Y35N4wmASOKLUVVU,Silence,80,0.286,0.256,0.761,https://api.spotify.com/v1/audio-analysis/7vGuf3Y35N4wmASOKLUVVU
1MSM3Fo2fvnwVqMcz8Jhjq,Cecilia And The Satellite,58,0.239,0.0131,0.844,https://api.spotify.com/v1/audio-analysis/1MSM3Fo2fvnwVqMcz8Jhjq
68BTFws92cRztMS1oQ7Ewj,All You Need Is Love - Remastered 2009,64,0.653,0.346,0.48,https://api.spotify.com/v1/audio-analysis/68BTFws92cRztMS1oQ7Ewj
4vsoWZcvtvSsE0OiVvDDvX,Harness Your Hopes - B-side,65,0.581,0.289,0.573,https://api.spotify.com/v1/audio-analysis/4vsoWZcvtvSsE0OiVvDDvX
4tG0cdbL7v4pQ8RWOqLDHx,When He Sees Me,62,0.424,0.508,0.464,https://api.spotify.com/v1/audio-analysis/4tG0cdbL7v4pQ8RWOqLDHx
4FjPJhlEIWB9QVKFTc78Nn,Cross My Mind,51,0.476,0.0848,0.747,https://api.spotify.com/v1/audio-analysis/4FjPJhlEIWB9QVKFTc78Nn
4nueWRW1yDz6P30pHUg9GC,Bye Bye Baby,41,0.661,0.276,0.659,https://api.spotify.com/v1/audio-analysis/4nueWRW1yDz6P30pHUg9GC
2Fw4gGClr8zVFZVwIRjyWK,Darling,53,0.202,0.18,0.55,https://api.spotify.com/v1/audio-analysis/2Fw4gGClr8zVFZVwIRjyWK
2Iq6HhIquO7JKr0KfTNLzU,My Type,67,0.567,0.0641,0.896,https://api.spotify.com/v1/audio-analysis/2Iq6HhIquO7JKr0KfTNLzU
5ooilrQAnOJbUjq7IDm8lY,Safe Inside,62,0.11,0.187,0.547,https://api.spotify.com/v1/audio-analysis/5ooilrQAnOJbUjq7IDm8lY
4pbG9SUmWIvsROVLF0zF9s,I Want To Hold Your Hand - Remastered 2015,72,0.866,0.386,0.715,https://api.spotify.com/v1/audio-analysis/4pbG9SUmWIvsROVLF0zF9s
16GUMo6u3D2qo9a19AkYct,Movin' Out (Anthony's Song),66,0.895,0.465,0.88,https://api.spotify.com/v1/audio-analysis/16GUMo6u3D2qo9a19AkYct
2TxCwUlqaOH3TIyJqGgR91,Mamma Mia,76,0.827,0.295,0.748,https://api.spotify.com/v1/audio-analysis/2TxCwUlqaOH3TIyJqGgR91
2w6JXokk0F8i241Y8C0Mn6,"Honey, Honey",64,0.757,0.309,0.804,https://api.spotify.com/v1/audio-analysis/2w6JXokk0F8i241Y8C0Mn6
5pDmunv6G71w7NSjOPXbYw,Every Little Thing She Does Is Magic - Remastered 2003,0,0.376,0.127,0.745,https://api.spotify.com/v1/audio-analysis/5pDmunv6G71w7NSjOPXbYw
4HbWgdhQcrV1PbCkzspTSF,Walkin' After Midnight,0,0.813,0.806,0.315,https://api.spotify.com/v1/audio-analysis/4HbWgdhQcrV1PbCkzspTSF
37Veo3TsREFZKvfZ0CaI4S,F**kin' Perfect,0,0.494,0.0391,0.648,https://api.spotify.com/v1/audio-analysis/37Veo3TsREFZKvfZ0CaI4S
74IgSPXYXx7v95NpCzGgsW,Share Your Address,52,0.714,0.209,0.829,https://api.spotify.com/v1/audio-analysis/74IgSPXYXx7v95NpCzGgsW
2nqio0SfWg6gh2eCtfuMa5,Fifteen (Taylor’s Version),67,0.289,0.116,0.646,https://api.spotify.com/v1/audio-analysis/2nqio0SfWg6gh2eCtfuMa5
4N60XfcTE1ysLZGbYgnYXq,Mean,56,0.789,0.452,0.761,https://api.spotify.com/v1/audio-analysis/4N60XfcTE1ysLZGbYgnYXq
3IhtE4fkytdrtEfV34UzkD,betty,64,0.476,0.589,0.376,https://api.spotify.com/v1/audio-analysis/3IhtE4fkytdrtEfV34UzkD
3IhtE4fkytdrtEfV34UzkD,betty,64,0.476,0.589,0.376,https://api.spotify.com/v1/audio-analysis/3IhtE4fkytdrtEfV34UzkD
7jQBORjiir0pNSKGaHevq9,Mambo No. 5 (A Little Bit of...),0,0.915,0.0972,0.831,https://api.spotify.com/v1/audio-analysis/7jQBORjiir0pNSKGaHevq9
6aBh6vT0UV14DneyyNorR2,Kiss Her You Fool,61,0.594,0.00873,0.716,https://api.spotify.com/v1/audio-analysis/6aBh6vT0UV14DneyyNorR2
1RidHM9BC4M8DpfSQ6YLJh,Up (feat. Demi Lovato),67,0.676,0.0146,0.831,https://api.spotify.com/v1/audio-analysis/1RidHM9BC4M8DpfSQ6YLJh
31VOknKjFrEX47bZXzqcoF,Next To Me,69,0.384,0.28,0.672,https://api.spotify.com/v1/audio-analysis/31VOknKjFrEX47bZXzqcoF
7DD7eSuYSC5xk2ArU62esN,Help! - Remastered 2009,70,0.763,0.188,0.725,https://api.spotify.com/v1/audio-analysis/7DD7eSuYSC5xk2ArU62esN
1z6WtY7X4HQJvzxC4UgkSf,Love On Top,74,0.651,0.0848,0.749,https://api.spotify.com/v1/audio-analysis/1z6WtY7X4HQJvzxC4UgkSf
7iSEz0IIVF5H4KLXIm99Vk,Angel,6,0.238,0.743,0.245,https://api.spotify.com/v1/audio-analysis/7iSEz0IIVF5H4KLXIm99Vk
7F8JbSCPBXm3IxMx2UMMhH,Eye of the Tiger,37,0.556,0.195,0.599,https://api.spotify.com/v1/audio-analysis/7F8JbSCPBXm3IxMx2UMMhH
29OBQBdkEWYaE3YxVAT8KL,Dynasty,12,0.304,0.256,0.594,https://api.spotify.com/v1/audio-analysis/29OBQBdkEWYaE3YxVAT8KL
35WN7C2LDXhQs3upedUIcQ,Syrup & Honey,0,0.227,0.94,0.241,https://api.spotify.com/v1/audio-analysis/35WN7C2LDXhQs3upedUIcQ
7u6DMPznGbpziuEgCE0JGQ,get well soon,58,0.528,0.657,0.449,https://api.spotify.com/v1/audio-analysis/7u6DMPznGbpziuEgCE0JGQ
265Anh9hGoozFigjUVLUeD,New Shoes,66,0.854,0.47,0.735,https://api.spotify.com/v1/audio-analysis/265Anh9hGoozFigjUVLUeD
7iBSkXB0pTvZasOLf0Qxk9,Autumn Leaves - Deluxe Edition,56,0.431,0.892,0.257,https://api.spotify.com/v1/audio-analysis/7iBSkXB0pTvZasOLf0Qxk9
4PMdq7Q7xOFrY424ZelZEb,Radio,60,0.196,0.188,0.857,https://api.spotify.com/v1/audio-analysis/4PMdq7Q7xOFrY424ZelZEb
1WThEmIxSyaqG6fVsyCmcL,Pancakes for Dinner,65,0.321,0.759,0.266,https://api.spotify.com/v1/audio-analysis/1WThEmIxSyaqG6fVsyCmcL
5EoYc5wvRYOtkudLfrjsL1,Bring It On Home to Me,63,0.609,0.631,0.532,https://api.spotify.com/v1/audio-analysis/5EoYc5wvRYOtkudLfrjsL1
4wPKUEm0EOoyUiFtI6mz1a,Lady by the Sea,60,0.519,0.284,0.503,https://api.spotify.com/v1/audio-analysis/4wPKUEm0EOoyUiFtI6mz1a
0RUGuh2uSNFJpGMSsD1F5C,It Will Rain,68,0.476,0.337,0.835,https://api.spotify.com/v1/audio-analysis/0RUGuh2uSNFJpGMSsD1F5C
6MN6yRVriszuyAVlyF8ndB,Coffee Cold,53,0.475,0.785,0.472,https://api.spotify.com/v1/audio-analysis/6MN6yRVriszuyAVlyF8ndB
2bOUrmH6OljKtXOLjvVEU8,Never Will I Marry,45,0.343,0.631,0.184,https://api.spotify.com/v1/audio-analysis/2bOUrmH6OljKtXOLjvVEU8
1wptnduBZppNvRHzR4SHI8,Get Happy,28,0.817,0.888,0.39,https://api.spotify.com/v1/audio-analysis/1wptnduBZppNvRHzR4SHI8
5BLr7EEgi2JdKbMbYjFXas,It's A Lovely Day Today,52,0.588,0.84,0.275,https://api.spotify.com/v1/audio-analysis/5BLr7EEgi2JdKbMbYjFXas
373yGkNo74RZgmQgTiR8xK,It's Only A Paper Moon,58,0.53,0.944,0.103,https://api.spotify.com/v1/audio-analysis/373yGkNo74RZgmQgTiR8xK
0wz1LjDb9ZNEYwOmDJ3Q4b,Surfin' U.S.A. - Remastered 2001,71,0.965,0.661,0.854,https://api.spotify.com/v1/audio-analysis/0wz1LjDb9ZNEYwOmDJ3Q4b
28jCwARf1gYfHtTHmJJNHQ,In a Week (feat. Karen Cowley),58,0.184,0.791,0.269,https://api.spotify.com/v1/audio-analysis/28jCwARf1gYfHtTHmJJNHQ
7BQWJDX9GGqq3D6ezggaqB,Sinking,52,0.555,0.586,0.338,https://api.spotify.com/v1/audio-analysis/7BQWJDX9GGqq3D6ezggaqB
7pO8ZYgR52OTF2xmEa22wM,"You, Dear",0,0.418,0.763,0.475,https://api.spotify.com/v1/audio-analysis/7pO8ZYgR52OTF2xmEa22wM
72Q3BQhu0w6A81ouAUp7UL,Raining in June,55,0.143,0.935,0.195,https://api.spotify.com/v1/audio-analysis/72Q3BQhu0w6A81ouAUp7UL
0H1OyEooZ5SzBYYdJEzxoy,If I Had You,56,0.793,0.0113,0.908,https://api.spotify.com/v1/audio-analysis/0H1OyEooZ5SzBYYdJEzxoy
2RqtfcLB7iOZj0zYB8Auhu,Jealous,66,0.38,0.013,0.701,https://api.spotify.com/v1/audio-analysis/2RqtfcLB7iOZj0zYB8Auhu
75Nlnd9AJ4CYrLXgWGsuTF,How Sweet It Is (To Be Loved By You) - 2019 Remaster,63,0.823,0.336,0.628,https://api.spotify.com/v1/audio-analysis/75Nlnd9AJ4CYrLXgWGsuTF
36AlMHDBFwSsD3FQOy1R81,Try a Little Tenderness,62,0.068,0.186,0.133,https://api.spotify.com/v1/audio-analysis/36AlMHDBFwSsD3FQOy1R81
0BAbtnMn0zW7ODOxq25VAm,Gone,29,0.418,0.054,0.892,https://api.spotify.com/v1/audio-analysis/0BAbtnMn0zW7ODOxq25VAm
7uEcCGtM1FBBGIhPozhJjv,Daydream Believer,70,0.649,0.256,0.488,https://api.spotify.com/v1/audio-analysis/7uEcCGtM1FBBGIhPozhJjv
6csX1JjmeoLhGqMBXGnZF0,Runaway,63,0.521,0.641,0.598,https://api.spotify.com/v1/audio-analysis/6csX1JjmeoLhGqMBXGnZF0
5JkTN6THtYH6bpOoHjOysc,Foundations,58,0.868,0.0886,0.904,https://api.spotify.com/v1/audio-analysis/5JkTN6THtYH6bpOoHjOysc
6L2uVVPJA9WcDc7zCZ4DHN,Love Me Like You,66,0.822,0.211,0.63,https://api.spotify.com/v1/audio-analysis/6L2uVVPJA9WcDc7zCZ4DHN
3Z39gbqdaGL3WJXBG0gcuE,Telepath,66,0.744,0.00298,0.819,https://api.spotify.com/v1/audio-analysis/3Z39gbqdaGL3WJXBG0gcuE
5zCunX8URvLoBHlg1Fnjv6,Already Gone,66,0.298,0.954,0.248,https://api.spotify.com/v1/audio-analysis/5zCunX8URvLoBHlg1Fnjv6
1ip2IGDWMrUmlaepEbWlL8,"Love Me Like You Do - From ""Fifty Shades Of Grey""",61,0.272,0.253,0.659,https://api.spotify.com/v1/audio-analysis/1ip2IGDWMrUmlaepEbWlL8
5OfgGVovaV6pd9kQZUSRP7,Chains,0,0.123,0.0141,0.597,https://api.spotify.com/v1/audio-analysis/5OfgGVovaV6pd9kQZUSRP7
43XkGHqf6EVCN1X2Opb20U,Face To Face,0,0.429,0.234,0.681,https://api.spotify.com/v1/audio-analysis/43XkGHqf6EVCN1X2Opb20U
2N9bw4i7YitdN2LDDhMmpe,Walk Me Home,53,0.432,0.0519,0.453,https://api.spotify.com/v1/audio-analysis/2N9bw4i7YitdN2LDDhMmpe
5L0L3RyON6g8avnI20uubN,"Fun, Fun, Fun (Mono)",57,0.97,0.195,0.796,https://api.spotify.com/v1/audio-analysis/5L0L3RyON6g8avnI20uubN
0mBL2JwjNYKtdFacHxvtJt,"I'm A Believer - From ""Shrek"" Motion Picture Soundtrack",56,0.933,0.0167,0.98,https://api.spotify.com/v1/audio-analysis/0mBL2JwjNYKtdFacHxvtJt
3Dy4REq8O09IlgiwuHQ3sk,Waterloo,73,0.653,0.395,0.949,https://api.spotify.com/v1/audio-analysis/3Dy4REq8O09IlgiwuHQ3sk
7yR5ZDif2glYMnFP73uRMm,Out Like a Light,59,0.359,0.17,0.458,https://api.spotify.com/v1/audio-analysis/7yR5ZDif2glYMnFP73uRMm
3ka3ODhzYjfignpmSB0Os7,Miami 2017 (Seen the Lights Go Out On Broadway),27,0.207,0.647,0.568,https://api.spotify.com/v1/audio-analysis/3ka3ODhzYjfignpmSB0Os7
3ZiuxcBeRanTjfHzVBuuQe,Would You Be So Kind,60,0.614,0.156,0.616,https://api.spotify.com/v1/audio-analysis/3ZiuxcBeRanTjfHzVBuuQe
1nd9moIZkGvWoHtReFqkRY,At Last - Single Version,0,0.241,0.701,0.29,https://api.spotify.com/v1/audio-analysis/1nd9moIZkGvWoHtReFqkRY
3pdZuM41fZDTmIRBWc1mPK,Unforgettable,0,0.178,0.92,0.182,https://api.spotify.com/v1/audio-analysis/3pdZuM41fZDTmIRBWc1mPK
4w3tQBXhn5345eUXDGBWZG,9 to 5,76,0.813,0.416,0.783,https://api.spotify.com/v1/audio-analysis/4w3tQBXhn5345eUXDGBWZG
5EOoMWIB9iK4ZpcSex9Ec7,Old Time Rock & Roll,73,0.964,0.206,0.937,https://api.spotify.com/v1/audio-analysis/5EOoMWIB9iK4ZpcSex9Ec7
4RNFD7JO1AttiI4D2Bp4JJ,Sympathique,0,0.744,0.758,0.346,https://api.spotify.com/v1/audio-analysis/4RNFD7JO1AttiI4D2Bp4JJ
5y8zb3grlQonjdqd27K39T,A Kiss To Build A Dream On - Single Version,61,0.36,0.779,0.0811,https://api.spotify.com/v1/audio-analysis/5y8zb3grlQonjdqd27K39T
3jJ9djWzDlQnqDd7vTZs9K,"Mon Soleil - from ""Emily in Paris"" Soundtrack",65,0.14,0.434,0.477,https://api.spotify.com/v1/audio-analysis/3jJ9djWzDlQnqDd7vTZs9K
45yEy5WJywhJ3sDI28ajTm,Here Comes The Sun - Remastered,0,0.394,0.0339,0.54,https://api.spotify.com/v1/audio-analysis/45yEy5WJywhJ3sDI28ajTm
2iAq1y8jEVOQM6OA8L0XtO,The Boys Are Back In Town,0,0.773,0.242,0.712,https://api.spotify.com/v1/audio-analysis/2iAq1y8jEVOQM6OA8L0XtO
7xcFTtcCiyRvqLLq8s61WF,You Never Can Tell,0,0.93,0.754,0.837,https://api.spotify.com/v1/audio-analysis/7xcFTtcCiyRvqLLq8s61WF
3TkMsJZVZkYSsGtwkXx6br,Pencil Full of Lead,59,0.833,0.324,0.767,https://api.spotify.com/v1/audio-analysis/3TkMsJZVZkYSsGtwkXx6br
6nRV46vbiHE5tTnS4VmKk7,Breakfast At Tiffany's,0,0.515,0.0971,0.79,https://api.spotify.com/v1/audio-analysis/6nRV46vbiHE5tTnS4VmKk7
1reVP49LT6RsV6kYY9lTZz,MMMBop,0,0.628,0.00513,0.948,https://api.spotify.com/v1/audio-analysis/1reVP49LT6RsV6kYY9lTZz
2aU7C93LGgn2OSpg7BzbGg,Mysterious Girl,0,0.803,0.111,0.84,https://api.spotify.com/v1/audio-analysis/2aU7C93LGgn2OSpg7BzbGg
2XLWTBfak53kmar1Xc0Fik,(I Can't Get No) Satisfaction,11,0.868,0.633,0.729,https://api.spotify.com/v1/audio-analysis/2XLWTBfak53kmar1Xc0Fik
1w2b6f5Cgwy8ZmKdHUBSiW,Teenage Dirtbag,0,0.608,0.336,0.853,https://api.spotify.com/v1/audio-analysis/1w2b6f5Cgwy8ZmKdHUBSiW
4TOYmUloyDslQIj0k3pXn3,Town Called Malice,0,0.79,0.00306,0.903,https://api.spotify.com/v1/audio-analysis/4TOYmUloyDslQIj0k3pXn3
0n5oSMrJ2EjP5qNkeApOuL,"Witchcraft - From The ""Fifty Shades Of Grey"" Soundtrack",45,0.42,0.677,0.43,https://api.spotify.com/v1/audio-analysis/0n5oSMrJ2EjP5qNkeApOuL
2gesnmmQtTco0LR2WgGzUR,When a Man Loves a Woman,0,0.254,0.174,0.365,https://api.spotify.com/v1/audio-analysis/2gesnmmQtTco0LR2WgGzUR
0lJEYLAJU5KtthQroas2ou,Rock DJ - 2004 Mix,46,0.869,0.0229,0.768,https://api.spotify.com/v1/audio-analysis/0lJEYLAJU5KtthQroas2ou
3CFTqjS6i0oXD8plZMhNOL,Shang-a-Lang,22,0.753,0.00693,0.795,https://api.spotify.com/v1/audio-analysis/3CFTqjS6i0oXD8plZMhNOL
6pnPvQkxi4QcYTKTsdaLma,Saturday Night,10,0.86,0.0617,0.861,https://api.spotify.com/v1/audio-analysis/6pnPvQkxi4QcYTKTsdaLma
3XY0oIVf2roUFIwkzjBgwt,I Only Wanna Be with You,49,0.951,0.35,0.908,https://api.spotify.com/v1/audio-analysis/3XY0oIVf2roUFIwkzjBgwt
2DX0WG5OGLQLaXb41Cq1IA,I Will Survive - Remastered,48,0.793,0.0346,0.631,https://api.spotify.com/v1/audio-analysis/2DX0WG5OGLQLaXb41Cq1IA
0v2hsNrpyNQftCSzJ7wgmk,Let's Face The Music And Dance - Remastered,0,0.792,0.758,0.46,https://api.spotify.com/v1/audio-analysis/0v2hsNrpyNQftCSzJ7wgmk
1CSLeVCXmetBh8IkTPMFdL,I'm a Believer,55,0.935,0.595,0.772,https://api.spotify.com/v1/audio-analysis/1CSLeVCXmetBh8IkTPMFdL
6A52KpVxZTV0yWeBh2kYwT,Ain't That A Kick In The Head,32,0.735,0.472,0.35,https://api.spotify.com/v1/audio-analysis/6A52KpVxZTV0yWeBh2kYwT
6Wiamk8BAAP50gAAJopsy2,Don't Get Me Wrong - 2007 Remaster,62,0.849,0.139,0.932,https://api.spotify.com/v1/audio-analysis/6Wiamk8BAAP50gAAJopsy2
3aq55sySXvcr9KbyjhTBzy,Come Fly With Me,0,0.459,0.826,0.444,https://api.spotify.com/v1/audio-analysis/3aq55sySXvcr9KbyjhTBzy
28p3b7gryOjhe5HAcNFWhJ,Reach - Original Version,0,0.771,0.0113,0.799,https://api.spotify.com/v1/audio-analysis/28p3b7gryOjhe5HAcNFWhJ
1CPCDaur2BxlCW0BVsf6rH,Summer Nights - From “Grease” Soundtrack,0,0.657,0.641,0.657,https://api.spotify.com/v1/audio-analysis/1CPCDaur2BxlCW0BVsf6rH
5963wXjdwzXdMAzGppww8I,You Never Can Tell - 1964 Single Version / Mono,0,0.886,0.703,0.704,https://api.spotify.com/v1/audio-analysis/5963wXjdwzXdMAzGppww8I
42dnOB8zrB5mNZYCJKxLVt,I Can't Help Myself,0,0.911,0.321,0.759,https://api.spotify.com/v1/audio-analysis/42dnOB8zrB5mNZYCJKxLVt
6ftH8Mtm6seGGTA8e4jooj,Keep On Running - Mono Version,0,0.943,0.289,0.567,https://api.spotify.com/v1/audio-analysis/6ftH8Mtm6seGGTA8e4jooj
1pj3RzpA5AoXkZln0NockI,"You're The One That I Want - From ""Grease"" Original Motion Picture Soundtrack",0,0.841,0.294,0.608,https://api.spotify.com/v1/audio-analysis/1pj3RzpA5AoXkZln0NockI
0t7WhYsl5seMz896jS113q,Greased Lightnin' - From “Grease” Soundtrack,0,0.938,0.133,0.86,https://api.spotify.com/v1/audio-analysis/0t7WhYsl5seMz896jS113q
3cGmUgp7hF5Eb8NyuEmtCA,Overture/And All That Jazz,50,0.703,0.381,0.597,https://api.spotify.com/v1/audio-analysis/3cGmUgp7hF5Eb8NyuEmtCA
7C6ir299MoDWqtuECZWh7Q,Heartbreak Hotel,0,0.644,0.889,0.205,https://api.spotify.com/v1/audio-analysis/7C6ir299MoDWqtuECZWh7Q
5k3U0OGYBccHdKJJu3HrUN,"Hakuna Matata - From ""The Lion King"" Soundtrack",69,0.725,0.617,0.313,https://api.spotify.com/v1/audio-analysis/5k3U0OGYBccHdKJJu3HrUN
1twTKld7jtVdbwk4ltBxj6,(You're The) Devil in Disguise,0,0.911,0.444,0.43,https://api.spotify.com/v1/audio-analysis/1twTKld7jtVdbwk4ltBxj6
0gUzbeEtJLUzmNwHwREjrF,The Galway Girl,0,0.854,0.242,0.947,https://api.spotify.com/v1/audio-analysis/0gUzbeEtJLUzmNwHwREjrF
0qH9o7AcN3VVo6PRUNEyfK,"Return To Me (From ""Return to Me"")",22,0.158,0.75,0.105,https://api.spotify.com/v1/audio-analysis/0qH9o7AcN3VVo6PRUNEyfK
1VU5UFUX4P2WHmAu9ZrFTq,"What If I Loved You (From ""Return to Me"")",26,0.531,0.475,0.296,https://api.spotify.com/v1/audio-analysis/1VU5UFUX4P2WHmAu9ZrFTq
6huNYfxyQ9NDI6qKZYpyuh,Saturday Night at the Movies,16,0.838,0.0189,0.823,https://api.spotify.com/v1/audio-analysis/6huNYfxyQ9NDI6qKZYpyuh
3zTvKhCuh44XlIFyi4G0Sp,Runaround Sue,35,0.676,0.201,0.7,https://api.spotify.com/v1/audio-analysis/3zTvKhCuh44XlIFyi4G0Sp
0hag9OBvMDPVc43ibdEL4A,Perfect,21,0.767,0.029,0.745,https://api.spotify.com/v1/audio-analysis/0hag9OBvMDPVc43ibdEL4A
7KnoXYjFTlCvyHfeYOfHBg,Reet Petite,22,0.898,0.0631,0.887,https://api.spotify.com/v1/audio-analysis/7KnoXYjFTlCvyHfeYOfHBg
1zdGSzFBBjrFBKftLesPeH,"Love Is All Around - From ""Four Weddings and a Funeral"" Original Motion Picture Soundtrack",0,0.596,0.255,0.673,https://api.spotify.com/v1/audio-analysis/1zdGSzFBBjrFBKftLesPeH
6T95TyjC66kCKscUKMNmO2,I Put a Spell on You,6,0.348,0.359,0.638,https://api.spotify.com/v1/audio-analysis/6T95TyjC66kCKscUKMNmO2
6YrJ3WO8GMztk1pJI2Hz5f,Story of My Life,5,0.276,0.275,0.551,https://api.spotify.com/v1/audio-analysis/6YrJ3WO8GMztk1pJI2Hz5f
6s79kBwD44fMpRl2F7o9pE,"Hold Me, Thrill Me, Kiss Me",0,0.509,0.848,0.314,https://api.spotify.com/v1/audio-analysis/6s79kBwD44fMpRl2F7o9pE
4QUwDYULQjsJp183iLi7Q9,You Belong To Me,32,0.118,0.73,0.277,https://api.spotify.com/v1/audio-analysis/4QUwDYULQjsJp183iLi7Q9
1libiVD1wqJguPltqBls8n,"It's Been A Long, Long Time",0,0.736,0.749,0.433,https://api.spotify.com/v1/audio-analysis/1libiVD1wqJguPltqBls8n
4X5zaUdlRhvBWYnyQIKmH8,Honeymoon,61,0.173,0.953,0.269,https://api.spotify.com/v1/audio-analysis/4X5zaUdlRhvBWYnyQIKmH8
3sYDVtqO35oRSOIMx7dOqR,Freak,67,0.109,0.269,0.43,https://api.spotify.com/v1/audio-analysis/3sYDVtqO35oRSOIMx7dOqR
01vuMD0IeeHeQTSUk0f7iK,Heat Lightning,57,0.255,0.682,0.268,https://api.spotify.com/v1/audio-analysis/01vuMD0IeeHeQTSUk0f7iK
44JxL1qNXXQYniZ5T3MUs9,Terrence Loves You,58,0.0898,0.975,0.25,https://api.spotify.com/v1/audio-analysis/44JxL1qNXXQYniZ5T3MUs9
7wfCiX59FY09gsKKFhYfxp,American,49,0.18,0.535,0.585,https://api.spotify.com/v1/audio-analysis/7wfCiX59FY09gsKKFhYfxp
6KJqZcs9XDgVck7Lg9QOTC,seven,69,0.415,0.9,0.488,https://api.spotify.com/v1/audio-analysis/6KJqZcs9XDgVck7Lg9QOTC
5RJot1fR8C90lLXzHtUqpo,Wild At Heart,58,0.27,0.947,0.206,https://api.spotify.com/v1/audio-analysis/5RJot1fR8C90lLXzHtUqpo
6ayKgleoMF26lvU1Z7wVm7,Cruel World,64,0.177,0.274,0.507,https://api.spotify.com/v1/audio-analysis/6ayKgleoMF26lvU1Z7wVm7
269xqcgGTN9PlivhUkOLhX,In My Feelings,68,0.309,0.0553,0.674,https://api.spotify.com/v1/audio-analysis/269xqcgGTN9PlivhUkOLhX
7vRfxLcDDwgYW2WTrtEgUV,The Next Best American Record,61,0.118,0.616,0.354,https://api.spotify.com/v1/audio-analysis/7vRfxLcDDwgYW2WTrtEgUV
5yrAkKml7mtzmPPbjB2qTC,Violets for Roses,63,0.14,0.922,0.21,https://api.spotify.com/v1/audio-analysis/5yrAkKml7mtzmPPbjB2qTC
67EUBsc4qosGOVbaYy6TeX,Boys Will Be Bugs,0,0.454,0.00387,0.528,https://api.spotify.com/v1/audio-analysis/67EUBsc4qosGOVbaYy6TeX
67EUBsc4qosGOVbaYy6TeX,Boys Will Be Bugs,0,0.454,0.00387,0.528,https://api.spotify.com/v1/audio-analysis/67EUBsc4qosGOVbaYy6TeX
7AoeZsOn7vyWUL6p8TEHf8,Gimme Love,49,0.0736,0.695,0.632,https://api.spotify.com/v1/audio-analysis/7AoeZsOn7vyWUL6p8TEHf8
74wfJneM5x7lO5xhC7FclH,Foolish Thing,33,0.797,0.18,0.659,https://api.spotify.com/v1/audio-analysis/74wfJneM5x7lO5xhC7FclH
110NFrhyUhxxRmMCTdzF2R,Portland,42,0.731,0.116,0.579,https://api.spotify.com/v1/audio-analysis/110NFrhyUhxxRmMCTdzF2R
1xzIv4LPe57Lgz3ELDOdBE,Ready Now,53,0.318,0.962,0.051,https://api.spotify.com/v1/audio-analysis/1xzIv4LPe57Lgz3ELDOdBE
2FhTvTUcbTRIxvNmdpjtbw,Burned Out,49,0.209,0.981,0.14,https://api.spotify.com/v1/audio-analysis/2FhTvTUcbTRIxvNmdpjtbw
3OGHNK0lC3mfZtp6ZBgzcs,California Nights,16,0.326,0.00119,0.709,https://api.spotify.com/v1/audio-analysis/3OGHNK0lC3mfZtp6ZBgzcs
2RcMeNWqc5AUKCrlzMVYcf,Little Women,42,0.565,0.972,0.299,https://api.spotify.com/v1/audio-analysis/2RcMeNWqc5AUKCrlzMVYcf
5I2rnqzPEwhZyuiELA0hB1,Jo Writes,39,0.0449,0.979,0.158,https://api.spotify.com/v1/audio-analysis/5I2rnqzPEwhZyuiELA0hB1
5JVlz4JCy3cv8pZB12sKJL,The Night We Met (feat. Phoebe Bridgers),55,0.12,0.974,0.362,https://api.spotify.com/v1/audio-analysis/5JVlz4JCy3cv8pZB12sKJL
5WZn6AJc3D8xM58UqPlco9,My Fault,42,0.519,0.113,0.814,https://api.spotify.com/v1/audio-analysis/5WZn6AJc3D8xM58UqPlco9
5uTWil2wtAhwOsVXFPlCiW,the man himself,24,0.627,0.0215,0.794,https://api.spotify.com/v1/audio-analysis/5uTWil2wtAhwOsVXFPlCiW
17PXXzOygMyXXUNLngVN5u,Sweet Baby James - 2019 Remaster,58,0.608,0.882,0.114,https://api.spotify.com/v1/audio-analysis/17PXXzOygMyXXUNLngVN5u
1BvJmtaXsqtH438BcDPeBb,Daniel,67,0.897,0.38,0.477,https://api.spotify.com/v1/audio-analysis/1BvJmtaXsqtH438BcDPeBb
2PMo0BYsGBY2TgHJ5Gm4oT,untitled,38,0.0966,0.938,0.237,https://api.spotify.com/v1/audio-analysis/2PMo0BYsGBY2TgHJ5Gm4oT
4Hvm9R3JYXBF8fcdi2F3oA,I Love You Too,48,0.145,0.939,0.0534,https://api.spotify.com/v1/audio-analysis/4Hvm9R3JYXBF8fcdi2F3oA
3LBdLmmd2P9yeNpsDHpFkh,It's A Good Day,38,0.817,0.779,0.197,https://api.spotify.com/v1/audio-analysis/3LBdLmmd2P9yeNpsDHpFkh
3GVyT9fBXuEkGs1STo2WHZ,Come On-A My House,37,0.961,0.826,0.633,https://api.spotify.com/v1/audio-analysis/3GVyT9fBXuEkGs1STo2WHZ
3iSws76HjaU7k49EqJVTfF,"Sugar, Sugar",63,0.967,0.466,0.871,https://api.spotify.com/v1/audio-analysis/3iSws76HjaU7k49EqJVTfF
5xqdfnqW6GijQLopbufMb5,Dance Me To The End Of Love,0,0.454,0.835,0.406,https://api.spotify.com/v1/audio-analysis/5xqdfnqW6GijQLopbufMb5
4c9g1LMBE6RMxmI9DcxlQw,Baby Workout,27,0.896,0.445,0.867,https://api.spotify.com/v1/audio-analysis/4c9g1LMBE6RMxmI9DcxlQw
1zW2csx1vVJrKfvDrFQNVt,Jump in the Line,63,0.8,0.768,0.889,https://api.spotify.com/v1/audio-analysis/1zW2csx1vVJrKfvDrFQNVt
6cvIJ1zOcshUv0yCtcphaG,La Foule,48,0.632,0.836,0.418,https://api.spotify.com/v1/audio-analysis/6cvIJ1zOcshUv0yCtcphaG
3yugx26lKhcasmvsWOCw2J,Bei Mir Bist Du Schön,16,0.837,0.715,0.531,https://api.spotify.com/v1/audio-analysis/3yugx26lKhcasmvsWOCw2J
05oSjoXe7R0PBuzNifL49W,Manhattan,43,0.415,0.867,0.278,https://api.spotify.com/v1/audio-analysis/05oSjoXe7R0PBuzNifL49W
29QksJV1n13inzZ2F6iNSP,Instead,44,0.507,0.884,0.295,https://api.spotify.com/v1/audio-analysis/29QksJV1n13inzZ2F6iNSP
4yfBGNMDSFV54qjC3sw0pS,Twistin' & Groovin',0,0.509,0.374,0.524,https://api.spotify.com/v1/audio-analysis/4yfBGNMDSFV54qjC3sw0pS
3Z2roouK8msGtMXAS7xWCJ,I Got a Woman (Single Version),26,0.654,0.8,0.407,https://api.spotify.com/v1/audio-analysis/3Z2roouK8msGtMXAS7xWCJ
1rqzqTgEvmckRmPkPUhwaS,Sous Le Ciel De Paris,0,0.524,0.738,0.239,https://api.spotify.com/v1/audio-analysis/1rqzqTgEvmckRmPkPUhwaS
45ou2UBThJA4WtFGIiYLI3,Gonna Get Over You,47,0.605,0.0199,0.799,https://api.spotify.com/v1/audio-analysis/45ou2UBThJA4WtFGIiYLI3
2Zw8XSF8vSPeDHUNCmjLgi,Rebel Rebel,0,0.297,0.913,0.258,https://api.spotify.com/v1/audio-analysis/2Zw8XSF8vSPeDHUNCmjLgi
6115ks6fGkf7KYRDAi8lNK,Almost Like Being In Love - Remastered,50,0.696,0.843,0.487,https://api.spotify.com/v1/audio-analysis/6115ks6fGkf7KYRDAi8lNK
2PQtBf6seNvtuZHysaOt8x,Don't Think Twice,0,0.636,0.795,0.717,https://api.spotify.com/v1/audio-analysis/2PQtBf6seNvtuZHysaOt8x
7iocNjLrxPHLl8njgRlv5U,Married Life,64,0.112,0.97,0.0675,https://api.spotify.com/v1/audio-analysis/7iocNjLrxPHLl8njgRlv5U
5h9Iek7Hp9wayRt7fBp7Ab,Extraordinary Machine,47,0.478,0.905,0.202,https://api.spotify.com/v1/audio-analysis/5h9Iek7Hp9wayRt7fBp7Ab
1GERVZcph8qx09OR7Wo1UV,It Don't Mean A Thing (If It Ain't Got That Swing),44,0.875,0.816,0.778,https://api.spotify.com/v1/audio-analysis/1GERVZcph8qx09OR7Wo1UV
0AWN35e76cvPxAUms8SojX,Sugar Town,50,0.62,0.664,0.382,https://api.spotify.com/v1/audio-analysis/0AWN35e76cvPxAUms8SojX
4gUDdUr5yK0JGlR49zSRVt,Sea Of Love,53,0.308,0.786,0.571,https://api.spotify.com/v1/audio-analysis/4gUDdUr5yK0JGlR49zSRVt
0OMNQyneWmmZtTQpULYJcl,It's Oh So Quiet,49,0.2,0.631,0.136,https://api.spotify.com/v1/audio-analysis/0OMNQyneWmmZtTQpULYJcl
53hNKAmjuKRlSTIqMNjAOz,"I Lost My Sugar In Salt Lake City - Live In Miami, FL/1959 / Remastered 2002",11,0.374,0.927,0.172,https://api.spotify.com/v1/audio-analysis/53hNKAmjuKRlSTIqMNjAOz
2kT7SlMrBUegTK5flSRoFy,Sway,25,0.844,0.779,0.434,https://api.spotify.com/v1/audio-analysis/2kT7SlMrBUegTK5flSRoFy
2vH02y2UxQKH9MCpFfILvD,Tweedle Dee,26,0.854,0.687,0.545,https://api.spotify.com/v1/audio-analysis/2vH02y2UxQKH9MCpFfILvD
1r0YmhJ6BxgItlDNzYRENK,Bones,35,0.501,0.625,0.468,https://api.spotify.com/v1/audio-analysis/1r0YmhJ6BxgItlDNzYRENK
29NRxWMbx6J6IOoE8BBl5F,Whatever Lola Wants - Gotan Project Remix,44,0.332,0.00355,0.506,https://api.spotify.com/v1/audio-analysis/29NRxWMbx6J6IOoE8BBl5F
3MC79TErHHp9FODo2ErBQ1,Django's Tiger,35,0.96,0.957,0.572,https://api.spotify.com/v1/audio-analysis/3MC79TErHHp9FODo2ErBQ1
2WLfXV86vCvoWshTYti3Xv,"Hello, Dolly! - Remastered",26,0.522,0.201,0.265,https://api.spotify.com/v1/audio-analysis/2WLfXV86vCvoWshTYti3Xv
2yHjH1u9ezBZUGUIlCXh7H,"Hallelujah, I Love Him So",31,0.654,0.435,0.215,https://api.spotify.com/v1/audio-analysis/2yHjH1u9ezBZUGUIlCXh7H
5r5uT8pHYF3SpymLNAotON,Sweet Georgia Brown,22,0.912,0.973,0.402,https://api.spotify.com/v1/audio-analysis/5r5uT8pHYF3SpymLNAotON
0W7tndAZoPf2Mk9EDkEjUL,Coconut Woman,36,0.901,0.815,0.524,https://api.spotify.com/v1/audio-analysis/0W7tndAZoPf2Mk9EDkEjUL
0CNVtDQIyZCuWoRRyE5rOZ,Give A Little Whistle - Stereo Version,28,0.63,0.884,0.2,https://api.spotify.com/v1/audio-analysis/0CNVtDQIyZCuWoRRyE5rOZ
6OPR4CTg2RlGSycxixl4fw,When You Grow Up,21,0.494,0.304,0.465,https://api.spotify.com/v1/audio-analysis/6OPR4CTg2RlGSycxixl4fw
5HiVagjTjqdvu3Ke2aqMc7,They,45,0.729,0.0237,0.817,https://api.spotify.com/v1/audio-analysis/5HiVagjTjqdvu3Ke2aqMc7
64wXoxgsQgC4PCKnqfK6f1,Love Is Strange,47,0.574,0.0866,0.499,https://api.spotify.com/v1/audio-analysis/64wXoxgsQgC4PCKnqfK6f1
4RvQSYyiyhdgQ4lJlVZZZa,"The Beat Goes On - Live At The Chez Club, Hollywood/1967",35,0.749,0.0843,0.772,https://api.spotify.com/v1/audio-analysis/4RvQSYyiyhdgQ4lJlVZZZa
6vcG9EgeqJUSmmF65lxUm6,One Fine Day,60,0.599,0.488,0.868,https://api.spotify.com/v1/audio-analysis/6vcG9EgeqJUSmmF65lxUm6
0BdkXcZUv8xgin2J8yNLe5,Oooh-Dahdily-Dah,21,0.939,0.765,0.812,https://api.spotify.com/v1/audio-analysis/0BdkXcZUv8xgin2J8yNLe5
4qqf1avpzRUnVowNQd1jFw,Zou bisou bisou,52,0.839,0.889,0.483,https://api.spotify.com/v1/audio-analysis/4qqf1avpzRUnVowNQd1jFw
1VAS5Li7vKNktauNupwLEk,Mon oncle,33,0.804,0.9,0.259,https://api.spotify.com/v1/audio-analysis/1VAS5Li7vKNktauNupwLEk
4JBtcz5a0WHBTfKXpg7P0e,Ac-Cent-Tchu-Ate the Positive,47,0.74,0.773,0.393,https://api.spotify.com/v1/audio-analysis/4JBtcz5a0WHBTfKXpg7P0e
2aKi1dptKClLCpjMwOgLBS,Cry to Me (Acoustic),40,0.686,0.721,0.283,https://api.spotify.com/v1/audio-analysis/2aKi1dptKClLCpjMwOgLBS
7G2jAmiYUDZKyk7npVrgX8,Sh-Boom,55,0.578,0.863,0.24,https://api.spotify.com/v1/audio-analysis/7G2jAmiYUDZKyk7npVrgX8
74r3wAAM1p2dm2btzfgHym,Cow Bells and Coffee Beans,21,0.854,0.877,0.65,https://api.spotify.com/v1/audio-analysis/74r3wAAM1p2dm2btzfgHym
29smitXJBJ4tXKxdHCn0HF,All That Meat And No Potatoes,25,0.613,0.542,0.409,https://api.spotify.com/v1/audio-analysis/29smitXJBJ4tXKxdHCn0HF
2ZxzsmJ093WPTBbsoCf6CN,Gravy (For My Mashed Potatoes),34,0.97,0.507,0.798,https://api.spotify.com/v1/audio-analysis/2ZxzsmJ093WPTBbsoCf6CN
4Lbv4hSII91sgTVjwXNXKh,Sugar,43,0.785,0.0858,0.911,https://api.spotify.com/v1/audio-analysis/4Lbv4hSII91sgTVjwXNXKh
5y4uty9N75c9nqDU8MBurZ,Buttered Popcorn,15,0.967,0.479,0.732,https://api.spotify.com/v1/audio-analysis/5y4uty9N75c9nqDU8MBurZ
2C7A6Q8Im35rnZaOdt5jr8,One Mint Julep - 2007 Remaster,43,0.774,0.755,0.239,https://api.spotify.com/v1/audio-analysis/2C7A6Q8Im35rnZaOdt5jr8
37VyQSRetTaSseBAezU2rg,"Bonjour, Paris",12,0.823,0.801,0.395,https://api.spotify.com/v1/audio-analysis/37VyQSRetTaSseBAezU2rg
0DICNd5XQ1og9UeYzxoNFV,"Baby, You’ve Got What It Takes",57,0.813,0.852,0.596,https://api.spotify.com/v1/audio-analysis/0DICNd5XQ1og9UeYzxoNFV
6MnyLuYZIn81jPtVtGVrTL,Let's Get High,32,0.717,0.853,0.712,https://api.spotify.com/v1/audio-analysis/6MnyLuYZIn81jPtVtGVrTL
6qT5IbJOEeQe6Y7pSxaSVu,Last Call (For Alcohol),19,0.909,0.585,0.479,https://api.spotify.com/v1/audio-analysis/6qT5IbJOEeQe6Y7pSxaSVu
4wzpjdpEo5OJWDk8v23UTf,Bei mir,36,0.313,0.0693,0.705,https://api.spotify.com/v1/audio-analysis/4wzpjdpEo5OJWDk8v23UTf
5RsKelNxucrDxgMbZ3vd3W,Young & Alive,13,0.495,0.326,0.563,https://api.spotify.com/v1/audio-analysis/5RsKelNxucrDxgMbZ3vd3W
7tf64lNC31lWlTsih0nfZf,Good Vibrations,49,0.325,0.332,0.424,https://api.spotify.com/v1/audio-analysis/7tf64lNC31lWlTsih0nfZf
2zwmugV2IbUwKq5JgOWEpv,Mary Jane (All Night Long),62,0.846,0.125,0.298,https://api.spotify.com/v1/audio-analysis/2zwmugV2IbUwKq5JgOWEpv
3lB0GMiI5KxDbTOG8V3bOx,waves - Tame Impala Remix,65,0.543,0.308,0.894,https://api.spotify.com/v1/audio-analysis/3lB0GMiI5KxDbTOG8V3bOx
3NbTQ8ZbHU6MSEVUFAVCJ9,better off,63,0.0549,0.216,0.524,https://api.spotify.com/v1/audio-analysis/3NbTQ8ZbHU6MSEVUFAVCJ9
6m5PC6kWeViHShuiTupKjK,Drake,18,0.773,0.66,0.448,https://api.spotify.com/v1/audio-analysis/6m5PC6kWeViHShuiTupKjK
6sRmaXQZo0EK2woVn2COxM,Effortlessly,48,0.267,0.584,0.567,https://api.spotify.com/v1/audio-analysis/6sRmaXQZo0EK2woVn2COxM
0qTeYzqoW8qHv4ioYM66XD,Flowers & Superpowers,40,0.67,0.512,0.742,https://api.spotify.com/v1/audio-analysis/0qTeYzqoW8qHv4ioYM66XD
2ofOe2OaXFpZF5ETbsc7Qu,Honeymoon Avenue,54,0.449,0.218,0.608,https://api.spotify.com/v1/audio-analysis/2ofOe2OaXFpZF5ETbsc7Qu
2wFw6mZzzABL9gktquq7I5,Rastaman Live Up,54,0.7,0.181,0.33,https://api.spotify.com/v1/audio-analysis/2wFw6mZzzABL9gktquq7I5
2IRH2r95UDqvlrrMOgOXjU,Teenager in Love,4,0.578,0.301,0.579,https://api.spotify.com/v1/audio-analysis/2IRH2r95UDqvlrrMOgOXjU
6iOhd5wNnvvwGDEuNILvM5,Thinking Bout You,0,0.406,0.0152,0.696,https://api.spotify.com/v1/audio-analysis/6iOhd5wNnvvwGDEuNILvM5
0D4gIeyrMtxOAvCWsTHN9x,"Non, je ne regrette rien",47,0.435,0.858,0.354,https://api.spotify.com/v1/audio-analysis/0D4gIeyrMtxOAvCWsTHN9x
5hfwARym5ccJbY9QCCogua,I Won't Let You Go,39,0.196,0.00661,0.734,https://api.spotify.com/v1/audio-analysis/5hfwARym5ccJbY9QCCogua
58nciIyr5vKpUJkUXXkxCq,Shot Down,41,0.507,0.885,0.511,https://api.spotify.com/v1/audio-analysis/58nciIyr5vKpUJkUXXkxCq
4jEB3KAsjmNSQGQmQk4Ii8,I Lived - Arty Remix,40,0.0997,0.236,0.816,https://api.spotify.com/v1/audio-analysis/4jEB3KAsjmNSQGQmQk4Ii8
1YDJ2f1JuKzYWZpRYiBYHu,If I Lose Myself - Alesso vs OneRepublic,41,0.152,0.215,0.783,https://api.spotify.com/v1/audio-analysis/1YDJ2f1JuKzYWZpRYiBYHu
0dH4BsNvelSTdaw6uIrEl7,Think About You - Recorded at Spotify Studios NYC,37,0.305,0.895,0.331,https://api.spotify.com/v1/audio-analysis/0dH4BsNvelSTdaw6uIrEl7
60EFFQmSfrNMPUMGnfxBbO,Levitate - From The Original Motion Picture “Passengers”,49,0.233,0.0307,0.682,https://api.spotify.com/v1/audio-analysis/60EFFQmSfrNMPUMGnfxBbO
4FquNAgja6onlomj4QLNvH,Turning Out,0,0.476,0.17,0.481,https://api.spotify.com/v1/audio-analysis/4FquNAgja6onlomj4QLNvH
10lrU6CTeeFL599a4qDjGY,Countdowns,36,0.187,0.766,0.27,https://api.spotify.com/v1/audio-analysis/10lrU6CTeeFL599a4qDjGY
7MsL9a98WUHN76Wks49Zeq,Too Late For Lullabies,55,0.481,0.371,0.435,https://api.spotify.com/v1/audio-analysis/7MsL9a98WUHN76Wks49Zeq
3rMIgAo2HcDZG7CFbaT8AP,Natural Blues,39,0.805,0.39,0.887,https://api.spotify.com/v1/audio-analysis/3rMIgAo2HcDZG7CFbaT8AP
04l6yHbxMQjmUt4wMuyfWE,Atlas: One,30,0.448,0.891,0.342,https://api.spotify.com/v1/audio-analysis/04l6yHbxMQjmUt4wMuyfWE
6IhFOgNP7YeQ3PoI8kcRLn,You’re So Very Far Away,43,0.0775,0.949,0.109,https://api.spotify.com/v1/audio-analysis/6IhFOgNP7YeQ3PoI8kcRLn
5gIRPQWULwrvIt0F6pY7ph,Stranger Things (feat. OneRepublic),0,0.506,0.234,0.661,https://api.spotify.com/v1/audio-analysis/5gIRPQWULwrvIt0F6pY7ph
1Zmfv37UqzfpXnnh3LbXpf,Not Alone,31,0.362,0.326,0.583,https://api.spotify.com/v1/audio-analysis/1Zmfv37UqzfpXnnh3LbXpf
4utgozKpeqZA18lFCcg70Q,Get It Right (feat. MØ),16,0.261,0.108,0.833,https://api.spotify.com/v1/audio-analysis/4utgozKpeqZA18lFCcg70Q
5wldXGLEOoRXxMWJ8rIUWE,Lean On,0,0.274,0.00346,0.809,https://api.spotify.com/v1/audio-analysis/5wldXGLEOoRXxMWJ8rIUWE
6JsfvqClYnc2R5yZ67C2ch,"Cross My Mind, Pt. 2 (feat. Kiiara)",49,0.429,0.0646,0.805,https://api.spotify.com/v1/audio-analysis/6JsfvqClYnc2R5yZ67C2ch
0kdiUZDcLIFw0Buo9r0Q4z,Greatest Love Story,0,0.632,0.38,0.621,https://api.spotify.com/v1/audio-analysis/0kdiUZDcLIFw0Buo9r0Q4z
3zl7j5ua8mF4JDYuxrfo01,Perfect Symphony (Ed Sheeran & Andrea Bocelli),66,0.207,0.586,0.417,https://api.spotify.com/v1/audio-analysis/3zl7j5ua8mF4JDYuxrfo01
5UFvcTCbp9P057YbRNsJ3U,Palace,47,0.268,0.74,0.193,https://api.spotify.com/v1/audio-analysis/5UFvcTCbp9P057YbRNsJ3U
7FyhrRNRJOZSM8IeuAx7su,Burning,48,0.365,0.885,0.224,https://api.spotify.com/v1/audio-analysis/7FyhrRNRJOZSM8IeuAx7su
0SvxydoxEEkXt9aMAqTfpB,Wait (feat. A Boogie Wit da Hoodie),46,0.414,0.0628,0.608,https://api.spotify.com/v1/audio-analysis/0SvxydoxEEkXt9aMAqTfpB
3mau755ebHNf9B0qXAQXF9,JOYFUL,34,0.112,0.0917,0.451,https://api.spotify.com/v1/audio-analysis/3mau755ebHNf9B0qXAQXF9
6MfsJgg1gTRxLbmh0ZZYi4,Colour Me,59,0.343,0.591,0.327,https://api.spotify.com/v1/audio-analysis/6MfsJgg1gTRxLbmh0ZZYi4
6wkVmLTBedKaAoeSj4xP6J,Passenger,48,0.254,0.631,0.675,https://api.spotify.com/v1/audio-analysis/6wkVmLTBedKaAoeSj4xP6J
3szbYyYgEBehQG7q0kv5qb,If You Were Mine,46,0.406,0.00989,0.773,https://api.spotify.com/v1/audio-analysis/3szbYyYgEBehQG7q0kv5qb
7vA2Y79Q4bBqdzBCfHeGEe,Hurt Somebody (With Julia Michaels),55,0.473,0.336,0.559,https://api.spotify.com/v1/audio-analysis/7vA2Y79Q4bBqdzBCfHeGEe
79Mjfhh393dZdAsTvUFDR6,Don't Go Breaking My Heart,53,0.246,0.0218,0.703,https://api.spotify.com/v1/audio-analysis/79Mjfhh393dZdAsTvUFDR6
1D0suElatoKurOqJBol7JV,Chances,47,0.296,0.0178,0.755,https://api.spotify.com/v1/audio-analysis/1D0suElatoKurOqJBol7JV
4zxBtj8UaieYXPe2JoQETa,Miss You All the Time,0,0.456,0.165,0.603,https://api.spotify.com/v1/audio-analysis/4zxBtj8UaieYXPe2JoQETa
5boqkVlc0CWhfTjksnpc1X,Freaking Out,0,0.371,0.121,0.684,https://api.spotify.com/v1/audio-analysis/5boqkVlc0CWhfTjksnpc1X
7AkLPOwjju8taQCJCaIUts,Happy Now - R3HAB Remix,53,0.539,0.0173,0.84,https://api.spotify.com/v1/audio-analysis/7AkLPOwjju8taQCJCaIUts
6K1L3LtUFusf76CF6PacGO,Company (feat. Molly Hammar),38,0.0949,0.914,0.162,https://api.spotify.com/v1/audio-analysis/6K1L3LtUFusf76CF6PacGO
66bVLKIOwOHbHcnO7nLKpL,The Good Parts,41,0.266,0.0691,0.473,https://api.spotify.com/v1/audio-analysis/66bVLKIOwOHbHcnO7nLKpL
5KrEN8aGZnvS2UU6molPFs,Ahead Of Myself,47,0.371,0.0014,0.542,https://api.spotify.com/v1/audio-analysis/5KrEN8aGZnvS2UU6molPFs
0drzZOcHbyrHIUcfiPIKu0,Leaving California,31,0.27,0.284,0.704,https://api.spotify.com/v1/audio-analysis/0drzZOcHbyrHIUcfiPIKu0
03q3eHOGV7auOcu7uzaqzE,My Heart Is Open,0,0.316,0.597,0.315,https://api.spotify.com/v1/audio-analysis/03q3eHOGV7auOcu7uzaqzE
0ZciUwSSqAqYzWBPUBK9Su,One Chance To Dance,0,0.332,0.107,0.783,https://api.spotify.com/v1/audio-analysis/0ZciUwSSqAqYzWBPUBK9Su
4XLm8FNvaTlmTAZmSrrV82,Shots - Broiler Remix,57,0.606,0.411,0.782,https://api.spotify.com/v1/audio-analysis/4XLm8FNvaTlmTAZmSrrV82
3SRLBrMkFPMEimwcuctSNh,Fall for You,51,0.0904,0.921,0.17,https://api.spotify.com/v1/audio-analysis/3SRLBrMkFPMEimwcuctSNh
61vlvG3pr4djrXPtHPdXII,Don't Throw Out My Legos,54,0.492,0.142,0.583,https://api.spotify.com/v1/audio-analysis/61vlvG3pr4djrXPtHPdXII
3Zau2RpWzrCceUCRWCXX4C,Always Be Loving You,40,0.405,0.549,0.376,https://api.spotify.com/v1/audio-analysis/3Zau2RpWzrCceUCRWCXX4C
45h4w81P5iJJTSeR0jJUQ8,She,63,0.232,0.755,0.154,https://api.spotify.com/v1/audio-analysis/45h4w81P5iJJTSeR0jJUQ8
45h4w81P5iJJTSeR0jJUQ8,She,63,0.232,0.755,0.154,https://api.spotify.com/v1/audio-analysis/45h4w81P5iJJTSeR0jJUQ8
2Ux4KsbVf46ahGPWBDNV2T,Patience,0,0.183,0.316,0.464,https://api.spotify.com/v1/audio-analysis/2Ux4KsbVf46ahGPWBDNV2T
5LABCxgmP7DATATIJXOh6n,Ever Since New York,68,0.383,0.2,0.537,https://api.spotify.com/v1/audio-analysis/5LABCxgmP7DATATIJXOh6n
0AmA8MQue1LBuYZSAdBMsj,Téir Abhaile Riu,56,0.704,0.8,0.595,https://api.spotify.com/v1/audio-analysis/0AmA8MQue1LBuYZSAdBMsj
1WcklIWVoLkVm0q027D8gv,I’ll Tell Me Ma / Belle of Belfast,52,0.948,0.63,0.881,https://api.spotify.com/v1/audio-analysis/1WcklIWVoLkVm0q027D8gv
4aTKyYeIzC0ask2ZJicjIJ,UWU,55,0.177,0.985,0.0434,https://api.spotify.com/v1/audio-analysis/4aTKyYeIzC0ask2ZJicjIJ
05RmevbSKDvHHKpYBoXYfR,Fresh Roses,58,0.206,0.65,0.296,https://api.spotify.com/v1/audio-analysis/05RmevbSKDvHHKpYBoXYfR
20rSQWz7sHkt7F4LiUK5h0,Star of the County Down,54,0.902,0.451,0.656,https://api.spotify.com/v1/audio-analysis/20rSQWz7sHkt7F4LiUK5h0
472MoqnGTSUoNRIZphWjz5,Oh Aye,17,0.941,0.796,0.594,https://api.spotify.com/v1/audio-analysis/472MoqnGTSUoNRIZphWjz5
0pegFWSUOTiG0sLVEfxtvA,Heart's Content,59,0.402,0.724,0.209,https://api.spotify.com/v1/audio-analysis/0pegFWSUOTiG0sLVEfxtvA
43z6scIZU2QcEieMQFAJRG,There She Goes,62,0.455,0.000856,0.789,https://api.spotify.com/v1/audio-analysis/43z6scIZU2QcEieMQFAJRG
4HvtTqt1snMPJ17opOGoJr,Good Old Fashioned Lover Boy,0,0.422,0.622,0.379,https://api.spotify.com/v1/audio-analysis/4HvtTqt1snMPJ17opOGoJr
4gUQ7lVDeYWy6xCLvANUMV,Falling For You,3,0.821,0.0754,0.83,https://api.spotify.com/v1/audio-analysis/4gUQ7lVDeYWy6xCLvANUMV
2RnBrHtm4usjh6zRE4bqVy,Stitches & Seeds,14,0.488,0.901,0.169,https://api.spotify.com/v1/audio-analysis/2RnBrHtm4usjh6zRE4bqVy
5WHgAhE3VlGpBiNKUWEyDY,fever dream,6,0.191,0.126,0.693,https://api.spotify.com/v1/audio-analysis/5WHgAhE3VlGpBiNKUWEyDY
6hP86aUrozbwTFahTroiIG,Not Forever After,0,0.497,0.884,0.277,https://api.spotify.com/v1/audio-analysis/6hP86aUrozbwTFahTroiIG
2A6GfKINLJ2oN4sjUWj0g2,bon iver,2,0.323,0.591,0.652,https://api.spotify.com/v1/audio-analysis/2A6GfKINLJ2oN4sjUWj0g2
3dm2hB5JuzTTYaAImXvwxh,Strawberry Mentos,52,0.374,0.512,0.372,https://api.spotify.com/v1/audio-analysis/3dm2hB5JuzTTYaAImXvwxh
2GrEZamQcICQVRXVFcY5MM,Strawberry Wine,34,0.482,0.419,0.592,https://api.spotify.com/v1/audio-analysis/2GrEZamQcICQVRXVFcY5MM
6w48d9Mixf7VCWOGcrZ3Qw,Stupid in Love,41,0.525,0.314,0.361,https://api.spotify.com/v1/audio-analysis/6w48d9Mixf7VCWOGcrZ3Qw
50iyPPNlMbGV7YEzPiUCK7,Fairy Tale,31,0.501,0.812,0.364,https://api.spotify.com/v1/audio-analysis/50iyPPNlMbGV7YEzPiUCK7
1GJCJpKYfzRUsYnSRy4Mfz,"Mrs. Brown, You've Got A Lovely Daughter",38,0.889,0.746,0.465,https://api.spotify.com/v1/audio-analysis/1GJCJpKYfzRUsYnSRy4Mfz
4ECcVxvtmcKyemj7GLu8V0,Smitten,53,0.629,0.0506,0.848,https://api.spotify.com/v1/audio-analysis/4ECcVxvtmcKyemj7GLu8V0
4O7kxdfjLOFUwIB6Q63ScX,October Skies,47,0.0382,0.837,0.182,https://api.spotify.com/v1/audio-analysis/4O7kxdfjLOFUwIB6Q63ScX
4uT5549WwjyjLjkbCYlqpp,Be The Change,31,0.216,0.00102,0.7,https://api.spotify.com/v1/audio-analysis/4uT5549WwjyjLjkbCYlqpp
5D0D181SnF6q551RlBn9uS,Need Her? Leave Her.,9,0.235,0.852,0.31,https://api.spotify.com/v1/audio-analysis/5D0D181SnF6q551RlBn9uS
5BDJa3cUkFWXXFbJS80L3U,Raining,29,0.104,0.619,0.212,https://api.spotify.com/v1/audio-analysis/5BDJa3cUkFWXXFbJS80L3U
5ueyLj6e6oVaTY0KQ6yLaA,All Shook Up,60,0.952,0.881,0.468,https://api.spotify.com/v1/audio-analysis/5ueyLj6e6oVaTY0KQ6yLaA
47gmoUrZV3w20JAnQOZMcO,Blue Suede Shoes,64,0.962,0.654,0.66,https://api.spotify.com/v1/audio-analysis/47gmoUrZV3w20JAnQOZMcO
5Qe7NHxeLAn8KoLTNLSdwe,I Want To Hold Your Hand - Remastered 2009,54,0.936,0.525,0.703,https://api.spotify.com/v1/audio-analysis/5Qe7NHxeLAn8KoLTNLSdwe
7c76SiAfT7JkMiCm8BBCcP,"Hello, Goodbye - Remastered",0,0.806,0.306,0.733,https://api.spotify.com/v1/audio-analysis/7c76SiAfT7JkMiCm8BBCcP
3VbGCXWRiouAq8VyMYN2MI,Love Me Do - Remastered 2009,66,0.744,0.386,0.829,https://api.spotify.com/v1/audio-analysis/3VbGCXWRiouAq8VyMYN2MI
2B3ArhTa6DRox1W4CJZ1dM,Eight Days A Week - Remastered,0,0.744,0.412,0.583,https://api.spotify.com/v1/audio-analysis/2B3ArhTa6DRox1W4CJZ1dM
7KmRz1oKEwgj9qpfn72OfO,Can't Buy Me Love - Remastered,0,0.842,0.283,0.677,https://api.spotify.com/v1/audio-analysis/7KmRz1oKEwgj9qpfn72OfO
2GwDKcTJlvoRDaJXkA7ULJ,Good For Me,33,0.863,0.329,0.883,https://api.spotify.com/v1/audio-analysis/2GwDKcTJlvoRDaJXkA7ULJ
3IDsegNBHC4pjGCOMTQYlU,"Baby, Baby",60,0.919,0.426,0.901,https://api.spotify.com/v1/audio-analysis/3IDsegNBHC4pjGCOMTQYlU
14kyDfGxGfbL2BO9IINAqI,"Come Together - From ""Across The Universe"" Soundtrack",40,0.659,0.457,0.767,https://api.spotify.com/v1/audio-analysis/14kyDfGxGfbL2BO9IINAqI
5kaF88lat4fWUiDXP6G48M,"Let's Hear It for the Boy - From ""Footloose"" Soundtrack",54,0.789,0.177,0.573,https://api.spotify.com/v1/audio-analysis/5kaF88lat4fWUiDXP6G48M
3CCxL8R4wxfrGKqAmprgQi,Somebody To Love,0,0.361,0.136,0.584,https://api.spotify.com/v1/audio-analysis/3CCxL8R4wxfrGKqAmprgQi
30qVCFYKBtAENjTIBA8FPZ,The River of Dreams,63,0.437,0.205,0.749,https://api.spotify.com/v1/audio-analysis/30qVCFYKBtAENjTIBA8FPZ
78twQ5XCFJMTE37ZSU0gsj,Mercy,58,0.964,0.266,0.859,https://api.spotify.com/v1/audio-analysis/78twQ5XCFJMTE37ZSU0gsj
0bqKbPW5sbjsLvQRYsoraB,Save the Last Dance for Me,33,0.807,0.288,0.45,https://api.spotify.com/v1/audio-analysis/0bqKbPW5sbjsLvQRYsoraB
7gSeGMqiOrv7ftmxYLFaOA,Moondance,0,0.584,0.38,0.428,https://api.spotify.com/v1/audio-analysis/7gSeGMqiOrv7ftmxYLFaOA
5DH7nDryMhpixm4G4B7RP9,The Longest Time,65,0.588,0.181,0.333,https://api.spotify.com/v1/audio-analysis/5DH7nDryMhpixm4G4B7RP9
0K2WjMLZYr09LKwurGRYRE,"Theme From New York, New York - 2008 Remastered",62,0.546,0.587,0.497,https://api.spotify.com/v1/audio-analysis/0K2WjMLZYr09LKwurGRYRE
7DD1ojeTUwnW65g5QuZw7X,I Will Survive - 1981 Re-recording,63,0.657,0.00293,0.678,https://api.spotify.com/v1/audio-analysis/7DD1ojeTUwnW65g5QuZw7X
4iKHwtXKCOePgdyQtYaC6F,The Lady Is A Tramp,27,0.554,0.685,0.393,https://api.spotify.com/v1/audio-analysis/4iKHwtXKCOePgdyQtYaC6F
3WKg25vrbjJlkhsgl2W4p3,Bright,58,0.292,0.637,0.431,https://api.spotify.com/v1/audio-analysis/3WKg25vrbjJlkhsgl2W4p3
0EfWEBOFheQkQEOQiJrZxN,No Man's Land,31,0.617,0.00905,0.923,https://api.spotify.com/v1/audio-analysis/0EfWEBOFheQkQEOQiJrZxN
2VsehEkzORf374ASM8A5V1,A Minor Variation,27,0.689,0.0497,0.794,https://api.spotify.com/v1/audio-analysis/2VsehEkzORf374ASM8A5V1
6xJv7krKU17ojq2Bygovkz,Shades of Grey,28,0.729,0.2,0.866,https://api.spotify.com/v1/audio-analysis/6xJv7krKU17ojq2Bygovkz
00p615Q4EFYMIAr055wqRu,All About Soul,41,0.468,0.0386,0.86,https://api.spotify.com/v1/audio-analysis/00p615Q4EFYMIAr055wqRu
2GsDE1UcbvyabP08eleS4x,Famous Last Words,31,0.885,0.0282,0.818,https://api.spotify.com/v1/audio-analysis/2GsDE1UcbvyabP08eleS4x
6TiehatA3uffBiejWLMi7Z,I've Loved These Days,35,0.205,0.823,0.278,https://api.spotify.com/v1/audio-analysis/6TiehatA3uffBiejWLMi7Z
60m29Z8TtocKOqDlQEbwUS,The Entertainer,49,0.77,0.105,0.912,https://api.spotify.com/v1/audio-analysis/60m29Z8TtocKOqDlQEbwUS
5G8QPhrKviOqSD4dhkj2IR,Valerie - Version Revisited,0,0.894,0.00253,0.843,https://api.spotify.com/v1/audio-analysis/5G8QPhrKviOqSD4dhkj2IR
03hqMhmCZiNKMSPmVabPLP,Groupie Love (feat. A$AP Rocky),62,0.195,0.113,0.6,https://api.spotify.com/v1/audio-analysis/03hqMhmCZiNKMSPmVabPLP
0BgbobvykXxEvxo2HhCuvM,Banana Pancakes,69,0.632,0.602,0.373,https://api.spotify.com/v1/audio-analysis/0BgbobvykXxEvxo2HhCuvM
0CokSRCu5hZgPxcZBaEzVE,Glorious (feat. Skylar Grey),74,0.356,0.0323,0.794,https://api.spotify.com/v1/audio-analysis/0CokSRCu5hZgPxcZBaEzVE
0FeCO85RKW8fDRytwXof2x,Go Your Own Way,0,0.823,0.0219,0.812,https://api.spotify.com/v1/audio-analysis/0FeCO85RKW8fDRytwXof2x
0KMGxYKeUzK9wc5DZCt3HT,If You Leave Me Now,73,0.275,0.0197,0.563,https://api.spotify.com/v1/audio-analysis/0KMGxYKeUzK9wc5DZCt3HT
0QpOqKz66ZxHNqj2PPHiFF,Backyard Boy,60,0.453,0.321,0.634,https://api.spotify.com/v1/audio-analysis/0QpOqKz66ZxHNqj2PPHiFF
0Z57YWES04xGh3AImDz6Qr,Real Love Baby,69,0.625,0.0955,0.686,https://api.spotify.com/v1/audio-analysis/0Z57YWES04xGh3AImDz6Qr
0dXNQ8dckG4eYfEtq9zcva,All Night,70,0.507,0.0041,0.804,https://api.spotify.com/v1/audio-analysis/0dXNQ8dckG4eYfEtq9zcva
0fB77VOZ2FkQeKLv1DuEwp,hope is a dangerous thing for a woman like me to have - but I have it,68,0.278,0.964,0.104,https://api.spotify.com/v1/audio-analysis/0fB77VOZ2FkQeKLv1DuEwp
0lx2cLdOt3piJbcaXIV74f,willow,77,0.529,0.833,0.574,https://api.spotify.com/v1/audio-analysis/0lx2cLdOt3piJbcaXIV74f
0onslUNmSLDkuYaideYWir,Juice,0,0.824,0.00615,0.891,https://api.spotify.com/v1/audio-analysis/0onslUNmSLDkuYaideYWir
0otRX6Z89qKkHkQ9OqJpKt,Car's Outside,82,0.259,0.039,0.562,https://api.spotify.com/v1/audio-analysis/0otRX6Z89qKkHkQ9OqJpKt
0pJW1Xw3aY4Eh6k5iuBkfI,I Know The End,71,0.256,0.33,0.323,https://api.spotify.com/v1/audio-analysis/0pJW1Xw3aY4Eh6k5iuBkfI
0sTlGEld0h8kIPZaKDYUf4,Notion,80,0.312,0.0673,0.883,https://api.spotify.com/v1/audio-analysis/0sTlGEld0h8kIPZaKDYUf4
0u2P5u6lvoDfwTYjAADbn4,lovely (with Khalid),87,0.12,0.934,0.296,https://api.spotify.com/v1/audio-analysis/0u2P5u6lvoDfwTYjAADbn4
0w07a1vsKahQMM0RnPXHVT,Dancing in the Moonlight,53,0.843,0.0568,0.856,https://api.spotify.com/v1/audio-analysis/0w07a1vsKahQMM0RnPXHVT
0y60itmpH0aPKsFiGxmtnh,Wait a Minute!,80,0.672,0.0371,0.705,https://api.spotify.com/v1/audio-analysis/0y60itmpH0aPKsFiGxmtnh
12KUFSHFgT0XCoiSlvdQi4,Break Free,76,0.284,0.0064,0.702,https://api.spotify.com/v1/audio-analysis/12KUFSHFgT0XCoiSlvdQi4
14uKsvPJ0quzQvdB6f7Dur,Call on Me (Ryan Riback Remix),61,0.726,0.0607,0.839,https://api.spotify.com/v1/audio-analysis/14uKsvPJ0quzQvdB6f7Dur
15tHagkk8z306XkyOHqiip,"I'll Be There for You - Theme From ""Friends""",67,0.715,0.0717,0.917,https://api.spotify.com/v1/audio-analysis/15tHagkk8z306XkyOHqiip
1BxfuPKGuaTgP7aM0Bbdwr,Cruel Summer,84,0.564,0.117,0.702,https://api.spotify.com/v1/audio-analysis/1BxfuPKGuaTgP7aM0Bbdwr
1C042FLYy7rP3MfnkOcnha,Cherry Wine - Live,67,0.234,0.951,0.11,https://api.spotify.com/v1/audio-analysis/1C042FLYy7rP3MfnkOcnha
1IF5UcqRO42D12vYwceOY6,From the Dining Table,72,0.201,0.804,0.156,https://api.spotify.com/v1/audio-analysis/1IF5UcqRO42D12vYwceOY6
1L5tZi0izXsi5Kk5OJf4W0,Rehab,62,0.732,0.0473,0.872,https://api.spotify.com/v1/audio-analysis/1L5tZi0izXsi5Kk5OJf4W0
1MgV7FIyNxIG7WzMRJV5HC,my tears ricochet,75,0.111,0.806,0.263,https://api.spotify.com/v1/audio-analysis/1MgV7FIyNxIG7WzMRJV5HC
1SymEzIT3H8UZfibCs3TYi,Afterglow,78,0.399,0.13,0.449,https://api.spotify.com/v1/audio-analysis/1SymEzIT3H8UZfibCs3TYi
1UH4viviUjZnS9aWgPGrk0,La vie en rose - Single Version,59,0.326,0.866,0.0779,https://api.spotify.com/v1/audio-analysis/1UH4viviUjZnS9aWgPGrk0
1WCjhRs2WBgyeGaybCX2Po,Graceland Too,65,0.351,0.871,0.338,https://api.spotify.com/v1/audio-analysis/1WCjhRs2WBgyeGaybCX2Po
1XwAKjAZ1xDZOcuyZoqce4,Moon River (From Breakfast at Tiffany's) [Remastered],54,0.173,0.935,0.0251,https://api.spotify.com/v1/audio-analysis/1XwAKjAZ1xDZOcuyZoqce4
1Ym6aMuT5bliaZMC67AmPp,Cherry,74,0.342,0.048,0.534,https://api.spotify.com/v1/audio-analysis/1Ym6aMuT5bliaZMC67AmPp
1bA2ZK7CFxEMnyn1dWP2jp,Baby,59,0.637,0.135,0.922,https://api.spotify.com/v1/audio-analysis/1bA2ZK7CFxEMnyn1dWP2jp
1dGr1c8CrMLDpV6mPbImSI,Lover,84,0.453,0.492,0.543,https://api.spotify.com/v1/audio-analysis/1dGr1c8CrMLDpV6mPbImSI
1fDsrQ23eTAVFElUMaf38X,American Pie,74,0.491,0.699,0.481,https://api.spotify.com/v1/audio-analysis/1fDsrQ23eTAVFElUMaf38X
1tD8J13a74q8fBqXwAP50j,Sunkissed,27,0.792,0.595,0.354,https://api.spotify.com/v1/audio-analysis/1tD8J13a74q8fBqXwAP50j
1vbCVlkzHj69YJeveqaaly,Can You Feel the Love Tonight,31,0.136,0.862,0.322,https://api.spotify.com/v1/audio-analysis/1vbCVlkzHj69YJeveqaaly
1wtOxkiel43cVs0Yux5Q4h,Snow On The Beach (feat. Lana Del Rey),80,0.193,0.69,0.319,https://api.spotify.com/v1/audio-analysis/1wtOxkiel43cVs0Yux5Q4h
23l1kVpqMVREiwU1YAlcr4,I Guess That's Why They Call It The Blues,69,0.671,0.217,0.663,https://api.spotify.com/v1/audio-analysis/23l1kVpqMVREiwU1YAlcr4
24SGws6o7m3TzROMO5Qc0g,Crazy Little Thing Called Love - Remastered 2011,32,0.74,0.689,0.761,https://api.spotify.com/v1/audio-analysis/24SGws6o7m3TzROMO5Qc0g
254bXAqt3zP6P50BdQvEsq,Everywhere - 2017 Remaster,78,0.731,0.258,0.487,https://api.spotify.com/v1/audio-analysis/254bXAqt3zP6P50BdQvEsq
25Syi9wnfn6ZGAmiOBypPq,Motion Sickness,63,0.623,0.774,0.546,https://api.spotify.com/v1/audio-analysis/25Syi9wnfn6ZGAmiOBypPq
2IOFZdYYkFxEHVz1w34PoL,Cherry,73,0.411,0.615,0.512,https://api.spotify.com/v1/audio-analysis/2IOFZdYYkFxEHVz1w34PoL
2KCvGoSEjZV9KOKyExD7o3,Fire and Rain,0,0.343,0.492,0.364,https://api.spotify.com/v1/audio-analysis/2KCvGoSEjZV9KOKyExD7o3
2MrvoOqj007UVWUtGcCK0F,Born To Die,48,0.39,0.209,0.636,https://api.spotify.com/v1/audio-analysis/2MrvoOqj007UVWUtGcCK0F
2RSHsoi04658QL5xgQVov3,Bad Liar,79,0.0827,0.0722,0.637,https://api.spotify.com/v1/audio-analysis/2RSHsoi04658QL5xgQVov3
2ToW7zhGCrVrLU4fiKj9U1,Cleopatra,70,0.485,0.228,0.775,https://api.spotify.com/v1/audio-analysis/2ToW7zhGCrVrLU4fiKj9U1
2Za1AlJNvksouPPWbXpR2X,Good Old Days (feat. Kesha),69,0.268,0.446,0.51,https://api.spotify.com/v1/audio-analysis/2Za1AlJNvksouPPWbXpR2X
2Za1AlJNvksouPPWbXpR2X,Good Old Days (feat. Kesha),69,0.268,0.446,0.51,https://api.spotify.com/v1/audio-analysis/2Za1AlJNvksouPPWbXpR2X
2eHOlLD5glnSYlfWXYGTbd,Positive Vibration,56,0.49,0.0184,0.37,https://api.spotify.com/v1/audio-analysis/2eHOlLD5glnSYlfWXYGTbd
2mdEsXPu8ZmkHRRtAdC09e,Cinnamon Girl,80,0.135,0.814,0.337,https://api.spotify.com/v1/audio-analysis/2mdEsXPu8ZmkHRRtAdC09e
2plLJpUcYPFrl1sW2pMG63,Lights Up,0,0.281,0.0426,0.62,https://api.spotify.com/v1/audio-analysis/2plLJpUcYPFrl1sW2pMG63
2vpVR1L7Qfkd7D6qFNuorq,Pierre,61,0.552,0.289,0.827,https://api.spotify.com/v1/audio-analysis/2vpVR1L7Qfkd7D6qFNuorq
2vsuel3g4zaLYSOY0mOMbi,Bad Luck,57,0.303,0.277,0.52,https://api.spotify.com/v1/audio-analysis/2vsuel3g4zaLYSOY0mOMbi
2vz1CsL5WBsbpBcwgboTAw,"Footloose - From ""Footloose"" Soundtrack",72,0.646,0.0984,0.905,https://api.spotify.com/v1/audio-analysis/2vz1CsL5WBsbpBcwgboTAw
3Dwq1oiOFys6Sxr5SslmXw,Carolina,69,0.458,0.000569,0.673,https://api.spotify.com/v1/audio-analysis/3Dwq1oiOFys6Sxr5SslmXw
3I09LQbHS3NSU46Ly3tPpR,Feeling Good,65,0.477,0.533,0.548,https://api.spotify.com/v1/audio-analysis/3I09LQbHS3NSU46Ly3tPpR
3KfTWH9HcFZtOnZXaMT0Rt,I Hear a Symphony,2,0.377,0.925,0.243,https://api.spotify.com/v1/audio-analysis/3KfTWH9HcFZtOnZXaMT0Rt
3KfTWH9HcFZtOnZXaMT0Rt,I Hear a Symphony,2,0.377,0.925,0.243,https://api.spotify.com/v1/audio-analysis/3KfTWH9HcFZtOnZXaMT0Rt
3V5vrRmjNj4MssxW8cEJov,How Sweet It Is (To Be Loved By You),45,0.905,0.283,0.587,https://api.spotify.com/v1/audio-analysis/3V5vrRmjNj4MssxW8cEJov
3aqTTareFsrd7gMeV7Qvif,How Deep Is Your Love,0,0.674,0.105,0.357,https://api.spotify.com/v1/audio-analysis/3aqTTareFsrd7gMeV7Qvif
3gdewACMIVMEWVbyb8O9sY,"Rocket Man (I Think It's Going To Be A Long, Long Time)",80,0.341,0.432,0.532,https://api.spotify.com/v1/audio-analysis/3gdewACMIVMEWVbyb8O9sY
3hUxzQpSfdDqwM3ZTFQY0K,august,82,0.403,0.538,0.623,https://api.spotify.com/v1/audio-analysis/3hUxzQpSfdDqwM3ZTFQY0K
3hUxzQpSfdDqwM3ZTFQY0K,august,82,0.403,0.538,0.623,https://api.spotify.com/v1/audio-analysis/3hUxzQpSfdDqwM3ZTFQY0K
3hUxzQpSfdDqwM3ZTFQY0K,august,82,0.403,0.538,0.623,https://api.spotify.com/v1/audio-analysis/3hUxzQpSfdDqwM3ZTFQY0K
3i058E8uxTsYqJ5NWZzqSj,Little Freak,79,0.402,0.719,0.535,https://api.spotify.com/v1/audio-analysis/3i058E8uxTsYqJ5NWZzqSj
3iJxloILmOu2NIRZ0OGyui,Bennie And The Jets - Remastered 2014,0,0.765,0.251,0.668,https://api.spotify.com/v1/audio-analysis/3iJxloILmOu2NIRZ0OGyui
3iv26BUAWSn83q8rhGKPE8,Flight 22,59,0.344,0.415,0.646,https://api.spotify.com/v1/audio-analysis/3iv26BUAWSn83q8rhGKPE8
3jjsRKEsF42ccXf8kWR3nu,Washing Machine Heart,81,0.567,0.0092,0.822,https://api.spotify.com/v1/audio-analysis/3jjsRKEsF42ccXf8kWR3nu
3kMrazSvILsgcwtidZd1Qd,Bulletproof,70,0.682,0.000441,0.882,https://api.spotify.com/v1/audio-analysis/3kMrazSvILsgcwtidZd1Qd
3xVZYkcuWalGudeKl861wb,Smokin Out The Window,76,0.848,0.0558,0.618,https://api.spotify.com/v1/audio-analysis/3xVZYkcuWalGudeKl861wb
45S5WTQEGOB1VHr1Q4FuPl,Golden,80,0.254,0.21,0.838,https://api.spotify.com/v1/audio-analysis/45S5WTQEGOB1VHr1Q4FuPl
45ePJPLDtvE3QfFHNdrNuO,More Than A Woman,0,0.771,0.171,0.7,https://api.spotify.com/v1/audio-analysis/45ePJPLDtvE3QfFHNdrNuO
45ePJPLDtvE3QfFHNdrNuO,More Than A Woman,0,0.771,0.171,0.7,https://api.spotify.com/v1/audio-analysis/45ePJPLDtvE3QfFHNdrNuO
46RNrAkGsqWTDrv2ZPOAbx,Moon Song,69,0.183,0.869,0.243,https://api.spotify.com/v1/audio-analysis/46RNrAkGsqWTDrv2ZPOAbx
47Bg6IrMed1GPbxRgwH2aC,Best Friend,21,0.32,0.395,0.714,https://api.spotify.com/v1/audio-analysis/47Bg6IrMed1GPbxRgwH2aC
4AXS0kSzmuhAAYJtVKbZDq,Romeo & Juliet,0,0.0823,0.464,0.479,https://api.spotify.com/v1/audio-analysis/4AXS0kSzmuhAAYJtVKbZDq
4BfRDZLIiznSnwU7DdDL9N,Valerie (feat. Amy Winehouse) - Version Revisited,0,0.896,0.00253,0.844,https://api.spotify.com/v1/audio-analysis/4BfRDZLIiznSnwU7DdDL9N
4CkgMiMqZ5JzW9iYXSTMTL,I Bet You Think About Me (feat. Chris Stapleton) (Taylor’s Version) (From The Vault),72,0.473,0.167,0.715,https://api.spotify.com/v1/audio-analysis/4CkgMiMqZ5JzW9iYXSTMTL
4EDijkJdHBZZ0GwJ12iTAj,Stargirl Interlude,80,0.441,0.351,0.474,https://api.spotify.com/v1/audio-analysis/4EDijkJdHBZZ0GwJ12iTAj
4EDijkJdHBZZ0GwJ12iTAj,Stargirl Interlude,80,0.441,0.351,0.474,https://api.spotify.com/v1/audio-analysis/4EDijkJdHBZZ0GwJ12iTAj
4L9Ds4mpD3SuYoWwFUlv16,Simple,70,0.864,0.0791,0.882,https://api.spotify.com/v1/audio-analysis/4L9Ds4mpD3SuYoWwFUlv16
4R2kfaDFhslZEMJqAFNpdd,cardigan,85,0.551,0.537,0.581,https://api.spotify.com/v1/audio-analysis/4R2kfaDFhslZEMJqAFNpdd
4R2kfaDFhslZEMJqAFNpdd,cardigan,85,0.551,0.537,0.581,https://api.spotify.com/v1/audio-analysis/4R2kfaDFhslZEMJqAFNpdd
4RVwu0g32PAqgUiJoXsdF8,Happier Than Ever,84,0.297,0.767,0.225,https://api.spotify.com/v1/audio-analysis/4RVwu0g32PAqgUiJoXsdF8
4U45aEWtQhrm8A5mxPaFZ7,Vienna,77,0.308,0.659,0.495,https://api.spotify.com/v1/audio-analysis/4U45aEWtQhrm8A5mxPaFZ7
4UAW2gObi5o6sJla0qZpPn,Mariners Apartment Complex,0,0.172,0.795,0.284,https://api.spotify.com/v1/audio-analysis/4UAW2gObi5o6sJla0qZpPn
4bykJp7dORR4GoLCZiQbU0,Take A Chance On Me,0,0.924,0.182,0.68,https://api.spotify.com/v1/audio-analysis/4bykJp7dORR4GoLCZiQbU0
4gZDCOFuLCxCRWNhSEcOtJ,These Days,64,0.867,0.0398,0.668,https://api.spotify.com/v1/audio-analysis/4gZDCOFuLCxCRWNhSEcOtJ
4qUtC2BwFC154Ha8YQRrkk,How to disappear,72,0.065,0.613,0.304,https://api.spotify.com/v1/audio-analysis/4qUtC2BwFC154Ha8YQRrkk
4u9Y4Z9i9VaAbBK7rW1Rha,Meet Me in the Hallway,69,0.339,0.747,0.383,https://api.spotify.com/v1/audio-analysis/4u9Y4Z9i9VaAbBK7rW1Rha
4y5bvROuBDPr5fuwXbIBZR,Paper Rings,80,0.865,0.0129,0.719,https://api.spotify.com/v1/audio-analysis/4y5bvROuBDPr5fuwXbIBZR
4y5bvROuBDPr5fuwXbIBZR,Paper Rings,80,0.865,0.0129,0.719,https://api.spotify.com/v1/audio-analysis/4y5bvROuBDPr5fuwXbIBZR
4y5bvROuBDPr5fuwXbIBZR,Paper Rings,80,0.865,0.0129,0.719,https://api.spotify.com/v1/audio-analysis/4y5bvROuBDPr5fuwXbIBZR
4zRZAmBQP8vhNPf9i9opXt,8 Letters,73,0.255,0.649,0.478,https://api.spotify.com/v1/audio-analysis/4zRZAmBQP8vhNPf9i9opXt
5EYi2rH4LYs6M21ZLOyQTx,Loving Is Easy (feat. Benny Sings),17,0.537,0.217,0.609,https://api.spotify.com/v1/audio-analysis/5EYi2rH4LYs6M21ZLOyQTx
5GYcaVfaFBHe2gzA6Oybgj,Me and Mrs. Jones,49,0.413,0.479,0.404,https://api.spotify.com/v1/audio-analysis/5GYcaVfaFBHe2gzA6Oybgj
5GbVzc6Ex5LYlLJqzRQhuy,Mystery of Love,70,0.238,0.94,0.273,https://api.spotify.com/v1/audio-analysis/5GbVzc6Ex5LYlLJqzRQhuy
5Gu0PDLN4YJeW75PpBSg9p,"Let Me Go (with Alesso, Florida Georgia Line & watt)",75,0.742,0.0337,0.708,https://api.spotify.com/v1/audio-analysis/5Gu0PDLN4YJeW75PpBSg9p
5IhzJOXNE7ki0IIJbZbnGq,Canyon Moon,71,0.7,0.328,0.621,https://api.spotify.com/v1/audio-analysis/5IhzJOXNE7ki0IIJbZbnGq
5JiH89mHrv9oWHlD0T326z,To Be So Lonely,71,0.605,0.618,0.436,https://api.spotify.com/v1/audio-analysis/5JiH89mHrv9oWHlD0T326z
5JiH89mHrv9oWHlD0T326z,To Be So Lonely,71,0.605,0.618,0.436,https://api.spotify.com/v1/audio-analysis/5JiH89mHrv9oWHlD0T326z
5JiH89mHrv9oWHlD0T326z,To Be So Lonely,71,0.605,0.618,0.436,https://api.spotify.com/v1/audio-analysis/5JiH89mHrv9oWHlD0T326z
5NvOZCjZaGGGL597exlQWv,Line Without a Hook,79,0.507,0.262,0.652,https://api.spotify.com/v1/audio-analysis/5NvOZCjZaGGGL597exlQWv
5NvOZCjZaGGGL597exlQWv,Line Without a Hook,79,0.507,0.262,0.652,https://api.spotify.com/v1/audio-analysis/5NvOZCjZaGGGL597exlQWv
5S5u0EWtlblH00iTNExZ6X,I Think I Like When It Rains,66,0.278,0.0448,0.471,https://api.spotify.com/v1/audio-analysis/5S5u0EWtlblH00iTNExZ6X
5Ts1DYOuouQLgzTaisxWYh,Love Grows (Where My Rosemary Goes),74,0.753,0.403,0.824,https://api.spotify.com/v1/audio-analysis/5Ts1DYOuouQLgzTaisxWYh
5Ts1DYOuouQLgzTaisxWYh,Love Grows (Where My Rosemary Goes),74,0.753,0.403,0.824,https://api.spotify.com/v1/audio-analysis/5Ts1DYOuouQLgzTaisxWYh
5Ts1DYOuouQLgzTaisxWYh,Love Grows (Where My Rosemary Goes),74,0.753,0.403,0.824,https://api.spotify.com/v1/audio-analysis/5Ts1DYOuouQLgzTaisxWYh
5Y6nVaayzitvsD5F7nr3DV,West Coast,82,0.461,0.194,0.591,https://api.spotify.com/v1/audio-analysis/5Y6nVaayzitvsD5F7nr3DV
5aIZ2jtxZ4o4GHQXTybkIa,Something I Need,56,0.628,0.134,0.591,https://api.spotify.com/v1/audio-analysis/5aIZ2jtxZ4o4GHQXTybkIa
5aIZ2jtxZ4o4GHQXTybkIa,Something I Need,56,0.628,0.134,0.591,https://api.spotify.com/v1/audio-analysis/5aIZ2jtxZ4o4GHQXTybkIa
5b7OgznPJJr1vHNYGyvxau,Fly Me To The Moon (In Other Words),70,0.368,0.453,0.26,https://api.spotify.com/v1/audio-analysis/5b7OgznPJJr1vHNYGyvxau
5enxwA8aAbwZbf5qCHORXi,All Too Well (10 Minute Version) (Taylor's Version) (From The Vault),81,0.205,0.274,0.518,https://api.spotify.com/v1/audio-analysis/5enxwA8aAbwZbf5qCHORXi
5jqNQZBwbZWQXPWfo0ygZF,Art Deco,72,0.0596,0.544,0.464,https://api.spotify.com/v1/audio-analysis/5jqNQZBwbZWQXPWfo0ygZF
5kRPPEWFJIMox5qIkQkiz5,Sweet Creature,74,0.228,0.746,0.262,https://api.spotify.com/v1/audio-analysis/5kRPPEWFJIMox5qIkQkiz5
5kRPPEWFJIMox5qIkQkiz5,Sweet Creature,74,0.228,0.746,0.262,https://api.spotify.com/v1/audio-analysis/5kRPPEWFJIMox5qIkQkiz5
5n0CTysih20NYdT2S0Wpe8,Trouble,70,0.298,0.392,0.623,https://api.spotify.com/v1/audio-analysis/5n0CTysih20NYdT2S0Wpe8
5qII2n90lVdPDcgXEEVHNy,Sunday Morning,74,0.809,0.0913,0.768,https://api.spotify.com/v1/audio-analysis/5qII2n90lVdPDcgXEEVHNy
5rwq6R0Uq0BngM3rdmCeNg,Collide - Acoustic Version,64,0.294,0.827,0.253,https://api.spotify.com/v1/audio-analysis/5rwq6R0Uq0BngM3rdmCeNg
5y6pj7OeBFF0CVgZKhRbOG,Black Magic,1,0.843,0.0352,0.896,https://api.spotify.com/v1/audio-analysis/5y6pj7OeBFF0CVgZKhRbOG
5zA8vzDGqPl2AzZkEYQGKh,Uptown Girl,78,0.792,0.0755,0.944,https://api.spotify.com/v1/audio-analysis/5zA8vzDGqPl2AzZkEYQGKh
625SfHM2FVyyUj3cT8108G,H.O.L.Y.,49,0.483,0.215,0.645,https://api.spotify.com/v1/audio-analysis/625SfHM2FVyyUj3cT8108G
65OEcDb4M3mAvEpSdXi6Lv,obvious,51,0.26,0.0967,0.672,https://api.spotify.com/v1/audio-analysis/65OEcDb4M3mAvEpSdXi6Lv
6A8dnC0xkiuWN4BshmTB2I,Oceans Away,59,0.221,0.13,0.642,https://api.spotify.com/v1/audio-analysis/6A8dnC0xkiuWN4BshmTB2I
6BFnRhvKCclDQOajt8dBGi,Diet Mountain Dew,67,0.601,0.284,0.68,https://api.spotify.com/v1/audio-analysis/6BFnRhvKCclDQOajt8dBGi
6BFnRhvKCclDQOajt8dBGi,Diet Mountain Dew,67,0.601,0.284,0.68,https://api.spotify.com/v1/audio-analysis/6BFnRhvKCclDQOajt8dBGi
6EIVLz5xM1xE29r0OmIkWt,Falling Slowly,63,0.151,0.679,0.209,https://api.spotify.com/v1/audio-analysis/6EIVLz5xM1xE29r0OmIkWt
6HU7h9RYOaPRFeh0R3UeAr,deja vu,84,0.178,0.584,0.612,https://api.spotify.com/v1/audio-analysis/6HU7h9RYOaPRFeh0R3UeAr
6Ri02Pw9FkPUvoyRxBUWvX,Black Coffee - Single Version,37,0.186,0.845,0.182,https://api.spotify.com/v1/audio-analysis/6Ri02Pw9FkPUvoyRxBUWvX
6TqXcAFInzjp0bODyvrWEq,Talk (feat. Disclosure),69,0.346,0.0516,0.4,https://api.spotify.com/v1/audio-analysis/6TqXcAFInzjp0bODyvrWEq
6VsvKPJ4xjVNKpI8VVZ3SV,invisible string,72,0.45,0.838,0.452,https://api.spotify.com/v1/audio-analysis/6VsvKPJ4xjVNKpI8VVZ3SV
6WCeFNVAXUtNczb7lqLiZU,Crocodile Rock,71,0.968,0.0263,0.8,https://api.spotify.com/v1/audio-analysis/6WCeFNVAXUtNczb7lqLiZU
6s3GEN8wK0OMzzzZbXj0fu,Hymn for the Weekend - Seeb Remix,67,0.427,0.00868,0.849,https://api.spotify.com/v1/audio-analysis/6s3GEN8wK0OMzzzZbXj0fu
75sAWnVBYaaYs1mWbB05Qg,Koop Island Blues,47,0.539,0.727,0.542,https://api.spotify.com/v1/audio-analysis/75sAWnVBYaaYs1mWbB05Qg
7BXW1QCg56yzEBV8pW8pah,Have It All,62,0.6,0.204,0.638,https://api.spotify.com/v1/audio-analysis/7BXW1QCg56yzEBV8pW8pah
7BfW1eoDh27W69nxsmRicb,Buffalo Soldier,71,0.757,0.142,0.463,https://api.spotify.com/v1/audio-analysis/7BfW1eoDh27W69nxsmRicb
7dZ1Odmx9jWIweQSatnRqo,Million Reasons,76,0.154,0.494,0.423,https://api.spotify.com/v1/audio-analysis/7dZ1Odmx9jWIweQSatnRqo
7dyi7AorhfCTJvGFjXwpyU,Puppy Princess,63,0.693,0.162,0.702,https://api.spotify.com/v1/audio-analysis/7dyi7AorhfCTJvGFjXwpyU
7vgTNTaEz3CsBZ1N4YQalM,Ghost Town,76,0.297,0.0969,0.545,https://api.spotify.com/v1/audio-analysis/7vgTNTaEz3CsBZ1N4YQalM
7xoUc6faLbCqZO6fQEYprd,One Last Time,82,0.104,0.093,0.593,https://api.spotify.com/v1/audio-analysis/7xoUc6faLbCqZO6fQEYprd
4ut5G4rgB1ClpMTMfjoIuy,High On Life (feat. Bonn),70,0.368,0.0129,0.486,https://api.spotify.com/v1/audio-analysis/4ut5G4rgB1ClpMTMfjoIuy
5sIx4BlfYGuZeSLF40N9GH,Remind Me to Forget,64,0.315,0.193,0.508,https://api.spotify.com/v1/audio-analysis/5sIx4BlfYGuZeSLF40N9GH
0Zbbxnx4SGGHoIow4PpISP,Stargazing,65,0.419,0.152,0.497,https://api.spotify.com/v1/audio-analysis/0Zbbxnx4SGGHoIow4PpISP
6Qn5zhYkTa37e91HC1D7lb,Whatever It Takes,80,0.556,0.0362,0.655,https://api.spotify.com/v1/audio-analysis/6Qn5zhYkTa37e91HC1D7lb
1j4kHkkpqZRBwE0A4CN4Yv,Dusk Till Dawn (feat. Sia) - Radio Edit,75,0.0951,0.102,0.437,https://api.spotify.com/v1/audio-analysis/1j4kHkkpqZRBwE0A4CN4Yv
2PWTZV5znjLtZC5T1EVJvL,this is what falling in love feels like,80,0.332,0.617,0.44,https://api.spotify.com/v1/audio-analysis/2PWTZV5znjLtZC5T1EVJvL
01TyFEZu6mHbffsVfxgrFn,Show Me How,79,0.544,0.674,0.267,https://api.spotify.com/v1/audio-analysis/01TyFEZu6mHbffsVfxgrFn
7H7NyZ3G075GqPx2evsfeb,Chamber Of Reflection,82,0.506,0.262,0.557,https://api.spotify.com/v1/audio-analysis/7H7NyZ3G075GqPx2evsfeb
0TZejo18HlJ86OrWNsXKnw,Mrs Magic,76,0.366,0.159,0.634,https://api.spotify.com/v1/audio-analysis/0TZejo18HlJ86OrWNsXKnw
5hM5arv9KDbCHS0k9uqwjr,Borderline,82,0.873,0.0406,0.873,https://api.spotify.com/v1/audio-analysis/5hM5arv9KDbCHS0k9uqwjr
4EpZ4eYuZOwPSSwyqpdHnJ,Sunflower,19,0.567,0.646,0.765,https://api.spotify.com/v1/audio-analysis/4EpZ4eYuZOwPSSwyqpdHnJ
4EpZ4eYuZOwPSSwyqpdHnJ,Sunflower,19,0.567,0.646,0.765,https://api.spotify.com/v1/audio-analysis/4EpZ4eYuZOwPSSwyqpdHnJ
5mIOsPuQdXchVY0jB5NO9Q,4EVER,69,0.584,0.049,0.585,https://api.spotify.com/v1/audio-analysis/5mIOsPuQdXchVY0jB5NO9Q
2laAFvo3q3GIcXX7Ql8OeD,Like or Like Like,21,0.838,0.0345,0.533,https://api.spotify.com/v1/audio-analysis/2laAFvo3q3GIcXX7Ql8OeD
37y7iDayfwm3WXn5BiAoRk,Dark Red,30,0.775,0.449,0.783,https://api.spotify.com/v1/audio-analysis/37y7iDayfwm3WXn5BiAoRk
5ruzrDWcT0vuJIOMW7gMnW,The Adults Are Talking,78,0.649,0.0113,0.749,https://api.spotify.com/v1/audio-analysis/5ruzrDWcT0vuJIOMW7gMnW
5ruzrDWcT0vuJIOMW7gMnW,The Adults Are Talking,78,0.649,0.0113,0.749,https://api.spotify.com/v1/audio-analysis/5ruzrDWcT0vuJIOMW7gMnW
4T6FWA703h6H7zk1FoSARw,New Light,75,0.852,0.316,0.694,https://api.spotify.com/v1/audio-analysis/4T6FWA703h6H7zk1FoSARw
6iYMfxznTBlcVOgRHab2W0,"Sunflower, Vol. 6",72,0.86,0.000564,0.846,https://api.spotify.com/v1/audio-analysis/6iYMfxznTBlcVOgRHab2W0
6iYMfxznTBlcVOgRHab2W0,"Sunflower, Vol. 6",72,0.86,0.000564,0.846,https://api.spotify.com/v1/audio-analysis/6iYMfxznTBlcVOgRHab2W0
6iYMfxznTBlcVOgRHab2W0,"Sunflower, Vol. 6",72,0.86,0.000564,0.846,https://api.spotify.com/v1/audio-analysis/6iYMfxznTBlcVOgRHab2W0
1H7zdcRD0gLGQY0w5ejGgX,Lovers Rock,2,0.573,7.53e-06,0.871,https://api.spotify.com/v1/audio-analysis/1H7zdcRD0gLGQY0w5ejGgX
2IVsRhKrx8hlQBOWy4qebo,Mr Loverman,76,0.488,0.245,0.526,https://api.spotify.com/v1/audio-analysis/2IVsRhKrx8hlQBOWy4qebo
2IVsRhKrx8hlQBOWy4qebo,Mr Loverman,76,0.488,0.245,0.526,https://api.spotify.com/v1/audio-analysis/2IVsRhKrx8hlQBOWy4qebo
1dNIEtp7AY3oDAKCGg2XkH,Something Just Like This,72,0.505,0.0306,0.649,https://api.spotify.com/v1/audio-analysis/1dNIEtp7AY3oDAKCGg2XkH
1dNIEtp7AY3oDAKCGg2XkH,Something Just Like This,72,0.505,0.0306,0.649,https://api.spotify.com/v1/audio-analysis/1dNIEtp7AY3oDAKCGg2XkH
24jvD83UgLmrdGjhWTFslY,Video Games,69,0.181,0.811,0.249,https://api.spotify.com/v1/audio-analysis/24jvD83UgLmrdGjhWTFslY
24jvD83UgLmrdGjhWTFslY,Video Games,69,0.181,0.811,0.249,https://api.spotify.com/v1/audio-analysis/24jvD83UgLmrdGjhWTFslY
1M0g1beKC4H9gbrOiSayHW,National Anthem,64,0.436,0.531,0.899,https://api.spotify.com/v1/audio-analysis/1M0g1beKC4H9gbrOiSayHW
0wXuerDYiBnERgIpbb3JBR,Redbone,30,0.577,0.169,0.344,https://api.spotify.com/v1/audio-analysis/0wXuerDYiBnERgIpbb3JBR
0wXuerDYiBnERgIpbb3JBR,Redbone,30,0.577,0.169,0.344,https://api.spotify.com/v1/audio-analysis/0wXuerDYiBnERgIpbb3JBR
3YJJjQPAbDT7mGpX3WtQ9A,Good Days,80,0.412,0.499,0.655,https://api.spotify.com/v1/audio-analysis/3YJJjQPAbDT7mGpX3WtQ9A
0vf2eBw2inhl8y61cYQMv2,Devil Town,75,0.501,0.12,0.759,https://api.spotify.com/v1/audio-analysis/0vf2eBw2inhl8y61cYQMv2
0zePbRMJ9sd7wsZRlbPQua,Hot Rod,17,0.832,0.0279,0.767,https://api.spotify.com/v1/audio-analysis/0zePbRMJ9sd7wsZRlbPQua
3VSYkAf6f46i5ZkXOHORq1,Sweet,73,0.112,0.362,0.511,https://api.spotify.com/v1/audio-analysis/3VSYkAf6f46i5ZkXOHORq1
0HAqq2GcQKyi3s87GuN7jU,Amoeba,69,0.707,0.791,0.491,https://api.spotify.com/v1/audio-analysis/0HAqq2GcQKyi3s87GuN7jU
1jCsCYgzQQHk3bDJDuFbNi,If I Ever Fall In Love,58,0.42,0.758,0.205,https://api.spotify.com/v1/audio-analysis/1jCsCYgzQQHk3bDJDuFbNi
2CK9xYMVdmJMPKZyArVbt4,To the Mountains,8,0.267,0.918,0.147,https://api.spotify.com/v1/audio-analysis/2CK9xYMVdmJMPKZyArVbt4
4k7x3QKrc3h3U0Viqk0uop,Rosyln,74,0.121,0.971,0.277,https://api.spotify.com/v1/audio-analysis/4k7x3QKrc3h3U0Viqk0uop
6uvh0In7u1Xn4HgxOfAn8O,Matilda,82,0.386,0.896,0.294,https://api.spotify.com/v1/audio-analysis/6uvh0In7u1Xn4HgxOfAn8O
04S1pkp1VaIqjg8zZqknR5,Enchanted,76,0.228,0.0716,0.618,https://api.spotify.com/v1/audio-analysis/04S1pkp1VaIqjg8zZqknR5
04S1pkp1VaIqjg8zZqknR5,Enchanted,76,0.228,0.0716,0.618,https://api.spotify.com/v1/audio-analysis/04S1pkp1VaIqjg8zZqknR5
2eAvDnpXP5W0cVtiI0PUxV,Dandelions,88,0.454,0.0157,0.692,https://api.spotify.com/v1/audio-analysis/2eAvDnpXP5W0cVtiI0PUxV
2eAvDnpXP5W0cVtiI0PUxV,Dandelions,88,0.454,0.0157,0.692,https://api.spotify.com/v1/audio-analysis/2eAvDnpXP5W0cVtiI0PUxV
1Y3LN4zO1Edc2EluIoSPJN,Until I Found You (with Em Beihold) - Em Beihold Version,92,0.342,0.777,0.55,https://api.spotify.com/v1/audio-analysis/1Y3LN4zO1Edc2EluIoSPJN
79EkGysjP2dL5GdpeQjRxT,This Side of Paradise,80,0.321,0.432,0.664,https://api.spotify.com/v1/audio-analysis/79EkGysjP2dL5GdpeQjRxT
6J2LdBN97cDWn0MLxYh9HB,July,79,0.322,0.868,0.186,https://api.spotify.com/v1/audio-analysis/6J2LdBN97cDWn0MLxYh9HB
3lG6OtGDsYAOALxEmubQQm,Happiness is a butterfly,76,0.156,0.969,0.119,https://api.spotify.com/v1/audio-analysis/3lG6OtGDsYAOALxEmubQQm
3lG6OtGDsYAOALxEmubQQm,Happiness is a butterfly,76,0.156,0.969,0.119,https://api.spotify.com/v1/audio-analysis/3lG6OtGDsYAOALxEmubQQm
5kcvBnt6DPX3AMEsCx1qDh,Happiest Year,21,0.356,0.885,0.167,https://api.spotify.com/v1/audio-analysis/5kcvBnt6DPX3AMEsCx1qDh
0j1Ia2lQWrcXrQZI4AdJlk,IDK You Yet,75,0.198,0.886,0.308,https://api.spotify.com/v1/audio-analysis/0j1Ia2lQWrcXrQZI4AdJlk
1wVuPmvt6AWvTL5W2GJnzZ,Talking to the Moon,75,0.0784,0.511,0.59,https://api.spotify.com/v1/audio-analysis/1wVuPmvt6AWvTL5W2GJnzZ
1mXVgsBdtIVeCLJnSnmtdV,Too Good At Goodbyes,82,0.476,0.64,0.372,https://api.spotify.com/v1/audio-analysis/1mXVgsBdtIVeCLJnSnmtdV
3dYD57lRAUcMHufyqn9GcI,Take Me To Church,82,0.437,0.634,0.664,https://api.spotify.com/v1/audio-analysis/3dYD57lRAUcMHufyqn9GcI
0tV8pOpiNsKqUys0ilUcXz,Rise Up,72,0.174,0.805,0.316,https://api.spotify.com/v1/audio-analysis/0tV8pOpiNsKqUys0ilUcXz
1vxw6aYJls2oq3gW0DujAo,Crazy,77,0.64,0.0505,0.587,https://api.spotify.com/v1/audio-analysis/1vxw6aYJls2oq3gW0DujAo
7LX4aXtvImhdgUHQBlo8Kp,K.,76,0.313,0.146,0.404,https://api.spotify.com/v1/audio-analysis/7LX4aXtvImhdgUHQBlo8Kp
69UqtTHfUKAJweQwEStRzC,Sunsetz,77,0.141,0.0542,0.477,https://api.spotify.com/v1/audio-analysis/69UqtTHfUKAJweQwEStRzC
69UqtTHfUKAJweQwEStRzC,Sunsetz,77,0.141,0.0542,0.477,https://api.spotify.com/v1/audio-analysis/69UqtTHfUKAJweQwEStRzC
4g4lxUs7tldfkD3codfjrN,Atlas: Hearing,46,0.101,0.827,0.285,https://api.spotify.com/v1/audio-analysis/4g4lxUs7tldfkD3codfjrN
02tvc9CFnTyHuSRlGeNv9w,Corduroy Dreams,14,0.222,0.653,0.305,https://api.spotify.com/v1/audio-analysis/02tvc9CFnTyHuSRlGeNv9w
02tvc9CFnTyHuSRlGeNv9w,Corduroy Dreams,14,0.222,0.653,0.305,https://api.spotify.com/v1/audio-analysis/02tvc9CFnTyHuSRlGeNv9w
2dIPAPCa05Hh2Esift0sVX,Ultimately,0,0.62,0.896,0.222,https://api.spotify.com/v1/audio-analysis/2dIPAPCa05Hh2Esift0sVX
1fyysXwSGNtMeqMBLwW3SI,Breakeven,65,0.49,0.144,0.694,https://api.spotify.com/v1/audio-analysis/1fyysXwSGNtMeqMBLwW3SI
6CQaVuICm1WVXyy3SZ5jEI,"Valerie - Live At BBC Radio 1 Live Lounge, London / 2007",0,0.681,0.736,0.367,https://api.spotify.com/v1/audio-analysis/6CQaVuICm1WVXyy3SZ5jEI
4L2K7JKseFCBoHMZEAszW0,Jealous,1,0.104,0.874,0.153,https://api.spotify.com/v1/audio-analysis/4L2K7JKseFCBoHMZEAszW0
0aOluBqXYd0rFSCsgDyAWX,Take Me to Church,62,0.437,0.637,0.664,https://api.spotify.com/v1/audio-analysis/0aOluBqXYd0rFSCsgDyAWX
5dTJMpqiELczVuHJP3OAEu,This Town,58,0.195,0.699,0.407,https://api.spotify.com/v1/audio-analysis/5dTJMpqiELczVuHJP3OAEu
53QF56cjZA9RTuuMZDrSA6,I Won't Give Up,69,0.139,0.694,0.303,https://api.spotify.com/v1/audio-analysis/53QF56cjZA9RTuuMZDrSA6
7tmtOEDxPN7CWaQWBsG1DY,Hold Back The River,63,0.506,0.0526,0.715,https://api.spotify.com/v1/audio-analysis/7tmtOEDxPN7CWaQWBsG1DY
5y0ET06ZzyxDzR4lB4JGhP,Bruises,45,0.378,0.961,0.259,https://api.spotify.com/v1/audio-analysis/5y0ET06ZzyxDzR4lB4JGhP
7tTRP2vA00uScZ4SjB3ZQZ,Rush (feat. Jessie Reyez),63,0.38,0.565,0.609,https://api.spotify.com/v1/audio-analysis/7tTRP2vA00uScZ4SjB3ZQZ
