track_uri,name,popularity,valence,acousticness,energy,analysis_url
6Gr0nYfH4DpKYrAggRGGZZ,Well Well Well,33,0.481,0.935,0.0614,https://api.spotify.com/v1/audio-analysis/6Gr0nYfH4DpKYrAggRGGZZ
2hHyeOI9VDvR5cBK4JF5DP,Sun on My Face,29,0.261,0.863,0.184,https://api.spotify.com/v1/audio-analysis/2hHyeOI9VDvR5cBK4JF5DP
6K90dTF2qbjHOMpPJ9dH3A,Don't Ask Me (Bonus Track),29,0.288,0.871,0.391,https://api.spotify.com/v1/audio-analysis/6K90dTF2qbjHOMpPJ9dH3A
0l3wGkKXDaNballU6Aolp8,Sunny,51,0.363,0.468,0.483,https://api.spotify.com/v1/audio-analysis/0l3wGkKXDaNballU6Aolp8
2Mr1bGI2E10K7Mt1UJZ6Mw,Boom Boom,60,0.918,0.62,0.455,https://api.spotify.com/v1/audio-analysis/2Mr1bGI2E10K7Mt1UJZ6Mw
7mNFrf8IfgaWMFCz64CtK4,Boogie Chillen,52,0.406,0.857,0.367,https://api.spotify.com/v1/audio-analysis/7mNFrf8IfgaWMFCz64CtK4
1cRTAPP2FG9h2WiYMOIVIK,The Sky Is Crying,49,0.567,0.0226,0.611,https://api.spotify.com/v1/audio-analysis/1cRTAPP2FG9h2WiYMOIVIK
61K6lqGyrl2Aerk0LjAZem,Rollin' Stone,48,0.335,0.989,0.0192,https://api.spotify.com/v1/audio-analysis/61K6lqGyrl2Aerk0LjAZem
1bWh9hOkQGahfQ0rEqvaGR,Devil Got My Woman,36,0.523,0.986,0.151,https://api.spotify.com/v1/audio-analysis/1bWh9hOkQGahfQ0rEqvaGR
1TrGdXSgiBm8W68D2K1COG,Cross Road Blues,50,0.638,0.93,0.311,https://api.spotify.com/v1/audio-analysis/1TrGdXSgiBm8W68D2K1COG
1TrGdXSgiBm8W68D2K1COG,Cross Road Blues,50,0.638,0.93,0.311,https://api.spotify.com/v1/audio-analysis/1TrGdXSgiBm8W68D2K1COG
7hYOjbDYBvUk7RymZ82To3,Match Box Blues (4446),32,0.519,0.976,0.157,https://api.spotify.com/v1/audio-analysis/7hYOjbDYBvUk7RymZ82To3
1vjHFgIdNuLXojpkzysoV8,Baby Please Don't Go,38,0.564,0.752,0.302,https://api.spotify.com/v1/audio-analysis/1vjHFgIdNuLXojpkzysoV8
12MFtyrU4ZPJqClBcjYFIA,Some Day Baby,30,0.686,0.964,0.204,https://api.spotify.com/v1/audio-analysis/12MFtyrU4ZPJqClBcjYFIA
4vqDFur1cyE8lS1oD3XiCB,I Got the Cross the River Jordan,36,0.415,0.91,0.177,https://api.spotify.com/v1/audio-analysis/4vqDFur1cyE8lS1oD3XiCB
0nWFmSvTZmgxGKFxodXgIq,Moanin' At Midnight,41,0.755,0.884,0.507,https://api.spotify.com/v1/audio-analysis/0nWFmSvTZmgxGKFxodXgIq
4ZgLOQB66wNk4VNB9H98E2,Heavy Load,39,0.254,0.837,0.0813,https://api.spotify.com/v1/audio-analysis/4ZgLOQB66wNk4VNB9H98E2
5nVK0rgBaHqRioBoWBWS8f,Lost & Lonesome,38,0.24,0.926,0.249,https://api.spotify.com/v1/audio-analysis/5nVK0rgBaHqRioBoWBWS8f
3xoMRK8egNvtjrCEQieLko,Am I Wrong,45,0.964,0.462,0.446,https://api.spotify.com/v1/audio-analysis/3xoMRK8egNvtjrCEQieLko
7DFgoaZmFnjOcKlrpV0mPK,Champagne & Reefer - Live,0,0.525,0.331,0.603,https://api.spotify.com/v1/audio-analysis/7DFgoaZmFnjOcKlrpV0mPK
7oy11oZXWxwRYn5DUxk0oW,"One Bourbon, One Scotch, One Beer",0,0.853,0.494,0.56,https://api.spotify.com/v1/audio-analysis/7oy11oZXWxwRYn5DUxk0oW
1cyftogE58xHzSgb77zcsn,Life by the Drop,56,0.473,0.766,0.163,https://api.spotify.com/v1/audio-analysis/1cyftogE58xHzSgb77zcsn
0fM0mFxHP1R4KPX1PB8tWU,Dust My Broom,42,0.696,0.0115,0.66,https://api.spotify.com/v1/audio-analysis/0fM0mFxHP1R4KPX1PB8tWU
6D0c7cyaWGr3Iqwb4jtWSM,It's Nobody's Fault but Mine,0,0.47,0.882,0.0946,https://api.spotify.com/v1/audio-analysis/6D0c7cyaWGr3Iqwb4jtWSM
5bC6ONDsL88snGN6QasjZH,Help Me,59,0.771,0.597,0.436,https://api.spotify.com/v1/audio-analysis/5bC6ONDsL88snGN6QasjZH
2FbLpNNlImB5mqCHgVIG1c,Whiskey And Wimmen',46,0.813,0.589,0.686,https://api.spotify.com/v1/audio-analysis/2FbLpNNlImB5mqCHgVIG1c
1R95piP4AI1kIzq9PRJfyF,Been Here Before,45,0.237,0.708,0.344,https://api.spotify.com/v1/audio-analysis/1R95piP4AI1kIzq9PRJfyF
1aHR9fHIvmcNQ9oOVqQExT,Bring It On Home,54,0.586,0.616,0.396,https://api.spotify.com/v1/audio-analysis/1aHR9fHIvmcNQ9oOVqQExT
1P3EPqytwKmzzgrbw72xRP,With My Maker I Am One,42,0.612,0.756,0.219,https://api.spotify.com/v1/audio-analysis/1P3EPqytwKmzzgrbw72xRP
2azwzKd8xYex2PyJEyl8BX,Coffee Blues,42,0.773,0.946,0.135,https://api.spotify.com/v1/audio-analysis/2azwzKd8xYex2PyJEyl8BX
2azwzKd8xYex2PyJEyl8BX,Coffee Blues,42,0.773,0.946,0.135,https://api.spotify.com/v1/audio-analysis/2azwzKd8xYex2PyJEyl8BX
21EwgINgOx9iiYo7Sj1HCM,Alabama Blues,41,0.69,0.824,0.308,https://api.spotify.com/v1/audio-analysis/21EwgINgOx9iiYo7Sj1HCM
21EwgINgOx9iiYo7Sj1HCM,Alabama Blues,41,0.69,0.824,0.308,https://api.spotify.com/v1/audio-analysis/21EwgINgOx9iiYo7Sj1HCM
2uoOm55gLvLMALwXmKrwXc,Death Don't Have No Mercy,40,0.558,0.872,0.185,https://api.spotify.com/v1/audio-analysis/2uoOm55gLvLMALwXmKrwXc
1FgQnc7KZLvaB89eWOfQ2R,Bumble Bee,34,0.502,0.665,0.245,https://api.spotify.com/v1/audio-analysis/1FgQnc7KZLvaB89eWOfQ2R
49OfM5fTeH57u2NN9mIpAW,Walking Blues,33,0.572,0.924,0.104,https://api.spotify.com/v1/audio-analysis/49OfM5fTeH57u2NN9mIpAW
3OGfvgASu7KjQn8whfBALw,Dust My Broom,32,0.526,0.758,0.458,https://api.spotify.com/v1/audio-analysis/3OGfvgASu7KjQn8whfBALw
0tHs5XPwU1k43SICp9yOKv,Death Letter,31,0.481,0.854,0.32,https://api.spotify.com/v1/audio-analysis/0tHs5XPwU1k43SICp9yOKv
75E8SwuE43G0bj3kHZlIts,Rank Strangers,39,0.275,0.81,0.236,https://api.spotify.com/v1/audio-analysis/75E8SwuE43G0bj3kHZlIts
0D4hafcSvGv5r9h2WWJaaS,Running Through High Water,32,0.691,0.698,0.596,https://api.spotify.com/v1/audio-analysis/0D4hafcSvGv5r9h2WWJaaS
5lo6zHSfRT9ECm1K9Fh7Ho,The Dolls Are Sleeping,36,0.404,0.628,0.248,https://api.spotify.com/v1/audio-analysis/5lo6zHSfRT9ECm1K9Fh7Ho
6zZWw2nK4OgfPH7G03tovl,Profit - Acoustic,0,0.392,0.895,0.228,https://api.spotify.com/v1/audio-analysis/6zZWw2nK4OgfPH7G03tovl
6ApksZhyT5U7HiKVdWiMmm,I’m Gone,23,0.653,0.146,0.339,https://api.spotify.com/v1/audio-analysis/6ApksZhyT5U7HiKVdWiMmm
4qTmr1QcPZNzj06rf0GA92,Banty Rooster Blues,31,0.461,0.957,0.454,https://api.spotify.com/v1/audio-analysis/4qTmr1QcPZNzj06rf0GA92
2i9YLsEQ2z0NhJ1ynuQQm2,Fishin' Blues (with Taj Mahal),31,0.842,0.881,0.287,https://api.spotify.com/v1/audio-analysis/2i9YLsEQ2z0NhJ1ynuQQm2
36C3122Qre8AjCMdCQNeAe,Other Side of Goodbye,36,0.529,0.827,0.213,https://api.spotify.com/v1/audio-analysis/36C3122Qre8AjCMdCQNeAe
3Vr5sIoub3YGiXWsZvnlmQ,in three years' time - Stripped Back,40,0.626,0.505,0.293,https://api.spotify.com/v1/audio-analysis/3Vr5sIoub3YGiXWsZvnlmQ
3aYzsSfm5H5597mewo0r3N,Another Man,29,0.395,0.522,0.435,https://api.spotify.com/v1/audio-analysis/3aYzsSfm5H5597mewo0r3N
2YwGnpyl0H4H7gecQ3NilN,It Would Be Better for the Bad to Be Good,33,0.397,0.906,0.132,https://api.spotify.com/v1/audio-analysis/2YwGnpyl0H4H7gecQ3NilN
1VcKAAbJoU9tUtjrLHuEAW,Gonna Walk This Road,36,0.521,0.921,0.106,https://api.spotify.com/v1/audio-analysis/1VcKAAbJoU9tUtjrLHuEAW
6NEgd3mCyms5M1eDFTqKHR,Eyesight to the Blind,28,0.885,0.666,0.618,https://api.spotify.com/v1/audio-analysis/6NEgd3mCyms5M1eDFTqKHR
7lavAhhncYAkiKn8dwiDk3,Behind the Sea,28,0.35,0.515,0.252,https://api.spotify.com/v1/audio-analysis/7lavAhhncYAkiKn8dwiDk3
5jl5jAMyWpkR4lEkAGnTXX,Letter from Bluewater Man,35,0.221,0.872,0.0393,https://api.spotify.com/v1/audio-analysis/5jl5jAMyWpkR4lEkAGnTXX
6FXNwy7mpnt9jbC2S7Lfl9,Walking My Troubles Away,33,0.573,0.913,0.126,https://api.spotify.com/v1/audio-analysis/6FXNwy7mpnt9jbC2S7Lfl9
0U1M0MLvbw0ZZQDR2BXELd,The World Can Be So Cold,31,0.514,0.893,0.229,https://api.spotify.com/v1/audio-analysis/0U1M0MLvbw0ZZQDR2BXELd
7BSI3B5WACBr9Q4QFSo9hu,All True Man,33,0.713,0.516,0.385,https://api.spotify.com/v1/audio-analysis/7BSI3B5WACBr9Q4QFSo9hu
02wAtZaUqHt147UtEBR4LO,Don't Fish in My Sea,25,0.527,0.866,0.129,https://api.spotify.com/v1/audio-analysis/02wAtZaUqHt147UtEBR4LO
516maf2eNSuB5pTB1NedlN,Death Letter,30,0.658,0.43,0.539,https://api.spotify.com/v1/audio-analysis/516maf2eNSuB5pTB1NedlN
6QaEUzzNtspNmCAdG4OUb6,Willow Witchin' (Hot Take),28,0.828,0.93,0.243,https://api.spotify.com/v1/audio-analysis/6QaEUzzNtspNmCAdG4OUb6
308iMDZL6Y2OsJceqn6Uly,I'm Ready,27,0.526,0.648,0.371,https://api.spotify.com/v1/audio-analysis/308iMDZL6Y2OsJceqn6Uly
3XV3dGbHJGBCmgDl4A4oh5,Push The Blues Away,42,0.213,0.824,0.383,https://api.spotify.com/v1/audio-analysis/3XV3dGbHJGBCmgDl4A4oh5
2ClSbxFxiinHO8ARbmgTn3,Medicine Man - Acoustic,37,0.611,0.742,0.433,https://api.spotify.com/v1/audio-analysis/2ClSbxFxiinHO8ARbmgTn3
3ArBqpsJ4pyrnKtHZYl6ZJ,Down in Mississippi,31,0.512,0.786,0.193,https://api.spotify.com/v1/audio-analysis/3ArBqpsJ4pyrnKtHZYl6ZJ
3TLHIqYpEdtjivr3IN1dMB,Should've Learnt My Lesson - Deuce Album Session / Alternative Acoustic Take / 1971,43,0.578,0.308,0.303,https://api.spotify.com/v1/audio-analysis/3TLHIqYpEdtjivr3IN1dMB
3KD3sURRyU5R5ofgj491qZ,I Won't Bitch,26,0.549,0.871,0.341,https://api.spotify.com/v1/audio-analysis/3KD3sURRyU5R5ofgj491qZ
4iS4vGzh365Wg0KutUiWoy,Bumble Bee (Live),31,0.444,0.814,0.244,https://api.spotify.com/v1/audio-analysis/4iS4vGzh365Wg0KutUiWoy
5rJbBdz2yN7ZPIPjX70Foq,Detroit Blues,24,0.928,0.921,0.486,https://api.spotify.com/v1/audio-analysis/5rJbBdz2yN7ZPIPjX70Foq
3sqmtKa1JwnAxLJFkmOQIf,Quarter on the Ground (A Song for Uncle Joe),38,0.463,0.765,0.209,https://api.spotify.com/v1/audio-analysis/3sqmtKa1JwnAxLJFkmOQIf
58TQAkARupFHoHVQ00Yj9S,Kansas City Blues,28,0.398,0.913,0.276,https://api.spotify.com/v1/audio-analysis/58TQAkARupFHoHVQ00Yj9S
3yEPbndiOIRsH4FA2dBrTH,Bad to the Bone,31,0.288,0.816,0.0704,https://api.spotify.com/v1/audio-analysis/3yEPbndiOIRsH4FA2dBrTH
11BX1F2ao0DQTgW86W6H5B,Hard Times,40,0.424,0.899,0.377,https://api.spotify.com/v1/audio-analysis/11BX1F2ao0DQTgW86W6H5B
1rmpguQGqC1YWy9i99YIQC,Riding In the Moonlight / Mr. Luck,30,0.961,0.618,0.697,https://api.spotify.com/v1/audio-analysis/1rmpguQGqC1YWy9i99YIQC
2hVQh6Yq26Qjk8tEp484Vb,Sideways,26,0.161,0.805,0.178,https://api.spotify.com/v1/audio-analysis/2hVQh6Yq26Qjk8tEp484Vb
3zq0O9elfqNSrIWM9S5eV2,Take Me to the Country,26,0.556,0.612,0.377,https://api.spotify.com/v1/audio-analysis/3zq0O9elfqNSrIWM9S5eV2
0hK8IwYBQwGbTgd7C5XyRZ,Diving Duck Blues,44,0.71,0.806,0.265,https://api.spotify.com/v1/audio-analysis/0hK8IwYBQwGbTgd7C5XyRZ
6uJKEvWD4zKL8PGwadftFv,When the Levee Breaks (feat. Jean Jacques Milteau),29,0.76,0.872,0.211,https://api.spotify.com/v1/audio-analysis/6uJKEvWD4zKL8PGwadftFv
4PvPkRcbnO4s67MPnij3sh,Deep River Blues,49,0.783,0.876,0.157,https://api.spotify.com/v1/audio-analysis/4PvPkRcbnO4s67MPnij3sh
4PvPkRcbnO4s67MPnij3sh,Deep River Blues,49,0.783,0.876,0.157,https://api.spotify.com/v1/audio-analysis/4PvPkRcbnO4s67MPnij3sh
5zxLOp4pDCfnJuMhZakq4f,Backstreets,25,0.073,0.861,0.37,https://api.spotify.com/v1/audio-analysis/5zxLOp4pDCfnJuMhZakq4f
2sTHsK8xaGGg7PRLiSnhhY,Going Down the Road Feeling Bad,28,0.635,0.322,0.56,https://api.spotify.com/v1/audio-analysis/2sTHsK8xaGGg7PRLiSnhhY
08pCnq3MdYsbEjubAWBdCt,Ships in the Night,36,0.405,0.93,0.125,https://api.spotify.com/v1/audio-analysis/08pCnq3MdYsbEjubAWBdCt
6TZa0ySHmDrjet5uk1gFSM,Walking the dog,30,0.446,0.419,0.165,https://api.spotify.com/v1/audio-analysis/6TZa0ySHmDrjet5uk1gFSM
6KbHosVLv94wZG6lhZdAp9,Break My Fall,30,0.251,0.816,0.317,https://api.spotify.com/v1/audio-analysis/6KbHosVLv94wZG6lhZdAp9
6i7pokV2JiF1et71olScGO,Lead Me On,31,0.483,0.834,0.307,https://api.spotify.com/v1/audio-analysis/6i7pokV2JiF1et71olScGO
0GkM9T6C7nzkgWUbK7E2cd,Going To Canada,26,0.758,0.72,0.417,https://api.spotify.com/v1/audio-analysis/0GkM9T6C7nzkgWUbK7E2cd
3ohWkpSBpimp9jXbvDETR1,America the Beautiful,29,0.501,0.823,0.31,https://api.spotify.com/v1/audio-analysis/3ohWkpSBpimp9jXbvDETR1
4VthU2Re0xqGF0qt6XHPMD,Bad Guy Necessity - Acoustic,27,0.665,0.686,0.469,https://api.spotify.com/v1/audio-analysis/4VthU2Re0xqGF0qt6XHPMD
4wWnFmXuoFhSAu5UukxTjs,No Expectations,26,0.269,0.746,0.276,https://api.spotify.com/v1/audio-analysis/4wWnFmXuoFhSAu5UukxTjs
2L7M2b2WZJkPSvPGy9BBmi,Right Here,30,0.421,0.885,0.194,https://api.spotify.com/v1/audio-analysis/2L7M2b2WZJkPSvPGy9BBmi
4krvAl6zfhfDfWL1KdvQAa,Let's Have Some Fun,30,0.189,0.98,0.318,https://api.spotify.com/v1/audio-analysis/4krvAl6zfhfDfWL1KdvQAa
6DBVUOcItyqkuBkSwNelOX,Guitar & Harmonica Rag,27,0.877,0.813,0.314,https://api.spotify.com/v1/audio-analysis/6DBVUOcItyqkuBkSwNelOX
3y3cL6EO4ZwSUAFqSMF1Ec,Apple Picker (Acoustic),23,0.475,0.818,0.102,https://api.spotify.com/v1/audio-analysis/3y3cL6EO4ZwSUAFqSMF1Ec
17fAhKyok3ZImAd3mcqtGx,Prisoner,24,0.285,0.758,0.086,https://api.spotify.com/v1/audio-analysis/17fAhKyok3ZImAd3mcqtGx
3HR1zeLxoPmGuFD8Qxu0Jq,Play With Your Poodle,29,0.624,0.81,0.43,https://api.spotify.com/v1/audio-analysis/3HR1zeLxoPmGuFD8Qxu0Jq
4NbmBhEdThmGYpiVakws47,Calling Out To You,39,0.316,0.964,0.118,https://api.spotify.com/v1/audio-analysis/4NbmBhEdThmGYpiVakws47
1lE2aVjpBPUcDO1XlmD0yu,Pray For Rain,36,0.362,0.962,0.0863,https://api.spotify.com/v1/audio-analysis/1lE2aVjpBPUcDO1XlmD0yu
4gFPqVg2MRvQGkSo7PhkOd,Death Row,32,0.665,0.511,0.596,https://api.spotify.com/v1/audio-analysis/4gFPqVg2MRvQGkSo7PhkOd
5NJkdnML8tFQ3wzh91BQAp,Living With The Blues,28,0.383,0.869,0.11,https://api.spotify.com/v1/audio-analysis/5NJkdnML8tFQ3wzh91BQAp
12u5zwcsb50LIhzpPxDI7q,You'll All Get What's Coming To You,25,0.232,0.581,0.531,https://api.spotify.com/v1/audio-analysis/12u5zwcsb50LIhzpPxDI7q
5oNiGRP6jxcK3uoF2U144o,Pay Day,23,0.0635,0.54,0.678,https://api.spotify.com/v1/audio-analysis/5oNiGRP6jxcK3uoF2U144o
0mhROANTkoXNVe3fF5DDPi,Brazos River Blues,28,0.397,0.488,0.384,https://api.spotify.com/v1/audio-analysis/0mhROANTkoXNVe3fF5DDPi
2QIbD38FhRqXHOeQC3SiYu,Castle,24,0.326,0.924,0.121,https://api.spotify.com/v1/audio-analysis/2QIbD38FhRqXHOeQC3SiYu
2xyA4n0bCLCQzXYskm4EZV,Samson And Delilah,29,0.751,0.878,0.237,https://api.spotify.com/v1/audio-analysis/2xyA4n0bCLCQzXYskm4EZV
0wy4zVtVXy06xwuCUayup0,I'm So Lonely,29,0.17,0.907,0.051,https://api.spotify.com/v1/audio-analysis/0wy4zVtVXy06xwuCUayup0
7vdcotQVRcTBwNiI4ZFNfz,See That My Grave Is Kept Clean,24,0.399,0.82,0.0518,https://api.spotify.com/v1/audio-analysis/7vdcotQVRcTBwNiI4ZFNfz
2Qdtq7tz7oNHHnvmQ1CSLa,Gimme a Pigfoot and a Bottle of Beer,21,0.689,0.548,0.46,https://api.spotify.com/v1/audio-analysis/2Qdtq7tz7oNHHnvmQ1CSLa
5suBKFfUnbSDujh14lmxT0,Delta Getaway,23,0.781,0.874,0.281,https://api.spotify.com/v1/audio-analysis/5suBKFfUnbSDujh14lmxT0
3K0nUaDXL7ghUjNYtGyjTE,Oh Lord,24,0.251,0.947,0.197,https://api.spotify.com/v1/audio-analysis/3K0nUaDXL7ghUjNYtGyjTE
6sN9oWUODtTqbOKSIZ7K7d,Refugee Moan,20,0.513,0.927,0.219,https://api.spotify.com/v1/audio-analysis/6sN9oWUODtTqbOKSIZ7K7d
2l3cWYbnJaocXNaWUxm2lu,"Baby, Please Don't Go",21,0.16,0.837,0.408,https://api.spotify.com/v1/audio-analysis/2l3cWYbnJaocXNaWUxm2lu
0M3Ax4slidyDfv9Hq0rYQz,Maybe I'll Go,24,0.751,0.881,0.249,https://api.spotify.com/v1/audio-analysis/0M3Ax4slidyDfv9Hq0rYQz
3AkN7wZwvXmhvlSWDMKkbr,Big Mama's Door,29,0.538,0.848,0.195,https://api.spotify.com/v1/audio-analysis/3AkN7wZwvXmhvlSWDMKkbr
0647hHN3O8D0OuOQFpfuuU,Ratchet Blues,24,0.874,0.75,0.668,https://api.spotify.com/v1/audio-analysis/0647hHN3O8D0OuOQFpfuuU
50NxwJPlcjsT7IqFshyuYP,Johnny law,33,0.312,0.962,0.322,https://api.spotify.com/v1/audio-analysis/50NxwJPlcjsT7IqFshyuYP
2LtpyfWWnr5V96l3Js7LLX,Good Morning Little Schoolgirl,33,0.566,0.668,0.433,https://api.spotify.com/v1/audio-analysis/2LtpyfWWnr5V96l3Js7LLX
2LtpyfWWnr5V96l3Js7LLX,Good Morning Little Schoolgirl,33,0.566,0.668,0.433,https://api.spotify.com/v1/audio-analysis/2LtpyfWWnr5V96l3Js7LLX
6FFQ4nIyeXaDYQLb1zFitB,Thumb A Ride,24,0.742,0.84,0.27,https://api.spotify.com/v1/audio-analysis/6FFQ4nIyeXaDYQLb1zFitB
2htN0gyb1WiJliAq9LtDza,Talkin' To Jehova,23,0.639,0.941,0.142,https://api.spotify.com/v1/audio-analysis/2htN0gyb1WiJliAq9LtDza
0IdWFitNfPCkUKSRfufc6C,Slowly Slipping Away,24,0.686,0.316,0.44,https://api.spotify.com/v1/audio-analysis/0IdWFitNfPCkUKSRfufc6C
1RWAsPQhpizSGmO8YWmS8M,Searching Blues,23,0.471,0.837,0.249,https://api.spotify.com/v1/audio-analysis/1RWAsPQhpizSGmO8YWmS8M
5LTMzb6lrWkdgNl4CNwfwx,Keep Your Lamp Trimmed And Burning,37,0.333,0.979,0.0443,https://api.spotify.com/v1/audio-analysis/5LTMzb6lrWkdgNl4CNwfwx
24NvptbNKGs6sPy1Vh1O0v,What They Say,48,0.96,0.688,0.57,https://api.spotify.com/v1/audio-analysis/24NvptbNKGs6sPy1Vh1O0v
5DEPLRnrRCXcrqrpqZO5Bz,"Signe - Acoustic; Live at MTV Unplugged, Bray Film Studios, Windsor, England, UK, 1/16/1992; 2013 Remaster",1,0.797,0.374,0.565,https://api.spotify.com/v1/audio-analysis/5DEPLRnrRCXcrqrpqZO5Bz
3xsYslIyJbMLk8n9qlUnrb,Before You Accuse Me - 2013 Remaster,1,0.719,0.674,0.449,https://api.spotify.com/v1/audio-analysis/3xsYslIyJbMLk8n9qlUnrb
7d8L6hQ8VROqzjjjd35NcK,"Hey Hey - Acoustic; Live at MTV Unplugged, Bray Film Studios, Windsor, England, UK, 1/16/1992; 2013 Remaster",1,0.689,0.644,0.527,https://api.spotify.com/v1/audio-analysis/7d8L6hQ8VROqzjjjd35NcK
5nZax8mmBCb4UYnW6ibvTb,"Lonely Stranger - Acoustic; Live at MTV Unplugged, Bray Film Studios, Windsor, England, UK, 1/16/1992; 2013 Remaster",1,0.587,0.524,0.473,https://api.spotify.com/v1/audio-analysis/5nZax8mmBCb4UYnW6ibvTb
0Se82Sof9IOUY4VdR9un2A,"Nobody Knows You When You're Down and Out - Acoustic; Live at MTV Unplugged, Bray Film Studios, Windsor, England, UK, 1/16/1992; 2013 Remaster",3,0.691,0.271,0.587,https://api.spotify.com/v1/audio-analysis/0Se82Sof9IOUY4VdR9un2A
64fZ1gcn7rEzbdibOP1inl,"Running On Faith - Acoustic; Live at MTV Unplugged, Bray Film Studios, Windsor, England, UK, 1/16/1992; 2013 Remaster",2,0.523,0.218,0.562,https://api.spotify.com/v1/audio-analysis/64fZ1gcn7rEzbdibOP1inl
2ahE4sVGcbb0gUfnSfbdtG,"Alberta - Acoustic; Live at MTV Unplugged, Bray Film Studios, Windsor, England, UK, 1/16/1992; 2013 Remaster",1,0.733,0.182,0.616,https://api.spotify.com/v1/audio-analysis/2ahE4sVGcbb0gUfnSfbdtG
6nYnjk9PeOKXyDmRtACgWo,"San Francisco Bay Blues - Acoustic; Live at MTV Unplugged, Bray Film Studios, Windsor, England, UK, 1/16/1992; 2013 Remaster",2,0.599,0.17,0.816,https://api.spotify.com/v1/audio-analysis/6nYnjk9PeOKXyDmRtACgWo
5vq4OF5MzDORpeNO0IBZiS,"Malted Milk - Acoustic; Live at MTV Unplugged, Bray Film Studios, Windsor, England, UK, 1/16/1992; 2013 Remaster",0,0.596,0.814,0.214,https://api.spotify.com/v1/audio-analysis/5vq4OF5MzDORpeNO0IBZiS
2KAQMHnDLzc3jr9tlLSJIC,"Old Love - Acoustic; Live at MTV Unplugged, Bray Film Studios, Windsor, England, UK, 1/16/1992; 2013 Remaster",2,0.385,0.3,0.444,https://api.spotify.com/v1/audio-analysis/2KAQMHnDLzc3jr9tlLSJIC
6sdRzg2xzToD4bXbBdmPw2,"Rollin' & Tumblin' - Acoustic; Live at MTV Unplugged, Bray Film Studios, Windsor, England, UK, 1/16/1992; 2013 Remaster",0,0.745,0.0267,0.869,https://api.spotify.com/v1/audio-analysis/6sdRzg2xzToD4bXbBdmPw2
3TXiJSUewI9EOhCDtatSSA,Ramblin' On My Mind,0,0.641,0.815,0.19,https://api.spotify.com/v1/audio-analysis/3TXiJSUewI9EOhCDtatSSA
5z8pEg4fvb8p6n6Ci7Yd5R,Terraplane Blues,0,0.64,0.884,0.39,https://api.spotify.com/v1/audio-analysis/5z8pEg4fvb8p6n6Ci7Yd5R
0VA1AEVgsyqoVyIY9egk1I,"Worried Life Blues - Acoustic; Live at MTV Unplugged, Bray Film Studios, Windsor, England, UK, 1/16/1992; 2013 Remaster",0,0.568,0.386,0.535,https://api.spotify.com/v1/audio-analysis/0VA1AEVgsyqoVyIY9egk1I
0YwOJEgeisBeOQv4GOtIYI,"Circus - Acoustic; Live at MTV Unplugged, Bray Film Studios, Windsor, England, UK, 1/16/1992; 2013 Remaster",0,0.855,0.787,0.518,https://api.spotify.com/v1/audio-analysis/0YwOJEgeisBeOQv4GOtIYI
7Ju1VkjdMB9QulZh2bPSqt,"My Father's Eyes - Acoustic; Live at MTV Unplugged, Bray Film Studios, Windsor, England, UK, 1/16/1992; Take 1",0,0.578,0.489,0.53,https://api.spotify.com/v1/audio-analysis/7Ju1VkjdMB9QulZh2bPSqt
2MgnRZCI9MR5owDFUfGPV5,"My Father's Eyes - Acoustic; Live at MTV Unplugged, Bray Film Studios, Windsor, England, UK, 1/16/1992; Take 2",0,0.526,0.45,0.509,https://api.spotify.com/v1/audio-analysis/2MgnRZCI9MR5owDFUfGPV5
1rUI9dLlvBVwjTxaJxIRmJ,"Walkin' Blues - Acoustic; Live at MTV Unplugged, Bray Film Studios, Windsor, England, UK, 1/16/1992; Take 1",0,0.57,0.646,0.334,https://api.spotify.com/v1/audio-analysis/1rUI9dLlvBVwjTxaJxIRmJ
3f5kxfFkRw9w0HQYydNXE0,"Running On Faith - Acoustic; Live at MTV Unplugged, Bray Film Studios, Windsor, England, UK, 1/16/1992; Take 1",0,0.598,0.188,0.607,https://api.spotify.com/v1/audio-analysis/3f5kxfFkRw9w0HQYydNXE0
3lYAUsrVWuMvRtsCOBQopO,Devil Is Watching You,33,0.377,0.865,0.409,https://api.spotify.com/v1/audio-analysis/3lYAUsrVWuMvRtsCOBQopO
0MPS1QtIcIcU1epNwR9qOo,Black Ghost Blues,16,0.437,0.694,0.239,https://api.spotify.com/v1/audio-analysis/0MPS1QtIcIcU1epNwR9qOo
14Ny2S4Y0qNypTs1FGaQjI,Ramblin' On My Mind - Take 1,22,0.564,0.984,0.153,https://api.spotify.com/v1/audio-analysis/14Ny2S4Y0qNypTs1FGaQjI
4q8AnAeRxSLTH4Z5Pb4Niz,Walk On,24,0.746,0.751,0.176,https://api.spotify.com/v1/audio-analysis/4q8AnAeRxSLTH4Z5Pb4Niz
0IoppJfG3RoyfCJzuyKCZL,War News Blues,0,0.506,0.973,0.297,https://api.spotify.com/v1/audio-analysis/0IoppJfG3RoyfCJzuyKCZL
02R4zhRHgWqk0wFeRSh1Qj,I Woke Up This Morning,14,0.414,0.859,0.2,https://api.spotify.com/v1/audio-analysis/02R4zhRHgWqk0wFeRSh1Qj
3O77ftZFDA4Tbsvo7aK3lj,The Howling Wolf,14,0.224,0.66,0.294,https://api.spotify.com/v1/audio-analysis/3O77ftZFDA4Tbsvo7aK3lj
7fYHRHeINRKFamdz0SUhNB,Shake Yourself,16,0.661,0.778,0.633,https://api.spotify.com/v1/audio-analysis/7fYHRHeINRKFamdz0SUhNB
1e6qkPMUiaWZfVk7WdRByQ,Standing At The Crossroads,24,0.95,0.315,0.765,https://api.spotify.com/v1/audio-analysis/1e6qkPMUiaWZfVk7WdRByQ
3lY0UV9R8tDFfa0ONgmTve,Get Back,28,0.506,0.722,0.141,https://api.spotify.com/v1/audio-analysis/3lY0UV9R8tDFfa0ONgmTve
2Hxt2iTw8VN9KNBfNxul8l,Bring It On Home To Me,0,0.783,0.441,0.208,https://api.spotify.com/v1/audio-analysis/2Hxt2iTw8VN9KNBfNxul8l
3L8XZNLibCtHYFIWVs0sMm,Walkin My Blues Away,0,0.746,0.243,0.281,https://api.spotify.com/v1/audio-analysis/3L8XZNLibCtHYFIWVs0sMm
4k1ktWbrsTqo8TSS2gRnKM,Dealing With The Devil,14,0.903,0.951,0.272,https://api.spotify.com/v1/audio-analysis/4k1ktWbrsTqo8TSS2gRnKM
1d5rF8M1TjLgNMVUm6eloa,People Get Ready,0,0.956,0.204,0.442,https://api.spotify.com/v1/audio-analysis/1d5rF8M1TjLgNMVUm6eloa
0nqgSmNlJrkm0WmdIIBl3r,You Bring Out The Boogie In Me,0,0.955,0.347,0.453,https://api.spotify.com/v1/audio-analysis/0nqgSmNlJrkm0WmdIIBl3r
51AbRZEbXM11hnG5nQt3hX,Delia,19,0.787,0.995,0.221,https://api.spotify.com/v1/audio-analysis/51AbRZEbXM11hnG5nQt3hX
5b1qSkOH0HJvgpIfSV03C6,Devil Sent the Rain Blues,9,0.334,0.971,0.175,https://api.spotify.com/v1/audio-analysis/5b1qSkOH0HJvgpIfSV03C6
4VWlYHwHZkBQbyV7wWeaDe,Crow Jane,30,0.876,0.931,0.331,https://api.spotify.com/v1/audio-analysis/4VWlYHwHZkBQbyV7wWeaDe
4WCAOSZzGLYvfTM6LdZmGi,Long Distance Call,0,0.518,0.748,0.192,https://api.spotify.com/v1/audio-analysis/4WCAOSZzGLYvfTM6LdZmGi
3JPS9XaJtmBQXyJLKR2twp,Cypress Grove Blues,24,0.568,0.992,0.121,https://api.spotify.com/v1/audio-analysis/3JPS9XaJtmBQXyJLKR2twp
1guIEbEw6v69ubNOuH9Aug,Sweet Home Chicago,41,0.383,0.966,0.121,https://api.spotify.com/v1/audio-analysis/1guIEbEw6v69ubNOuH9Aug
10W125nMbncRGcXRBoACOx,Come On In My Kitchen,38,0.283,0.927,0.0643,https://api.spotify.com/v1/audio-analysis/10W125nMbncRGcXRBoACOx
33hrofhwmIk6hrnkpbCsmq,Cross Road Blues - Take 1,39,0.576,0.978,0.186,https://api.spotify.com/v1/audio-analysis/33hrofhwmIk6hrnkpbCsmq
3wauajmfUegs6irVUQXaEp,The Healer,0,0.69,0.46,0.615,https://api.spotify.com/v1/audio-analysis/3wauajmfUegs6irVUQXaEp
5GPTI1Iw5ZSZbOVgysIOVe,The Feelin' Is Gone,26,0.526,0.876,0.219,https://api.spotify.com/v1/audio-analysis/5GPTI1Iw5ZSZbOVgysIOVe
3LVkwUD0t5TIZPEhOUjVyV,Send Me A Pillow,17,0.516,0.874,0.426,https://api.spotify.com/v1/audio-analysis/3LVkwUD0t5TIZPEhOUjVyV
0vvPcj65VlYiG0P4464lvQ,Burning Hell,18,0.622,0.884,0.576,https://api.spotify.com/v1/audio-analysis/0vvPcj65VlYiG0P4464lvQ
0u5DqebxtjYVxQo45xZQU8,Fixin' to Die Blues,29,0.577,0.897,0.266,https://api.spotify.com/v1/audio-analysis/0u5DqebxtjYVxQo45xZQU8
09sKCJcVUC24vgpaamdkrj,Parchman Farm Blues,0,0.656,0.879,0.335,https://api.spotify.com/v1/audio-analysis/09sKCJcVUC24vgpaamdkrj
2ZG0ClVhN79Cxs6AXxxItf,Monday Morning Blues - Live,20,0.538,0.773,0.413,https://api.spotify.com/v1/audio-analysis/2ZG0ClVhN79Cxs6AXxxItf
2aEwAZveffdZpHCez792kd,"Boys, You're Welcome",37,0.281,0.789,0.131,https://api.spotify.com/v1/audio-analysis/2aEwAZveffdZpHCez792kd
1K1F2204ESxEFQY7bFjIBk,Make Me A Pallet On Your Floor - Live,24,0.577,0.75,0.212,https://api.spotify.com/v1/audio-analysis/1K1F2204ESxEFQY7bFjIBk
6Nv8dfTm2qMjJeP7OL3hO7,John the Revelator,35,0.564,0.805,0.0423,https://api.spotify.com/v1/audio-analysis/6Nv8dfTm2qMjJeP7OL3hO7
6T00XPxsnSIKwRvcZc0GKB,Black Snake Moan,6,0.456,0.99,0.167,https://api.spotify.com/v1/audio-analysis/6T00XPxsnSIKwRvcZc0GKB
5Nj4g5ImS5iUqWVQ6KyitX,"When You Get Home, Write Me a Few Little Lines",14,0.472,0.872,0.37,https://api.spotify.com/v1/audio-analysis/5Nj4g5ImS5iUqWVQ6KyitX
2XtrInrRVz6JY3ydZ6yyvO,You Gotta Move,0,0.309,0.697,0.151,https://api.spotify.com/v1/audio-analysis/2XtrInrRVz6JY3ydZ6yyvO
6lecMWR3Br2sHz17HSQ0Ho,Louise,0,0.746,0.399,0.378,https://api.spotify.com/v1/audio-analysis/6lecMWR3Br2sHz17HSQ0Ho
47Phf3hjdzn0t0woEBBCdj,I'm Bad Like Jesse James,0,0.544,0.634,0.305,https://api.spotify.com/v1/audio-analysis/47Phf3hjdzn0t0woEBBCdj
5PheG3ZH6bMxxHic2PWPUT,I'm In the Mood,0,0.663,0.522,0.304,https://api.spotify.com/v1/audio-analysis/5PheG3ZH6bMxxHic2PWPUT
41s9iG3fTuu32yBnmDLCcZ,Mojo Hand,44,0.718,0.456,0.545,https://api.spotify.com/v1/audio-analysis/41s9iG3fTuu32yBnmDLCcZ
6m6AuBoCbGi4GT3XYcUw42,When the Levee Breaks,5,0.575,0.963,0.23,https://api.spotify.com/v1/audio-analysis/6m6AuBoCbGi4GT3XYcUw42
3GgvAt2Cyp7GRhYy9Luus1,Sittin On Top Of The World,53,0.73,0.892,0.127,https://api.spotify.com/v1/audio-analysis/3GgvAt2Cyp7GRhYy9Luus1
6pPmgSgrdWMemkmpRWO2aQ,Folsom Prison Blues,42,0.869,0.716,0.679,https://api.spotify.com/v1/audio-analysis/6pPmgSgrdWMemkmpRWO2aQ
5txOpfLvxVs0dASX7tOZ6n,Looking for a Sweetie,28,0.328,0.939,0.156,https://api.spotify.com/v1/audio-analysis/5txOpfLvxVs0dASX7tOZ6n
55rl2VzjWN0qnyy6cDE3B4,Sugar Babe,4,0.47,0.979,0.188,https://api.spotify.com/v1/audio-analysis/55rl2VzjWN0qnyy6cDE3B4
7d89sBzsw47LbdprUMNyfJ,Catfish Blues,24,0.831,0.978,0.328,https://api.spotify.com/v1/audio-analysis/7d89sBzsw47LbdprUMNyfJ
23Ry7IvrU6JBcxkpdqsPaw,Wish I Was in Heaven Sitting Down,21,0.414,0.709,0.375,https://api.spotify.com/v1/audio-analysis/23Ry7IvrU6JBcxkpdqsPaw
3sRTVE6B8rQkr5z3qmEqSK,Bull Doze Blues,0,0.545,0.972,0.254,https://api.spotify.com/v1/audio-analysis/3sRTVE6B8rQkr5z3qmEqSK
4sz6SyP9dfIjuTZhL5uW1C,Feel Like Going Home,38,0.185,0.793,0.0815,https://api.spotify.com/v1/audio-analysis/4sz6SyP9dfIjuTZhL5uW1C
1CQujRaW5SyQUf2MeTtWiz,See My Jumper Hangin' On The Line,31,0.137,0.829,0.216,https://api.spotify.com/v1/audio-analysis/1CQujRaW5SyQUf2MeTtWiz
6VhYbFu0awTAtouzcbl8v2,Blue And Lonesome - Single Version,42,0.757,0.939,0.544,https://api.spotify.com/v1/audio-analysis/6VhYbFu0awTAtouzcbl8v2
1nDisQht8pskK4lbeSgqw1,Nobody Knows You When You're Down And Out,39,0.338,0.687,0.338,https://api.spotify.com/v1/audio-analysis/1nDisQht8pskK4lbeSgqw1
25fwvbLBDoj0FclO5XC1jT,Louisiana Blues,23,0.375,0.934,0.311,https://api.spotify.com/v1/audio-analysis/25fwvbLBDoj0FclO5XC1jT
0PAoDpuqJ89AA16LvkFGro,Honey Bee,22,0.58,0.951,0.387,https://api.spotify.com/v1/audio-analysis/0PAoDpuqJ89AA16LvkFGro
0zMQGIDhB1xPSZpe9N9Abp,Uncloudy Day,20,0.186,0.98,0.271,https://api.spotify.com/v1/audio-analysis/0zMQGIDhB1xPSZpe9N9Abp
4ccdgqrPG8n28V0FWnWWL9,Saint James Infirmary,43,0.622,0.494,0.261,https://api.spotify.com/v1/audio-analysis/4ccdgqrPG8n28V0FWnWWL9
0VdV4ka3IsCmS4tgZjQQon,"One Scotch, One Bourbon, One Beer",28,0.959,0.826,0.251,https://api.spotify.com/v1/audio-analysis/0VdV4ka3IsCmS4tgZjQQon
4k9X10VgmHyvUN6SOOjD8c,Little Boy Blue,0,0.601,0.815,0.208,https://api.spotify.com/v1/audio-analysis/4k9X10VgmHyvUN6SOOjD8c
6rwE9decXCNkwLKVlibWx8,So Nice And Kind,0,0.602,0.965,0.207,https://api.spotify.com/v1/audio-analysis/6rwE9decXCNkwLKVlibWx8
1P6OvzbkQuy1LwZ39WYb6v,Man In The Mirror - Acoustic,30,0.573,0.491,0.385,https://api.spotify.com/v1/audio-analysis/1P6OvzbkQuy1LwZ39WYb6v
29oj3iI5o7esY765h1qgTK,December Wine,7,0.698,0.927,0.476,https://api.spotify.com/v1/audio-analysis/29oj3iI5o7esY765h1qgTK
6LMjjcvtlWp1Dtj19yiIvT,My Girl,55,0.311,0.869,0.0929,https://api.spotify.com/v1/audio-analysis/6LMjjcvtlWp1Dtj19yiIvT
6Q8jnL8xGNn6J721YkTs71,Billie Jean,34,0.351,0.354,0.397,https://api.spotify.com/v1/audio-analysis/6Q8jnL8xGNn6J721YkTs71
5QKolgb84zxXPGfv6jNDMT,First Choice,38,0.776,0.717,0.383,https://api.spotify.com/v1/audio-analysis/5QKolgb84zxXPGfv6jNDMT
3Be7vJDOFNOVv3iYQgIQpu,I Put a Spell on You (feat. Joss Stone),55,0.749,0.433,0.335,https://api.spotify.com/v1/audio-analysis/3Be7vJDOFNOVv3iYQgIQpu
5LeYBAHFPrMODXGOPBJSnc,Seven Nation Army,0,0.847,0.213,0.552,https://api.spotify.com/v1/audio-analysis/5LeYBAHFPrMODXGOPBJSnc
6TO2p37XIpDPhAp8BP3eDi,Sharp Dressed Man,0,0.379,0.457,0.317,https://api.spotify.com/v1/audio-analysis/6TO2p37XIpDPhAp8BP3eDi
0zAC1VFSNcpXXWVVWO1boH,The Boxer,0,0.255,0.661,0.377,https://api.spotify.com/v1/audio-analysis/0zAC1VFSNcpXXWVVWO1boH
5WMKS1iDfugyLhfibIlR51,"Out of My Mind - Live at the Nokia Theatre, Los Angeles, CA - December 2007",44,0.239,0.403,0.386,https://api.spotify.com/v1/audio-analysis/5WMKS1iDfugyLhfibIlR51
4UGf54xwp5MhCh6leO3gAG,Make It Rain,5,0.376,0.322,0.468,https://api.spotify.com/v1/audio-analysis/4UGf54xwp5MhCh6leO3gAG
5iONbHwZXGzwOjLO7CILVc,"I Got A Woman - Live at the House of Blues, Chicago, Illinois, September 22, 2005",36,0.453,0.00539,0.816,https://api.spotify.com/v1/audio-analysis/5iONbHwZXGzwOjLO7CILVc
3rX39dnO8Ig0Y9cuPZCXDK,Little Wing,16,0.966,0.785,0.273,https://api.spotify.com/v1/audio-analysis/3rX39dnO8Ig0Y9cuPZCXDK
3EOkzlWe2fdDo249czBKhi,Purple Rain,0,0.331,0.0183,0.443,https://api.spotify.com/v1/audio-analysis/3EOkzlWe2fdDo249czBKhi
6pkMIFFgbuGW6Jeedthwdx,Stop!,0,0.359,0.353,0.525,https://api.spotify.com/v1/audio-analysis/6pkMIFFgbuGW6Jeedthwdx
5LJFs3O1BFipvKh2wZHNMs,Times Makes Two,0,0.326,0.643,0.537,https://api.spotify.com/v1/audio-analysis/5LJFs3O1BFipvKh2wZHNMs
4AwMZr3UOiZLbr4nIBEJE3,"(Sittin' On) The Dock of the Bay - Live At The Fillmore, San Francisco, CA - July 2008",40,0.205,0.838,0.234,https://api.spotify.com/v1/audio-analysis/4AwMZr3UOiZLbr4nIBEJE3
162saLbKXr6Pht3n67KI3t,How Can You Mend A Broken Heart,0,0.42,0.432,0.561,https://api.spotify.com/v1/audio-analysis/162saLbKXr6Pht3n67KI3t
4GOaMuEGOMgJxnoDC39PhZ,Death Of Me (acoustic),16,0.504,0.752,0.073,https://api.spotify.com/v1/audio-analysis/4GOaMuEGOMgJxnoDC39PhZ
4x6JIMMXym9xlnSf3HnxVK,Melancholy Collar (demo),4,0.448,0.694,0.186,https://api.spotify.com/v1/audio-analysis/4x6JIMMXym9xlnSf3HnxVK
1x2ZElP7LmWMYqQhxAzzov,Give It To Me Right - Acoustic Version,0,0.804,0.246,0.647,https://api.spotify.com/v1/audio-analysis/1x2ZElP7LmWMYqQhxAzzov
0scZC582F1FFV79QRRMQnQ,I've Got Dreams To Remember,0,0.245,0.771,0.196,https://api.spotify.com/v1/audio-analysis/0scZC582F1FFV79QRRMQnQ
7GjWjpwUpMnFR0gtBN5Ymo,Let’s Stay Together,42,0.546,0.926,0.273,https://api.spotify.com/v1/audio-analysis/7GjWjpwUpMnFR0gtBN5Ymo
41TN32U3P4hw4dN0dH6LOo,Skipping Stone,45,0.19,0.846,0.103,https://api.spotify.com/v1/audio-analysis/41TN32U3P4hw4dN0dH6LOo
1Fgsl2n2zEAYOnLgdS67Jx,Giving It All Away,2,0.515,0.0897,0.473,https://api.spotify.com/v1/audio-analysis/1Fgsl2n2zEAYOnLgdS67Jx
4lalX6QKiVVNX43OJkv2MX,Mother Earth,5,0.329,0.0943,0.206,https://api.spotify.com/v1/audio-analysis/4lalX6QKiVVNX43OJkv2MX
1jO5kYMz6I9skWKu8Q9iS7,This Love Is Over (with The Pariah Dogs),39,0.42,0.729,0.273,https://api.spotify.com/v1/audio-analysis/1jO5kYMz6I9skWKu8Q9iS7
1bGZEcjm1ho1dpYLl5QA4f,Drinkin' Whiskey Tonight,0,0.712,0.579,0.501,https://api.spotify.com/v1/audio-analysis/1bGZEcjm1ho1dpYLl5QA4f
6xHfY7KRXnZPhwOFPjoFcX,Black Hole Sun,20,0.171,0.828,0.25,https://api.spotify.com/v1/audio-analysis/6xHfY7KRXnZPhwOFPjoFcX
6K9hwKk00liPSyEemLgiik,Baby It's Cold Outside,24,0.479,0.713,0.348,https://api.spotify.com/v1/audio-analysis/6K9hwKk00liPSyEemLgiik
69uPBNbTdMrqfijZiCH7tv,Hit Me Baby One More Time,10,0.348,0.411,0.526,https://api.spotify.com/v1/audio-analysis/69uPBNbTdMrqfijZiCH7tv
0c00cxbng8fUmaPqPli2Rb,More,16,0.359,0.358,0.6,https://api.spotify.com/v1/audio-analysis/0c00cxbng8fUmaPqPli2Rb
2coDf1mN7k4ghCgSoFdc9d,Oops!... I Did It Again,8,0.562,0.842,0.204,https://api.spotify.com/v1/audio-analysis/2coDf1mN7k4ghCgSoFdc9d
75q69wO42dZP8VHnEAtPZe,Let's Stay Together,41,0.509,0.442,0.239,https://api.spotify.com/v1/audio-analysis/75q69wO42dZP8VHnEAtPZe
69e2mUHb26PMFiXX7L7mBQ,Earned It - Acoustic,0,0.535,0.648,0.242,https://api.spotify.com/v1/audio-analysis/69e2mUHb26PMFiXX7L7mBQ
3LlgsIbOqTtprc126KZamL,Get the Party Started,0,0.475,0.78,0.154,https://api.spotify.com/v1/audio-analysis/3LlgsIbOqTtprc126KZamL
2fcH6CqwHyoOxUgy9E2T0Z,"Black Hole Sun - Recorded Live At Red Robinson Show Theatre, Vancouver, Canada on April 30, 2011",0,0.157,0.726,0.417,https://api.spotify.com/v1/audio-analysis/2fcH6CqwHyoOxUgy9E2T0Z
02qziysWZDgDvWhc0sUtVT,Love Is The Key,4,0.403,0.848,0.412,https://api.spotify.com/v1/audio-analysis/02qziysWZDgDvWhc0sUtVT
5qR6tsAWEuyz6gCn98OUgh,Faith,0,0.196,0.694,0.201,https://api.spotify.com/v1/audio-analysis/5qR6tsAWEuyz6gCn98OUgh
4sA9LLkU9jwT9FnlTXWZQN,Ain't No Sunshine,0,0.252,0.905,0.122,https://api.spotify.com/v1/audio-analysis/4sA9LLkU9jwT9FnlTXWZQN
7EOIR7hDNu2RL9DXKB8LZD,I Wanna Be Your...,0,0.302,0.762,0.45,https://api.spotify.com/v1/audio-analysis/7EOIR7hDNu2RL9DXKB8LZD
0cbs22Pr1JDWx0Cz9jsw3i,Misunderstood,0,0.538,0.38,0.315,https://api.spotify.com/v1/audio-analysis/0cbs22Pr1JDWx0Cz9jsw3i
4UefoA3wSbI3AiPP1Bdcak,Royals,0,0.298,0.0691,0.319,https://api.spotify.com/v1/audio-analysis/4UefoA3wSbI3AiPP1Bdcak
6ZimCGmTrqKyUnidBoLG13,Fast Car (feat. Kina Grannis),0,0.496,0.807,0.25,https://api.spotify.com/v1/audio-analysis/6ZimCGmTrqKyUnidBoLG13
7C2kIGrflgP2RKqMuf9GJR,Sexy And I Know It,0,0.507,0.512,0.26,https://api.spotify.com/v1/audio-analysis/7C2kIGrflgP2RKqMuf9GJR
18PbKNh8nuvrsq54GpCkoK,Creep - Acoustic,0,0.151,0.565,0.234,https://api.spotify.com/v1/audio-analysis/18PbKNh8nuvrsq54GpCkoK
1uZ9Sb4JJRiG4gvINBfZMM,Mercy - Acoustic Version,0,0.542,0.149,0.332,https://api.spotify.com/v1/audio-analysis/1uZ9Sb4JJRiG4gvINBfZMM
1VdmbvKkfoh2pgu4CvJt8R,Cry Me A River - Live Version,0,0.375,0.409,0.767,https://api.spotify.com/v1/audio-analysis/1VdmbvKkfoh2pgu4CvJt8R
39iKXBHb1z42cBzzlXjCVX,"Rainbow in the Sky - Live @ Mattie & Wietze, Q-Music",5,0.299,0.707,0.324,https://api.spotify.com/v1/audio-analysis/39iKXBHb1z42cBzzlXjCVX
56z7uNJhu8uILWJhUtXWEj,Everybody's Gotta Learn Sometime,0,0.197,0.243,0.332,https://api.spotify.com/v1/audio-analysis/56z7uNJhu8uILWJhUtXWEj
2KfhPr61n6fwr01CfIdsvk,Whisper,0,0.583,0.611,0.33,https://api.spotify.com/v1/audio-analysis/2KfhPr61n6fwr01CfIdsvk
5E85NMxkQIYnKFXZ86Rb66,For You,26,0.323,0.838,0.14,https://api.spotify.com/v1/audio-analysis/5E85NMxkQIYnKFXZ86Rb66
2poCGYnBEGRXQ4q9F889CS,Darlin',25,0.293,0.666,0.296,https://api.spotify.com/v1/audio-analysis/2poCGYnBEGRXQ4q9F889CS
3vceznvn9E63ALHw0FAGVt,Stay With Me (Acoustic),41,0.283,0.706,0.302,https://api.spotify.com/v1/audio-analysis/3vceznvn9E63ALHw0FAGVt
0JFRAcNxIayvSVmp3ohsix,Ain't Nobody (Loves Me Better) - Acoustic,39,0.227,0.848,0.243,https://api.spotify.com/v1/audio-analysis/0JFRAcNxIayvSVmp3ohsix
79Cf1l3ArCR9Rekn5xsQZD,Gravity,28,0.272,0.861,0.1,https://api.spotify.com/v1/audio-analysis/79Cf1l3ArCR9Rekn5xsQZD
3S9KQErBhu4moSzzkTPTEy,All About The Bass,0,0.979,0.823,0.528,https://api.spotify.com/v1/audio-analysis/3S9KQErBhu4moSzzkTPTEy
2xmKNiBb91jw9Ptadgc19O,Streets Of London,0,0.327,0.921,0.142,https://api.spotify.com/v1/audio-analysis/2xmKNiBb91jw9Ptadgc19O
56ZMxeLExVlH7PxwhcrhbZ,I Only Want To Be With You,0,0.598,0.724,0.279,https://api.spotify.com/v1/audio-analysis/56ZMxeLExVlH7PxwhcrhbZ
1zXcFEcah4DzIyju6UGDzB,Human Nature,34,0.48,0.74,0.318,https://api.spotify.com/v1/audio-analysis/1zXcFEcah4DzIyju6UGDzB
5GdJQKE1grSYEWeKB6Tbes,Another Day,36,0.378,0.681,0.257,https://api.spotify.com/v1/audio-analysis/5GdJQKE1grSYEWeKB6Tbes
35RnslDDY22Sm5xbGd20FK,You Might Need Somebody - Acoustic Version,0,0.56,0.855,0.199,https://api.spotify.com/v1/audio-analysis/35RnslDDY22Sm5xbGd20FK
50YxigR1jHw70Vn0uVGLO3,I Will Wait For You,0,0.439,0.253,0.57,https://api.spotify.com/v1/audio-analysis/50YxigR1jHw70Vn0uVGLO3
2jyVQckTXCDPamlr0hoyKg,Let's Get It On,15,0.383,0.242,0.288,https://api.spotify.com/v1/audio-analysis/2jyVQckTXCDPamlr0hoyKg
6E4Y6Lh9tGWezuWf2XzBwq,Get Lucky,57,0.416,0.758,0.468,https://api.spotify.com/v1/audio-analysis/6E4Y6Lh9tGWezuWf2XzBwq
1o4szgHxZ53JbD3QUDQ7HE,I Will Survive,43,0.531,0.725,0.507,https://api.spotify.com/v1/audio-analysis/1o4szgHxZ53JbD3QUDQ7HE
3vLnBJVaD6oY8pOKZIPYmo,Dream On,0,0.253,0.765,0.434,https://api.spotify.com/v1/audio-analysis/3vLnBJVaD6oY8pOKZIPYmo
0NB5rU2moa9As7KuCzIKGp,Can't Stop Thinking About You,0,0.146,0.559,0.122,https://api.spotify.com/v1/audio-analysis/0NB5rU2moa9As7KuCzIKGp
4rI7ONajlnbpoEwDCVGHEu,Lay My Head On Your Pillow,0,0.138,0.668,0.192,https://api.spotify.com/v1/audio-analysis/4rI7ONajlnbpoEwDCVGHEu
6nrsuQ4BILqeK62PigV76j,I Put a Spell on You,30,0.189,0.759,0.371,https://api.spotify.com/v1/audio-analysis/6nrsuQ4BILqeK62PigV76j
1qFyQPvpyr57OXG2frp6Pk,You're Gonna Need Me,0,0.31,0.82,0.158,https://api.spotify.com/v1/audio-analysis/1qFyQPvpyr57OXG2frp6Pk
3EF6f6N0rJA0InIvUph1hN,Alfie,0,0.478,0.715,0.176,https://api.spotify.com/v1/audio-analysis/3EF6f6N0rJA0InIvUph1hN
3ogpjh4LBNpDtIaJlpiJCi,Walk On By,0,0.416,0.628,0.0798,https://api.spotify.com/v1/audio-analysis/3ogpjh4LBNpDtIaJlpiJCi
6eHWdmUprcDM3YM8FBbj3O,I Shot the Sheriff,31,0.595,0.0285,0.414,https://api.spotify.com/v1/audio-analysis/6eHWdmUprcDM3YM8FBbj3O
7wX0aR2hK3hKST9uiAlxFG,Crazy - Live At 3FM GIEL!,14,0.288,0.634,0.338,https://api.spotify.com/v1/audio-analysis/7wX0aR2hK3hKST9uiAlxFG
0smFshd77HNx1bb4ax91Ky,My Baby Just Cares for Me,0,0.352,0.885,0.278,https://api.spotify.com/v1/audio-analysis/0smFshd77HNx1bb4ax91Ky
0NAecC1R4zUREewwDjBhNh,I Heard It Through The Grapevine - Original Mix,0,0.687,0.887,0.383,https://api.spotify.com/v1/audio-analysis/0NAecC1R4zUREewwDjBhNh
2ZSZ3DVneZwm825D6FueYS,You Give Me Something - Live At The Hospital Club,36,0.383,0.861,0.329,https://api.spotify.com/v1/audio-analysis/2ZSZ3DVneZwm825D6FueYS
3fAFZ4Uysp25Sv9gyRgkUr,Honeydripper - Acoustic,0,0.231,0.809,0.089,https://api.spotify.com/v1/audio-analysis/3fAFZ4Uysp25Sv9gyRgkUr
1cFPcD9ipfAfqZ3JeTPOJJ,Bridge Over Troubled Water - Live,0,0.28,0.893,0.255,https://api.spotify.com/v1/audio-analysis/1cFPcD9ipfAfqZ3JeTPOJJ
1hi3xLfs4BQRPU1YrdIdwh,Love is a Losing Game - Acoustic,7,0.309,0.918,0.0192,https://api.spotify.com/v1/audio-analysis/1hi3xLfs4BQRPU1YrdIdwh
4qltW1HB1kQ1Dacdy8c7Ww,You Give Me Something - (Live fromTokyo),0,0.284,0.789,0.508,https://api.spotify.com/v1/audio-analysis/4qltW1HB1kQ1Dacdy8c7Ww
1ZczOoLuCyDO5dKUPndxf5,Say a Little Prayer - Live,56,0.376,0.84,0.326,https://api.spotify.com/v1/audio-analysis/1ZczOoLuCyDO5dKUPndxf5
6ac8r8GhlykqUwPl8e5Cyx,Jealous Guy,0,0.234,0.783,0.337,https://api.spotify.com/v1/audio-analysis/6ac8r8GhlykqUwPl8e5Cyx
3T5WMkADGBWSgIubtXfm81,Toxic (Acoustic),19,0.382,0.677,0.126,https://api.spotify.com/v1/audio-analysis/3T5WMkADGBWSgIubtXfm81
5LoZYXUEWlZhtJqnNl5vIl,My Love Is Your Love,0,0.613,0.636,0.347,https://api.spotify.com/v1/audio-analysis/5LoZYXUEWlZhtJqnNl5vIl
3Dbgo1HE3DErIBNDIO4Hyd,Blank Space/Stand By Me - Live From Spotify London,62,0.514,0.379,0.553,https://api.spotify.com/v1/audio-analysis/3Dbgo1HE3DErIBNDIO4Hyd
6IOZ40GIO3TDfmslpL7U0A,I Like You Better,19,0.328,0.678,0.304,https://api.spotify.com/v1/audio-analysis/6IOZ40GIO3TDfmslpL7U0A
54EQYuvLElKZstivyCnYsg,Georgia On My Mind - Acoustic,16,0.356,0.745,0.235,https://api.spotify.com/v1/audio-analysis/54EQYuvLElKZstivyCnYsg
0OuEEH7orEj0rhgvDDZ8vD,Sexual Healing,0,0.438,0.841,0.297,https://api.spotify.com/v1/audio-analysis/0OuEEH7orEj0rhgvDDZ8vD
7qKBw3VBU6dVqK6F8WBIOJ,Tennessee Whiskey,46,0.167,0.86,0.297,https://api.spotify.com/v1/audio-analysis/7qKBw3VBU6dVqK6F8WBIOJ
6Vb7BSUmO9HQukrTvlDWyP,Ai Du (with Ry Cooder),0,0.408,0.306,0.225,https://api.spotify.com/v1/audio-analysis/6Vb7BSUmO9HQukrTvlDWyP
612VcBshQcy4mpB2utGc3H,"Tears in Heaven - Acoustic; Live at MTV Unplugged, Bray Film Studios, Windsor, England, UK, 1/16/1992; 2013 Remaster",15,0.422,0.8,0.336,https://api.spotify.com/v1/audio-analysis/612VcBshQcy4mpB2utGc3H
1tQGRq2WOBXjL3JWdWMONg,You Don't Care for Me Enough to Cry,45,0.233,0.861,0.208,https://api.spotify.com/v1/audio-analysis/1tQGRq2WOBXjL3JWdWMONg
3BEZCNZSmVv30vsMNSOCri,"Layla - Acoustic; Live at MTV Unplugged, Bray Film Studios, Windsor, England, UK, 1/16/1992; 2013 Remaster",14,0.636,0.321,0.524,https://api.spotify.com/v1/audio-analysis/3BEZCNZSmVv30vsMNSOCri
3PZllK2n9oabRdjQ4zXZcj,I'm In The Mood,18,0.669,0.607,0.303,https://api.spotify.com/v1/audio-analysis/3PZllK2n9oabRdjQ4zXZcj
5tdEWfBGNX7a7zD78tUwLZ,"Walkin' Blues - Acoustic; Live at MTV Unplugged, Bray Film Studios, Windsor, England, UK, 1/16/1992; 2013 Remaster",1,0.415,0.742,0.219,https://api.spotify.com/v1/audio-analysis/5tdEWfBGNX7a7zD78tUwLZ
3piY5aMfwEEmXMV6I9kpoi,Imagine,60,0.374,0.937,0.179,https://api.spotify.com/v1/audio-analysis/3piY5aMfwEEmXMV6I9kpoi
4Ja8Kgt3UEVd22kGfVBQ6g,When the Hurt Is Over,35,0.252,0.629,0.129,https://api.spotify.com/v1/audio-analysis/4Ja8Kgt3UEVd22kGfVBQ6g
0ZWSpn7UgqAp4exbKEUD5g,Wild World - Acoustic Version,52,0.61,0.8,0.306,https://api.spotify.com/v1/audio-analysis/0ZWSpn7UgqAp4exbKEUD5g
6aM93yziLBHnqnQgAFaQ7m,I Try,3,0.423,0.915,0.139,https://api.spotify.com/v1/audio-analysis/6aM93yziLBHnqnQgAFaQ7m
6PIEE443qM0IS279RdW24q,The Big Rock Candy Mountain,55,0.573,0.871,0.172,https://api.spotify.com/v1/audio-analysis/6PIEE443qM0IS279RdW24q
0YwNdeDFbGP6AGwsQrtzdY,I Am A Man Of Constant Sorrow - Radio Edit,62,0.725,0.666,0.328,https://api.spotify.com/v1/audio-analysis/0YwNdeDFbGP6AGwsQrtzdY
1xCkZYGKDv7ELjSlIKedOy,No Diggity,47,0.5,0.589,0.506,https://api.spotify.com/v1/audio-analysis/1xCkZYGKDv7ELjSlIKedOy
6CQaVuICm1WVXyy3SZ5jEI,"Valerie - Live At BBC Radio 1 Live Lounge, London / 2007",0,0.681,0.736,0.367,https://api.spotify.com/v1/audio-analysis/6CQaVuICm1WVXyy3SZ5jEI
0p5zJBYoJOzVLBiDeA0PvS,Where Did You Sleep Last Night,4,0.543,0.948,0.241,https://api.spotify.com/v1/audio-analysis/0p5zJBYoJOzVLBiDeA0PvS
0W0euvQlhbcsTydzsD4EQk,Death Letter Blues,38,0.865,0.865,0.288,https://api.spotify.com/v1/audio-analysis/0W0euvQlhbcsTydzsD4EQk
6YJmV1VRtTxNZUFkDEQE3H,I Can't Be Satisfied,8,0.645,0.945,0.367,https://api.spotify.com/v1/audio-analysis/6YJmV1VRtTxNZUFkDEQE3H
2P9nh9pTK96dE0b6NBbTSs,"Dark Was the Night, Cold Was the Ground",43,0.2,0.968,0.0406,https://api.spotify.com/v1/audio-analysis/2P9nh9pTK96dE0b6NBbTSs
05Fqtv0hpBriJj803R6x8i,Statesboro Blues,29,0.437,0.973,0.267,https://api.spotify.com/v1/audio-analysis/05Fqtv0hpBriJj803R6x8i
5RmP7cOkIx2X6DWtTtMuC9,Bring Me My Shotgun,30,0.451,0.926,0.254,https://api.spotify.com/v1/audio-analysis/5RmP7cOkIx2X6DWtTtMuC9
77xNKAq581eD62ipzK81yc,Hard Time Killin' Floor Blues,21,0.482,0.986,0.203,https://api.spotify.com/v1/audio-analysis/77xNKAq581eD62ipzK81yc
1QCUrXrY1qlxRhL3a9LYCA,Me and the Devil Blues,43,0.15,0.931,0.111,https://api.spotify.com/v1/audio-analysis/1QCUrXrY1qlxRhL3a9LYCA
2HUZVffVPXvqnrml0gXggp,Smokestack Lightnin',60,0.588,0.844,0.342,https://api.spotify.com/v1/audio-analysis/2HUZVffVPXvqnrml0gXggp
7j02rdE5RVtNcNMuLGY5SS,Spoonful,56,0.824,0.669,0.376,https://api.spotify.com/v1/audio-analysis/7j02rdE5RVtNcNMuLGY5SS
4FeR50temVlJaXLnZFl3Rj,Looky Looky Yonder / Black Betty / Yellow Women's Door Bells,0,0.182,0.984,0.0927,https://api.spotify.com/v1/audio-analysis/4FeR50temVlJaXLnZFl3Rj
