track_uri,name,popularity,valence,acousticness,energy,analysis_url
582EVyAFKmKPa1bVPSDurJ,Two Fingers,58,0.913,0.00252,0.677,https://api.spotify.com/v1/audio-analysis/582EVyAFKmKPa1bVPSDurJ
0z1hoxTVVdZn1OxciNsRuw,Something to Believe In,44,0.881,0.0462,0.882,https://api.spotify.com/v1/audio-analysis/0z1hoxTVVdZn1OxciNsRuw
35WxT8FX7Y3i7Tc4VX7yR3,joy.,0,0.417,0.0102,0.536,https://api.spotify.com/v1/audio-analysis/35WxT8FX7Y3i7Tc4VX7yR3
7sMcFdVYcwucGVtoV7r9lZ,Casual Party,44,0.495,8.88e-05,0.808,https://api.spotify.com/v1/audio-analysis/7sMcFdVYcwucGVtoV7r9lZ
5jhfa76FhqtD3Boij6MAKS,Love You Madly,56,0.658,0.0908,0.809,https://api.spotify.com/v1/audio-analysis/5jhfa76FhqtD3Boij6MAKS
2WgbFkQQswVVEWnyKnFo2q,All My Friends,50,0.357,0.111,0.837,https://api.spotify.com/v1/audio-analysis/2WgbFkQQswVVEWnyKnFo2q
3wXEUULHykJRKdpqano51m,I'm Amazed,47,0.651,0.0029,0.712,https://api.spotify.com/v1/audio-analysis/3wXEUULHykJRKdpqano51m
0Dw9z44gXhplDh5HCWZIxP,You Oughta Know,55,0.43,0.204,0.831,https://api.spotify.com/v1/audio-analysis/0Dw9z44gXhplDh5HCWZIxP
7aKWgpecgLEqisWcXPElDl,Never There,61,0.592,0.0426,0.735,https://api.spotify.com/v1/audio-analysis/7aKWgpecgLEqisWcXPElDl
2GHYJ0dhVds3PODKnTdiGE,All I Want,56,0.622,0.0558,0.811,https://api.spotify.com/v1/audio-analysis/2GHYJ0dhVds3PODKnTdiGE
1ng36571Iyov4HBxUClySn,Pepper,62,0.671,0.00589,0.804,https://api.spotify.com/v1/audio-analysis/1ng36571Iyov4HBxUClySn
3mNecsYFb6LQg7822DPXCP,Absolutely (Story of a Girl) - Radio Mix,66,0.66,0.000891,0.94,https://api.spotify.com/v1/audio-analysis/3mNecsYFb6LQg7822DPXCP
7clUVcSOtkNWa58Gw5RfD4,Speed of Sound,71,0.353,0.00488,0.898,https://api.spotify.com/v1/audio-analysis/7clUVcSOtkNWa58Gw5RfD4
4wzt5Rrk3W98pHXAqutuJw,Talk,63,0.163,0.00541,0.554,https://api.spotify.com/v1/audio-analysis/4wzt5Rrk3W98pHXAqutuJw
2WZyfujzMweFLnozyUJBkW,Boston,61,0.29,0.182,0.571,https://api.spotify.com/v1/audio-analysis/2WZyfujzMweFLnozyUJBkW
4oGTdOClZUxcM2H3UmXlwL,Ironic,55,0.392,0.246,0.595,https://api.spotify.com/v1/audio-analysis/4oGTdOClZUxcM2H3UmXlwL
6sqNctd7MlJoKDOxPVCAvU,My Happy Ending,68,0.74,0.00136,0.936,https://api.spotify.com/v1/audio-analysis/6sqNctd7MlJoKDOxPVCAvU
4asjU3sDnn3002bTJIg2vZ,Missed the Boat,57,0.852,0.0697,0.698,https://api.spotify.com/v1/audio-analysis/4asjU3sDnn3002bTJIg2vZ
5TM2eqdzfWPHklI7YnBmsD,Blister in the Sun - 2002 Remastered Version,0,0.89,0.219,0.261,https://api.spotify.com/v1/audio-analysis/5TM2eqdzfWPHklI7YnBmsD
0sKAZF2T0hD3SfEr0U0rqX,"OK, It's Alright with Me",58,0.666,0.335,0.597,https://api.spotify.com/v1/audio-analysis/0sKAZF2T0hD3SfEr0U0rqX
5IChepDidVaL8UkG6PuzB2,Keep Your Eyes Open,46,0.377,0.104,0.844,https://api.spotify.com/v1/audio-analysis/5IChepDidVaL8UkG6PuzB2
5p9XWUdvbUzmPCukOmwoU3,Suddenly I See,72,0.664,0.225,0.767,https://api.spotify.com/v1/audio-analysis/5p9XWUdvbUzmPCukOmwoU3
2dphvmoLEXdk8hOYxmHlI3,Strawberry Swing,55,0.428,0.00722,0.663,https://api.spotify.com/v1/audio-analysis/2dphvmoLEXdk8hOYxmHlI3
3GgA0KZ3AMu8SInRmB1pmo,We Used to Wait,43,0.488,0.0797,0.657,https://api.spotify.com/v1/audio-analysis/3GgA0KZ3AMu8SInRmB1pmo
5oRp0GTiNQ2OjCUssfCTsk,Nothing Left to Lose,0,0.468,0.103,0.71,https://api.spotify.com/v1/audio-analysis/5oRp0GTiNQ2OjCUssfCTsk
0O53YcPBLyveU0jVYZpUgk,The End,0,0.228,0.0014,0.586,https://api.spotify.com/v1/audio-analysis/0O53YcPBLyveU0jVYZpUgk
32oh9wNU89gmX6CohLTdeG,Shattered [Turn The Car Around],0,0.462,0.0175,0.784,https://api.spotify.com/v1/audio-analysis/32oh9wNU89gmX6CohLTdeG
78kkknD87Eor8RDGY9Gyuv,Hand in My Pocket,48,0.621,0.0522,0.769,https://api.spotify.com/v1/audio-analysis/78kkknD87Eor8RDGY9Gyuv
1qpeSaSifIDeJsGU6GskAz,Lost!,46,0.53,0.0064,0.803,https://api.spotify.com/v1/audio-analysis/1qpeSaSifIDeJsGU6GskAz
7mnGQesk1TzQLzQ9bYWZPR,She's so High,70,0.211,0.2,0.84,https://api.spotify.com/v1/audio-analysis/7mnGQesk1TzQLzQ9bYWZPR
4ocbH5ZJqajZIpUrqRUoue,Meet Virginia,60,0.594,0.0863,0.553,https://api.spotify.com/v1/audio-analysis/4ocbH5ZJqajZIpUrqRUoue
0nnwn7LWHCAu09jfuH1xTA,Slide,70,0.481,0.00483,0.843,https://api.spotify.com/v1/audio-analysis/0nnwn7LWHCAu09jfuH1xTA
2RQ3fWFZJJe4G5KkHEACww,Pinch Me,56,0.794,0.0151,0.857,https://api.spotify.com/v1/audio-analysis/2RQ3fWFZJJe4G5KkHEACww
3uPfVXcjnpOjyzI3jb3js4,Fly,65,0.674,0.0202,0.648,https://api.spotify.com/v1/audio-analysis/3uPfVXcjnpOjyzI3jb3js4
4vDBJeeQCbhP9FaPPMsYkY,Give Me One Reason,68,0.602,0.602,0.419,https://api.spotify.com/v1/audio-analysis/4vDBJeeQCbhP9FaPPMsYkY
65KzDXZm9aQt8sA1k0ZVG3,The Space Between,55,0.207,0.0471,0.73,https://api.spotify.com/v1/audio-analysis/65KzDXZm9aQt8sA1k0ZVG3
1jlG3KJ3gdYmhfuySFfpO1,I'm with You,71,0.208,0.08,0.406,https://api.spotify.com/v1/audio-analysis/1jlG3KJ3gdYmhfuySFfpO1
1uT5X0suLjdxnmom0YYJ6N,Walk the Wire,0,0.703,0.00136,0.895,https://api.spotify.com/v1/audio-analysis/1uT5X0suLjdxnmom0YYJ6N
12Nlr5R9hTVooULJ7xNyfV,On'n'On - Ruined by Rick Rubin,0,0.291,0.000299,0.68,https://api.spotify.com/v1/audio-analysis/12Nlr5R9hTVooULJ7xNyfV
44WZJJnhlIMwARyEjigVRz,Giving Up The Gun,0,0.746,0.00124,0.88,https://api.spotify.com/v1/audio-analysis/44WZJJnhlIMwARyEjigVRz
5UHvgsb97pKpeonJLwz63U,Lay It on Me - Said the Sky Remix,31,0.355,0.0376,0.709,https://api.spotify.com/v1/audio-analysis/5UHvgsb97pKpeonJLwz63U
64j1RXbmLmNwRVYw8b9ORI,Number One (feat. Richie Havens & Son Little),11,0.34,0.0453,0.504,https://api.spotify.com/v1/audio-analysis/64j1RXbmLmNwRVYw8b9ORI
2wSgjvKs4oLjFVmUA2gPVS,One Lovely Day,0,0.165,0.555,0.48,https://api.spotify.com/v1/audio-analysis/2wSgjvKs4oLjFVmUA2gPVS
5956lnyCfA6I4qA5n8vPpT,I Summon You,0,0.945,0.133,0.672,https://api.spotify.com/v1/audio-analysis/5956lnyCfA6I4qA5n8vPpT
0QjH9lyj4zgmIW6OIjL7E0,How It Starts,0,0.634,0.000246,0.93,https://api.spotify.com/v1/audio-analysis/0QjH9lyj4zgmIW6OIjL7E0
4d0mp3RK1yCY2RkWvLibNV,"Life, Love & Laughter",38,0.629,0.0347,0.771,https://api.spotify.com/v1/audio-analysis/4d0mp3RK1yCY2RkWvLibNV
7eIJBJtlCV0aaubMkyvmCS,Do The Trick,0,0.821,0.211,0.813,https://api.spotify.com/v1/audio-analysis/7eIJBJtlCV0aaubMkyvmCS
046knfAIKyTtsNHm88Xgh7,Run,0,0.822,0.0124,0.749,https://api.spotify.com/v1/audio-analysis/046knfAIKyTtsNHm88Xgh7
2BODATarrww1W7FXh2o32J,How I Roll,11,0.817,0.199,0.645,https://api.spotify.com/v1/audio-analysis/2BODATarrww1W7FXh2o32J
5WZh0K4KfPRX4uKCUrFrfG,I've Been Life,0,0.96,0.0145,0.91,https://api.spotify.com/v1/audio-analysis/5WZh0K4KfPRX4uKCUrFrfG
24qmkeuXqVvv9LbkdSNwGJ,Unfinished,7,0.36,0.0368,0.678,https://api.spotify.com/v1/audio-analysis/24qmkeuXqVvv9LbkdSNwGJ
4UXSYJDEgOlMX3MXVkaiyH,It's Only Life,46,0.454,0.0476,0.623,https://api.spotify.com/v1/audio-analysis/4UXSYJDEgOlMX3MXVkaiyH
2fntEgOXz1EVS5xnZ84mBv,Good Times,0,0.438,0.0261,0.917,https://api.spotify.com/v1/audio-analysis/2fntEgOXz1EVS5xnZ84mBv
5uCeHGj9goezVqcqvkbHLc,Look the Other Way,0,0.813,0.28,0.63,https://api.spotify.com/v1/audio-analysis/5uCeHGj9goezVqcqvkbHLc
0f6x5TeAVPACTxZLEvk46O,Off The Record,0,0.509,0.115,0.654,https://api.spotify.com/v1/audio-analysis/0f6x5TeAVPACTxZLEvk46O
6KwJvvGEAAGZqI3QyOdAJc,"The Remedy (I Won't Worry) - Live at the Eagles Ballroom, Milwaukee, WI, 10/28/2003",21,0.466,0.348,0.94,https://api.spotify.com/v1/audio-analysis/6KwJvvGEAAGZqI3QyOdAJc
6Mnjz2VYYLpf7ArmowVmWD,Beautiful,25,0.755,0.284,0.526,https://api.spotify.com/v1/audio-analysis/6Mnjz2VYYLpf7ArmowVmWD
0AQW0xp3kmjNZ2sE3KwNrH,Best Days,22,0.825,0.00242,0.805,https://api.spotify.com/v1/audio-analysis/0AQW0xp3kmjNZ2sE3KwNrH
2nxdVV024fKbd7BmVsIA2z,Hollywood (feat. Penguin Prison) - Felix Da Housecat Remix,0,0.918,0.491,0.643,https://api.spotify.com/v1/audio-analysis/2nxdVV024fKbd7BmVsIA2z
2f5m5MB4H5wRS5iu7oee1Q,Right Me Up,0,0.641,0.501,0.542,https://api.spotify.com/v1/audio-analysis/2f5m5MB4H5wRS5iu7oee1Q
3WQZfz5DLbO2vnJDWNxRBf,Every Night,38,0.417,0.0508,0.599,https://api.spotify.com/v1/audio-analysis/3WQZfz5DLbO2vnJDWNxRBf
6IXuItAXX1lSnnSdVJIpWJ,Divisionary (Do The Right Thing),0,0.701,0.607,0.474,https://api.spotify.com/v1/audio-analysis/6IXuItAXX1lSnnSdVJIpWJ
7pwpBZQw8MkrGOzT4c4BIM,Better Days,0,0.504,0.393,0.89,https://api.spotify.com/v1/audio-analysis/7pwpBZQw8MkrGOzT4c4BIM
5R4gVbjPPZ9RStF7HMHu0v,Impressions of You,0,0.451,0.156,0.552,https://api.spotify.com/v1/audio-analysis/5R4gVbjPPZ9RStF7HMHu0v
6Rpp0HMWpLvi9jBiwYngCZ,House On Fire - Bonus Track,19,0.298,0.000799,0.741,https://api.spotify.com/v1/audio-analysis/6Rpp0HMWpLvi9jBiwYngCZ
4ERzcLXB4YCILKugtJ90iu,Searchin,26,0.332,0.0532,0.744,https://api.spotify.com/v1/audio-analysis/4ERzcLXB4YCILKugtJ90iu
56ptMHpMlRSIHGm2OeE9MK,This Must Be the Place (Naïve Melody),0,0.411,0.817,0.225,https://api.spotify.com/v1/audio-analysis/56ptMHpMlRSIHGm2OeE9MK
5sbVOWgnc74mFBUYHEqBAC,Tuxedos,0,0.545,0.0786,0.434,https://api.spotify.com/v1/audio-analysis/5sbVOWgnc74mFBUYHEqBAC
4orHVYvdG5v4G4bmp2Lwdg,Sight of the Sun - Single Version,48,0.522,0.0275,0.703,https://api.spotify.com/v1/audio-analysis/4orHVYvdG5v4G4bmp2Lwdg
0DtECvbHJlbL2CfN8pDYUu,That Was Us,23,0.498,0.0847,0.662,https://api.spotify.com/v1/audio-analysis/0DtECvbHJlbL2CfN8pDYUu
5V78FW0DGObO8rT28miczk,Here Today,26,0.533,0.0597,0.66,https://api.spotify.com/v1/audio-analysis/5V78FW0DGObO8rT28miczk
2qMsjjHlLXPnQgPsFL7Fur,It Was Always You,0,0.303,0.0841,0.757,https://api.spotify.com/v1/audio-analysis/2qMsjjHlLXPnQgPsFL7Fur
2jS0wLcyQweY55YNvaqoci,Lupine Intrigue,11,0.127,0.61,0.448,https://api.spotify.com/v1/audio-analysis/2jS0wLcyQweY55YNvaqoci
5NbHJWUovavaCRHhEAMmXr,Light Will Keep Your Heart Beating in the Future,24,0.791,0.058,0.979,https://api.spotify.com/v1/audio-analysis/5NbHJWUovavaCRHhEAMmXr
6huiUj0YLVzaiqvkcueE4R,Satellite,0,0.641,0.0035,0.747,https://api.spotify.com/v1/audio-analysis/6huiUj0YLVzaiqvkcueE4R
3zcmWxxUA7Em7X3IBqZGUo,In Love With a Girl,50,0.684,0.0191,0.906,https://api.spotify.com/v1/audio-analysis/3zcmWxxUA7Em7X3IBqZGUo
6Ld53nqiAwNMQMnMrDbrsj,Torches,1,0.44,0.32,0.652,https://api.spotify.com/v1/audio-analysis/6Ld53nqiAwNMQMnMrDbrsj
2HvUoL7nVFVjJd3qNHpu9F,She Calls Me,0,0.156,0.179,0.486,https://api.spotify.com/v1/audio-analysis/2HvUoL7nVFVjJd3qNHpu9F
2mIKwsvEo2RSGvQAXynQJ3,On Your Side,0,0.293,0.651,0.321,https://api.spotify.com/v1/audio-analysis/2mIKwsvEo2RSGvQAXynQJ3
77eqlzGfVjCRTlQEKfpmXg,Sweet Lover,3,0.313,0.794,0.189,https://api.spotify.com/v1/audio-analysis/77eqlzGfVjCRTlQEKfpmXg
7kyefGv32vVrAXQ1OGnqLz,Americanos,0,0.291,0.146,0.347,https://api.spotify.com/v1/audio-analysis/7kyefGv32vVrAXQ1OGnqLz
3IuScQE3Qd41GjG66fXqPA,Chaos Queen,1,0.816,0.0562,0.6,https://api.spotify.com/v1/audio-analysis/3IuScQE3Qd41GjG66fXqPA
2JzGTAN5akh2N4T6DfTpvg,Pink Line,1,0.33,0.0901,0.29,https://api.spotify.com/v1/audio-analysis/2JzGTAN5akh2N4T6DfTpvg
1InwSKEggfLGg4QeWsDcPu,Like a Secret (In my head),1,0.579,0.418,0.451,https://api.spotify.com/v1/audio-analysis/1InwSKEggfLGg4QeWsDcPu
30IRLDnTat6JsEhdDUfYPw,Blood Moon,1,0.133,0.191,0.426,https://api.spotify.com/v1/audio-analysis/30IRLDnTat6JsEhdDUfYPw
3qBaCCsAJGkSJc8XBui6Mp,Wordplay,44,0.512,0.192,0.877,https://api.spotify.com/v1/audio-analysis/3qBaCCsAJGkSJc8XBui6Mp
3iRvpT4HLIGYGTrDa4U3oO,Walk Away,0,0.393,0.875,0.0954,https://api.spotify.com/v1/audio-analysis/3iRvpT4HLIGYGTrDa4U3oO
5RBx3tM9hmVJAOnSUHIWkn,Rock & Roll,54,0.901,0.0395,0.767,https://api.spotify.com/v1/audio-analysis/5RBx3tM9hmVJAOnSUHIWkn
3G3GZnfjmypPEdkItAofp8,Jenny Don't Be Hasty,59,0.894,0.00362,0.816,https://api.spotify.com/v1/audio-analysis/3G3GZnfjmypPEdkItAofp8
1rkbMXhEjIytsUGbhoR5pn,Life in Technicolor,49,0.254,0.0102,0.662,https://api.spotify.com/v1/audio-analysis/1rkbMXhEjIytsUGbhoR5pn
7p1PhtGLjq0ISncRXBHqXY,Here Is Gone,41,0.218,0.000502,0.74,https://api.spotify.com/v1/audio-analysis/7p1PhtGLjq0ISncRXBHqXY
4A6S7ekh0sxC5gJam3yyaV,Breathe In Breathe Out,0,0.206,0.7,0.448,https://api.spotify.com/v1/audio-analysis/4A6S7ekh0sxC5gJam3yyaV
6jSoDFoUl903MNFhS4FuZx,Follow Through,39,0.375,0.000575,0.772,https://api.spotify.com/v1/audio-analysis/6jSoDFoUl903MNFhS4FuZx
5qPGi9p8VqcizfdgWxtmLt,Lovers in Japan,50,0.0728,0.0427,0.733,https://api.spotify.com/v1/audio-analysis/5qPGi9p8VqcizfdgWxtmLt
1UfDvk4VmNlbhbWyeMWlsV,Thank You,45,0.523,0.284,0.651,https://api.spotify.com/v1/audio-analysis/1UfDvk4VmNlbhbWyeMWlsV
1eNrlXlW7Cj1QB1YUcZmpb,Campus,62,0.645,0.22,0.704,https://api.spotify.com/v1/audio-analysis/1eNrlXlW7Cj1QB1YUcZmpb
7gpy7sfWPNuOKmUNs3XQYE,Carry On,59,0.365,0.118,0.694,https://api.spotify.com/v1/audio-analysis/7gpy7sfWPNuOKmUNs3XQYE
1UKp5X9cPp9vMnTb39nnvg,It's Not Over,53,0.296,0.0559,0.92,https://api.spotify.com/v1/audio-analysis/1UKp5X9cPp9vMnTb39nnvg
3nvuPQTw2zuFAVuLsC9IYQ,Nothing Compares 2 U,6,0.161,0.0425,0.574,https://api.spotify.com/v1/audio-analysis/3nvuPQTw2zuFAVuLsC9IYQ
3zEN0ii6s4DHHBpnTp3RP7,We Are The People,71,0.534,0.0801,0.781,https://api.spotify.com/v1/audio-analysis/3zEN0ii6s4DHHBpnTp3RP7
2MMRWb4gn8mwpK5RLlPtl5,Geek in the Pink,45,0.897,0.374,0.749,https://api.spotify.com/v1/audio-analysis/2MMRWb4gn8mwpK5RLlPtl5
4paJ10JPNCyOaLtz2cY928,Badfish,66,0.627,0.0854,0.548,https://api.spotify.com/v1/audio-analysis/4paJ10JPNCyOaLtz2cY928
6w2wY6WiEJRwVXlcrvVKdM,Love Away,0,0.73,0.308,0.689,https://api.spotify.com/v1/audio-analysis/6w2wY6WiEJRwVXlcrvVKdM
2lFlveK1y13WWp3vnQtrr3,100 Years,64,0.275,0.544,0.569,https://api.spotify.com/v1/audio-analysis/2lFlveK1y13WWp3vnQtrr3
2KVwlelhxKUy8LVV6JypH3,Push,70,0.476,0.0067,0.672,https://api.spotify.com/v1/audio-analysis/2KVwlelhxKUy8LVV6JypH3
70fe354BpVKEvMY0de78YO,Real World,62,0.884,0.00628,0.761,https://api.spotify.com/v1/audio-analysis/70fe354BpVKEvMY0de78YO
3Uvx1TO0Kg5HgGPk58lHXv,How's It Going to Be,66,0.574,0.00327,0.593,https://api.spotify.com/v1/audio-analysis/3Uvx1TO0Kg5HgGPk58lHXv
3OOFEF20WqtsUPcRbPY3L7,Short Skirt / Long Jacket,64,0.881,0.0028,0.899,https://api.spotify.com/v1/audio-analysis/3OOFEF20WqtsUPcRbPY3L7
48bo7uexDvAThcRDvEB2W7,Simple Song,59,0.35,0.0133,0.878,https://api.spotify.com/v1/audio-analysis/48bo7uexDvAThcRDvEB2W7
3e0yTP5trHBBVvV32jwXqF,Anna Sun,61,0.34,0.00173,0.844,https://api.spotify.com/v1/audio-analysis/3e0yTP5trHBBVvV32jwXqF
3vUn7FE3ZaQgJmkhIrIirF,The Cave,67,0.368,0.047,0.51,https://api.spotify.com/v1/audio-analysis/3vUn7FE3ZaQgJmkhIrIirF
3u1Er1rkjn1oSz1xdZH3ZD,Call It What You Want,60,0.725,0.0483,0.967,https://api.spotify.com/v1/audio-analysis/3u1Er1rkjn1oSz1xdZH3ZD
751gBcu62kORDelX7FV0mM,Thank You,58,0.738,0.284,0.595,https://api.spotify.com/v1/audio-analysis/751gBcu62kORDelX7FV0mM
51DZ0wUocQ8sQfjnibXVcD,Unbelievers,59,0.817,0.149,0.811,https://api.spotify.com/v1/audio-analysis/51DZ0wUocQ8sQfjnibXVcD
3kI8fSpOQmL5ax63lBOuH3,Black Balloon,41,0.298,0.0674,0.691,https://api.spotify.com/v1/audio-analysis/3kI8fSpOQmL5ax63lBOuH3
5yc59J3MR3tVDPTOgwgRI5,Soul Meets Body,59,0.714,0.0767,0.853,https://api.spotify.com/v1/audio-analysis/5yc59J3MR3tVDPTOgwgRI5
0uppYCG86ajpV2hSR3dJJ0,Give It Away,73,0.776,0.00244,0.936,https://api.spotify.com/v1/audio-analysis/0uppYCG86ajpV2hSR3dJJ0
6pLhhL7EzoVWoyvyTBjqP6,Round And Round,44,0.479,0.00262,0.858,https://api.spotify.com/v1/audio-analysis/6pLhhL7EzoVWoyvyTBjqP6
30CU4qvNUUtd8GN4zDV5Oz,Mansard Roof,47,0.765,0.341,0.699,https://api.spotify.com/v1/audio-analysis/30CU4qvNUUtd8GN4zDV5Oz
1vTBBxcBB2Nb3ezQFRrGFO,Cape Cod Kwassa Kwassa,50,0.751,0.843,0.515,https://api.spotify.com/v1/audio-analysis/1vTBBxcBB2Nb3ezQFRrGFO
0xMEF2WiqKWTIG7Krjungw,The Distance,2,0.888,0.00795,0.749,https://api.spotify.com/v1/audio-analysis/0xMEF2WiqKWTIG7Krjungw
5auMzVHFr5Zfw6IbKarZ56,Breathe (2 AM),63,0.287,0.417,0.452,https://api.spotify.com/v1/audio-analysis/5auMzVHFr5Zfw6IbKarZ56
3i6qNxyVgIdUZTTi5m25EM,Bitch,68,0.629,0.0112,0.886,https://api.spotify.com/v1/audio-analysis/3i6qNxyVgIdUZTTi5m25EM
4E6cwWJWZw2zWf7VFbH7wf,Love Song,71,0.573,0.0208,0.786,https://api.spotify.com/v1/audio-analysis/4E6cwWJWZw2zWf7VFbH7wf
7mXmxXLAnsvXKt4Q37KoMI,Over You,58,0.567,0.017,0.922,https://api.spotify.com/v1/audio-analysis/7mXmxXLAnsvXKt4Q37KoMI
265Anh9hGoozFigjUVLUeD,New Shoes,66,0.854,0.47,0.735,https://api.spotify.com/v1/audio-analysis/265Anh9hGoozFigjUVLUeD
6xM8oBy40nK1rOd8WmoOPx,Last Request,67,0.4,0.241,0.704,https://api.spotify.com/v1/audio-analysis/6xM8oBy40nK1rOd8WmoOPx
2oSpQ7QtIKTNFfA08Cy0ku,It's The End Of The World As We Know It (And I Feel Fine),68,0.797,0.0258,0.894,https://api.spotify.com/v1/audio-analysis/2oSpQ7QtIKTNFfA08Cy0ku
4IvZLDtwBHmBmwgDIUbuwa,Here Comes Your Man,69,0.882,0.00772,0.795,https://api.spotify.com/v1/audio-analysis/4IvZLDtwBHmBmwgDIUbuwa
6EaHDsTWNNJRkCMtptSE6n,The Suburbs,0,0.524,0.0579,0.668,https://api.spotify.com/v1/audio-analysis/6EaHDsTWNNJRkCMtptSE6n
4THrHKyBL0yaDDw9yg37Zk,I Will Survive,61,0.873,0.306,0.689,https://api.spotify.com/v1/audio-analysis/4THrHKyBL0yaDDw9yg37Zk
5MXXbGYNmRHR7ULMvZYo5R,Every 1's a Winner - Single Version,56,0.929,0.0621,0.548,https://api.spotify.com/v1/audio-analysis/5MXXbGYNmRHR7ULMvZYo5R
1G8jae4jD8mwkXdodqHsBM,Name,64,0.407,0.0691,0.701,https://api.spotify.com/v1/audio-analysis/1G8jae4jD8mwkXdodqHsBM
7tBZa65xUKMMan9tIMPqbi,The Walk,56,0.965,0.42,0.6,https://api.spotify.com/v1/audio-analysis/7tBZa65xUKMMan9tIMPqbi
4ZMhxdNqZOEvGkGZ5zrWm4,Always Alright,54,0.575,0.78,0.621,https://api.spotify.com/v1/audio-analysis/4ZMhxdNqZOEvGkGZ5zrWm4
38paDDziQ57k1f4VfKTeGk,California Stars,59,0.723,0.422,0.736,https://api.spotify.com/v1/audio-analysis/38paDDziQ57k1f4VfKTeGk
1wQXj5bgxyZQ2XmE2X9s6n,Til Kingdom Come,58,0.274,0.61,0.395,https://api.spotify.com/v1/audio-analysis/1wQXj5bgxyZQ2XmE2X9s6n
4hGOhC87bn7JBdYykOJJvJ,I'd Rather Dance With You,36,0.972,0.329,0.833,https://api.spotify.com/v1/audio-analysis/4hGOhC87bn7JBdYykOJJvJ
0ewrI06EIDMGXvgJxuyF3U,Dearly Departed (feat. Esmé Patterson),62,0.737,0.303,0.609,https://api.spotify.com/v1/audio-analysis/0ewrI06EIDMGXvgJxuyF3U
4xH0iKhPiJW5tSw2gnv5Ua,King and Cross,0,0.425,0.277,0.473,https://api.spotify.com/v1/audio-analysis/4xH0iKhPiJW5tSw2gnv5Ua
1ZqHjApl3pfzwjweTfMi0g,Violet Hill,66,0.11,0.0614,0.58,https://api.spotify.com/v1/audio-analysis/1ZqHjApl3pfzwjweTfMi0g
4dygMGhvfENVhwRXmAscbl,Chariot,54,0.345,0.0435,0.779,https://api.spotify.com/v1/audio-analysis/4dygMGhvfENVhwRXmAscbl
6Neq7tjnknt4URNI8txFL4,Every Morning - Remastered,57,0.974,0.0838,0.674,https://api.spotify.com/v1/audio-analysis/6Neq7tjnknt4URNI8txFL4
0EKBV6GybPtALXUgWqWrym,The Story,65,0.177,0.0325,0.5,https://api.spotify.com/v1/audio-analysis/0EKBV6GybPtALXUgWqWrym
17xbKoCF5iDcSb9usFt2yO,Closer To The Sun,0,0.521,0.199,0.728,https://api.spotify.com/v1/audio-analysis/17xbKoCF5iDcSb9usFt2yO
2OpY5KKUvkYAkiY8FEG1Wi,Angel in Blue Jeans,0,0.732,0.0151,0.83,https://api.spotify.com/v1/audio-analysis/2OpY5KKUvkYAkiY8FEG1Wi
4AgUbBmuFf2W1V4eYcE8nl,Back Down South,0,0.154,0.0634,0.619,https://api.spotify.com/v1/audio-analysis/4AgUbBmuFf2W1V4eYcE8nl
6VSmHLLvYAAkzrYFT3LloU,Paperthin Hymn,52,0.536,0.00111,0.597,https://api.spotify.com/v1/audio-analysis/6VSmHLLvYAAkzrYFT3LloU
5sTVykpRs4eiZKn96bZogj,The Feel Good Drag,58,0.501,0.0013,0.677,https://api.spotify.com/v1/audio-analysis/5sTVykpRs4eiZKn96bZogj
1w1LOtv2BM2C5pK4LG7SJ6,Lanterns,54,0.312,0.246,0.654,https://api.spotify.com/v1/audio-analysis/1w1LOtv2BM2C5pK4LG7SJ6
25nzKGDiua1lE9Qo5V19GL,Young Blood,66,0.358,5.63e-05,0.865,https://api.spotify.com/v1/audio-analysis/25nzKGDiua1lE9Qo5V19GL
27vTihlWXiz9f9lJM3XGVU,Slow Hands,54,0.851,0.011,0.423,https://api.spotify.com/v1/audio-analysis/27vTihlWXiz9f9lJM3XGVU
2M9ro2krNb7nr7HSprkEgo,Fast Car,77,0.194,0.313,0.292,https://api.spotify.com/v1/audio-analysis/2M9ro2krNb7nr7HSprkEgo
3G3EvGRQUgyhn5icKOiiFP,The Underdog,38,0.9,0.0456,0.638,https://api.spotify.com/v1/audio-analysis/3G3EvGRQUgyhn5icKOiiFP
3arKRnq9OUd7yq6LRwVW8I,Soul to Squeeze,68,0.656,0.0322,0.546,https://api.spotify.com/v1/audio-analysis/3arKRnq9OUd7yq6LRwVW8I
3pDEtP8fRPi7t7GrDdpmaf,This Must Be the Place (Naive Melody) - 2003 Remaster,40,0.968,0.27,0.588,https://api.spotify.com/v1/audio-analysis/3pDEtP8fRPi7t7GrDdpmaf
4er8NyQ8cFnZ2b643Tjc44,Shiny Happy People,0,0.814,0.00361,0.87,https://api.spotify.com/v1/audio-analysis/4er8NyQ8cFnZ2b643Tjc44
4oa14QBfWRDfJy2agySy0L,Gravity,65,0.231,0.834,0.275,https://api.spotify.com/v1/audio-analysis/4oa14QBfWRDfJy2agySy0L
4uOKFydzAejjSFqYbv1XPt,Red Red Wine,72,0.843,0.00414,0.468,https://api.spotify.com/v1/audio-analysis/4uOKFydzAejjSFqYbv1XPt
4vl2zwXsTmAxgu9iY0g6UK,I Don't Want to Be,63,0.462,0.00806,0.862,https://api.spotify.com/v1/audio-analysis/4vl2zwXsTmAxgu9iY0g6UK
4wd09wCccmxUB7XVJp0RNn,"Jesus, Etc.",57,0.695,0.616,0.28,https://api.spotify.com/v1/audio-analysis/4wd09wCccmxUB7XVJp0RNn
51ODNNDZm21HU7wI7cccRr,Latch,74,0.521,0.0159,0.727,https://api.spotify.com/v1/audio-analysis/51ODNNDZm21HU7wI7cccRr
5sA4n1wolLZk2YpBLbsCqj,Sing,42,0.939,0.304,0.67,https://api.spotify.com/v1/audio-analysis/5sA4n1wolLZk2YpBLbsCqj
5vYA1mW9g2Coh1HUFUSmlb,3AM,71,0.543,0.00573,0.673,https://api.spotify.com/v1/audio-analysis/5vYA1mW9g2Coh1HUFUSmlb
6KuHjfXHkfnIjdmcIvt9r0,On Top Of The World,67,0.761,0.0893,0.926,https://api.spotify.com/v1/audio-analysis/6KuHjfXHkfnIjdmcIvt9r0
6L9qYgThsnIpK9CFKdZMnk,M79,0,0.94,0.14,0.603,https://api.spotify.com/v1/audio-analysis/6L9qYgThsnIpK9CFKdZMnk
6hrgeEo1WQOHVeF8QMv68S,Breathe Me,45,0.202,0.034,0.63,https://api.spotify.com/v1/audio-analysis/6hrgeEo1WQOHVeF8QMv68S
757PJjXAgywxrYkdhMkEV9,Holding on for Life,53,0.484,0.00648,0.587,https://api.spotify.com/v1/audio-analysis/757PJjXAgywxrYkdhMkEV9
3xqF04FdMK7gpIPG3SPFpY,It's Time,0,0.869,0.0168,0.885,https://api.spotify.com/v1/audio-analysis/3xqF04FdMK7gpIPG3SPFpY
0ful4PHfTIxzXiZSZsXQ0H,Oxford Comma,58,0.973,0.111,0.717,https://api.spotify.com/v1/audio-analysis/0ful4PHfTIxzXiZSZsXQ0H
0ZNYGrmcehorhh9JOeg5Iv,Stay Alive,65,0.314,0.726,0.306,https://api.spotify.com/v1/audio-analysis/0ZNYGrmcehorhh9JOeg5Iv
1Ntj0hZfncXCQ5hij7igIE,Demons,66,0.428,0.19,0.71,https://api.spotify.com/v1/audio-analysis/1Ntj0hZfncXCQ5hij7igIE
0vg4WnUWvze6pBOJDTq99k,You're Beautiful,75,0.454,0.633,0.479,https://api.spotify.com/v1/audio-analysis/0vg4WnUWvze6pBOJDTq99k
6gxycjJNMgmAyfzUXBN80P,Goodbye My Lover,67,0.273,0.953,0.261,https://api.spotify.com/v1/audio-analysis/6gxycjJNMgmAyfzUXBN80P
32fmQsWSAaDas2MJRyMSGG,The Ghost Inside,59,0.983,0.0571,0.7,https://api.spotify.com/v1/audio-analysis/32fmQsWSAaDas2MJRyMSGG
23HxMVdUqSsWwar52dS4ZT,Hold On,0,0.546,0.206,0.667,https://api.spotify.com/v1/audio-analysis/23HxMVdUqSsWwar52dS4ZT
09k5Qyysx5RnXLqamvdYEN,I Turn My Camera On,0,0.762,0.0214,0.364,https://api.spotify.com/v1/audio-analysis/09k5Qyysx5RnXLqamvdYEN
0mBkoM8r7KAQzZij5swTUL,Walking On A Dream,57,0.726,0.245,0.699,https://api.spotify.com/v1/audio-analysis/0mBkoM8r7KAQzZij5swTUL
