track_uri,name,popularity,valence,acousticness,energy,analysis_url
0wHwGDYc8nltuYykhZRKln,DON'T LOOK DOWN (feat. Lizzy Land) - Acoustic,44,0.257,0.902,0.34,https://api.spotify.com/v1/audio-analysis/0wHwGDYc8nltuYykhZRKln
5rIpzFDp0sYDCQytYDG96W,DON'T LOOK DOWN (feat. Lizzy Land),55,0.294,0.124,0.712,https://api.spotify.com/v1/audio-analysis/5rIpzFDp0sYDCQytYDG96W
0MijKSpjO4RJ3p6aCHJfKh,All The Highs - VIP Outro,25,0.613,0.0819,0.653,https://api.spotify.com/v1/audio-analysis/0MijKSpjO4RJ3p6aCHJfKh
5aiGF3goUtkx6c5vObwEY9,All The Highs - Slowed,34,0.321,0.206,0.678,https://api.spotify.com/v1/audio-analysis/5aiGF3goUtkx6c5vObwEY9
3BELIEnDdXEpgMuih6XsMQ,All The Highs - IMANU Remix,39,0.11,0.0348,0.939,https://api.spotify.com/v1/audio-analysis/3BELIEnDdXEpgMuih6XsMQ
3Yemju2QrMAgKQazM6HKa2,keep you to myself,43,0.258,0.829,0.606,https://api.spotify.com/v1/audio-analysis/3Yemju2QrMAgKQazM6HKa2
6MbxQhO1sFjkLvcPNDConO,All The Highs - Acoustic,33,0.384,0.902,0.269,https://api.spotify.com/v1/audio-analysis/6MbxQhO1sFjkLvcPNDConO
6Dg3ArDiJcseYoeeTZZXK6,All The Highs,52,0.425,0.143,0.694,https://api.spotify.com/v1/audio-analysis/6Dg3ArDiJcseYoeeTZZXK6
6VpRQDOM7nQ6viuVUSXWGn,We Will Meet Again,55,0.264,0.367,0.786,https://api.spotify.com/v1/audio-analysis/6VpRQDOM7nQ6viuVUSXWGn
1MKLE7yPtk4D74sa1PsNrF,A Radical in the Family (feat. San Holo),21,0.0953,0.494,0.542,https://api.spotify.com/v1/audio-analysis/1MKLE7yPtk4D74sa1PsNrF
7h8A0jL2HGDoRbtczHEOJF,"i get lonely around people, too",2,0.19,0.649,0.402,https://api.spotify.com/v1/audio-analysis/7h8A0jL2HGDoRbtczHEOJF
0Ddqp9McOVAr2AX0CQk1xf,I Should’ve Known - San Holo Remix,0,0.0393,0.669,0.4,https://api.spotify.com/v1/audio-analysis/0Ddqp9McOVAr2AX0CQk1xf
4i48XASBeboVWtwhmKwK2I,Droves,7,0.388,0.51,0.379,https://api.spotify.com/v1/audio-analysis/4i48XASBeboVWtwhmKwK2I
6T7RlwsNCmCvyYLOvqzpGW,Loverboy - San Holo Version,34,0.478,0.184,0.704,https://api.spotify.com/v1/audio-analysis/6T7RlwsNCmCvyYLOvqzpGW
7CS0pEg5T1NLzMVyOo7Uad,Life Support,0,0.04,0.0217,0.689,https://api.spotify.com/v1/audio-analysis/7CS0pEg5T1NLzMVyOo7Uad
3wPpMU6d8h9yxvBadDDr44,CATALYST,54,0.0395,0.00383,0.824,https://api.spotify.com/v1/audio-analysis/3wPpMU6d8h9yxvBadDDr44
4x59Qf7XIdfBhmOJYJNVMY,Viaduct,6,0.0921,0.0384,0.718,https://api.spotify.com/v1/audio-analysis/4x59Qf7XIdfBhmOJYJNVMY
1DjJAn9EwO4lHtt2KlxHQz,Party,3,0.498,0.0508,0.75,https://api.spotify.com/v1/audio-analysis/1DjJAn9EwO4lHtt2KlxHQz
3MIhKhsLkAqeeZYxGVCvEV,Call Me,18,0.331,0.125,0.576,https://api.spotify.com/v1/audio-analysis/3MIhKhsLkAqeeZYxGVCvEV
4oZnV1W54b1TIn96i0KIwV,Let Go,62,0.399,0.311,0.564,https://api.spotify.com/v1/audio-analysis/4oZnV1W54b1TIn96i0KIwV
7Jkwvl7Jgp9Dq4VydvEyAP,You Changed Your Hair,4,0.127,0.0494,0.751,https://api.spotify.com/v1/audio-analysis/7Jkwvl7Jgp9Dq4VydvEyAP
6ggMDGfKbD233iZ58fLZFB,Dream Bay,7,0.85,0.711,0.576,https://api.spotify.com/v1/audio-analysis/6ggMDGfKbD233iZ58fLZFB
2vKitEJRyuVazs3xyeiam4,stupid idiot!,5,0.281,0.0304,0.858,https://api.spotify.com/v1/audio-analysis/2vKitEJRyuVazs3xyeiam4
7JGTYQ9JY06kSdejxJv6ke,Hemma - Chet Porter Remix,26,0.123,0.0269,0.535,https://api.spotify.com/v1/audio-analysis/7JGTYQ9JY06kSdejxJv6ke
7CsfpYeYnweWfSbQrEaZag,Jersey City,15,0.415,0.772,0.549,https://api.spotify.com/v1/audio-analysis/7CsfpYeYnweWfSbQrEaZag
2aDJB4uVTy9vPRBjloRPX8,"you’ve changed, i’ve changed",3,0.194,0.121,0.623,https://api.spotify.com/v1/audio-analysis/2aDJB4uVTy9vPRBjloRPX8
2tinYknqBborA5kYv07aKX,My Heart,38,0.123,0.129,0.734,https://api.spotify.com/v1/audio-analysis/2tinYknqBborA5kYv07aKX
5LrHHg6U4RThn0dDYbOYDY,Af1s,0,0.179,0.0281,0.648,https://api.spotify.com/v1/audio-analysis/5LrHHg6U4RThn0dDYbOYDY
6wpYutp0e5dtaV2kCDv12O,Life's So Good (feat. Cherry Surf),31,0.514,0.0633,0.888,https://api.spotify.com/v1/audio-analysis/6wpYutp0e5dtaV2kCDv12O
5qZH7Javefek18nI0Rw51q,Daedalus,23,0.242,0.916,0.42,https://api.spotify.com/v1/audio-analysis/5qZH7Javefek18nI0Rw51q
74FRlDfGO4Vj3WJXr6drzz,"when ur around (feat. San Holo, Taska Black, Flaws and Mystk)",13,0.109,0.17,0.639,https://api.spotify.com/v1/audio-analysis/74FRlDfGO4Vj3WJXr6drzz
7uEYsZQ6fuvvbsnGVAp8Ls,Eyes,47,0.039,0.165,0.596,https://api.spotify.com/v1/audio-analysis/7uEYsZQ6fuvvbsnGVAp8Ls
4MUSlHS5W9bIkBTEMqsGF8,Gone Dream,3,0.0457,0.478,0.793,https://api.spotify.com/v1/audio-analysis/4MUSlHS5W9bIkBTEMqsGF8
1yAThAiJFPoKepwK6jiCHd,Think About It,4,0.119,0.23,0.633,https://api.spotify.com/v1/audio-analysis/1yAThAiJFPoKepwK6jiCHd
2SNEa0hRBkovPufdgGjhys,Holding U,25,0.139,0.145,0.701,https://api.spotify.com/v1/audio-analysis/2SNEa0hRBkovPufdgGjhys
4ldIHsCtYOBNOO4kpAvMv0,Could You,13,0.415,0.671,0.659,https://api.spotify.com/v1/audio-analysis/4ldIHsCtYOBNOO4kpAvMv0
6ofUsy2riUrZmsP8CyZfwM,one more day,3,0.317,0.296,0.465,https://api.spotify.com/v1/audio-analysis/6ofUsy2riUrZmsP8CyZfwM
0RjC9AeLxTfrgzCYVTUSZC,Lights Out,21,0.35,0.0378,0.739,https://api.spotify.com/v1/audio-analysis/0RjC9AeLxTfrgzCYVTUSZC
0ycGMupI5KP68GEFJLsC10,Want To Say,2,0.162,0.81,0.558,https://api.spotify.com/v1/audio-analysis/0ycGMupI5KP68GEFJLsC10
6GN5ffm4kmDsHLefCLUDIZ,Bagagedrager,0,0.327,0.0811,0.711,https://api.spotify.com/v1/audio-analysis/6GN5ffm4kmDsHLefCLUDIZ
3vXnuFnC5RhPGwsFi0ORcI,Santé,64,0.836,0.123,0.681,https://api.spotify.com/v1/audio-analysis/3vXnuFnC5RhPGwsFi0ORcI
17cYLEGEvPzbtG5C1h8H3u,Hard Times,12,0.179,0.209,0.645,https://api.spotify.com/v1/audio-analysis/17cYLEGEvPzbtG5C1h8H3u
6nHwIsS5Os19d1Dmv8Pyn7,you've changed your mind,37,0.4,0.00351,0.906,https://api.spotify.com/v1/audio-analysis/6nHwIsS5Os19d1Dmv8Pyn7
6xbOJltNBFApe2HibmwYw8,Love Me Till August,30,0.33,0.628,0.408,https://api.spotify.com/v1/audio-analysis/6xbOJltNBFApe2HibmwYw8
4ovpqFjh1fLCMs16VGgnXc,KJ,19,0.149,0.511,0.761,https://api.spotify.com/v1/audio-analysis/4ovpqFjh1fLCMs16VGgnXc
4luihFQ22pn73BCwIGfPlv,Transcend,34,0.162,0.6,0.547,https://api.spotify.com/v1/audio-analysis/4luihFQ22pn73BCwIGfPlv
1ghWs4xzqmuzhcjRNUS366,wheels up,4,0.31,0.14,0.425,https://api.spotify.com/v1/audio-analysis/1ghWs4xzqmuzhcjRNUS366
4pXG8Q82L8WvypAm5Wo86y,See You Again,41,0.0382,0.0415,0.588,https://api.spotify.com/v1/audio-analysis/4pXG8Q82L8WvypAm5Wo86y
78JD674zzMS0830LZAUboA,Helvellyn,16,0.435,0.00157,0.886,https://api.spotify.com/v1/audio-analysis/78JD674zzMS0830LZAUboA
27tX58NOpv1YKQ0abW7EPy,Hurt,54,0.11,0.709,0.124,https://api.spotify.com/v1/audio-analysis/27tX58NOpv1YKQ0abW7EPy
1NqRik9lPzN3puWzxzsLJ0,find your way,2,0.394,0.295,0.598,https://api.spotify.com/v1/audio-analysis/1NqRik9lPzN3puWzxzsLJ0
7yBp97KVQqvzsHMTPpL8tz,Holiday (feat. Ponette),40,0.0738,0.00157,0.881,https://api.spotify.com/v1/audio-analysis/7yBp97KVQqvzsHMTPpL8tz
34enNnTqxTFXEp5BFpgD5l,Aurora,33,0.166,0.172,0.527,https://api.spotify.com/v1/audio-analysis/34enNnTqxTFXEp5BFpgD5l
0WzNjaaOwENbuMIXoKxGq0,Foxgloves,5,0.391,0.0451,0.879,https://api.spotify.com/v1/audio-analysis/0WzNjaaOwENbuMIXoKxGq0
15eG5qtG9RINjkiqxgXgCt,make this moment last,2,0.218,0.295,0.542,https://api.spotify.com/v1/audio-analysis/15eG5qtG9RINjkiqxgXgCt
6p0jsck3a4GbLNv1fRTaug,Rain Smell,17,0.324,0.117,0.541,https://api.spotify.com/v1/audio-analysis/6p0jsck3a4GbLNv1fRTaug
2b0X6Ez2gjNclpRRosTC8q,Everything You Want,58,0.593,0.00493,0.704,https://api.spotify.com/v1/audio-analysis/2b0X6Ez2gjNclpRRosTC8q
2LMkwUfqC6S6s6qDVlEuzV,White Ferrari,76,0.204,0.77,0.0958,https://api.spotify.com/v1/audio-analysis/2LMkwUfqC6S6s6qDVlEuzV
5Vy2rMj1nu9CutdQCEjdba,thoughts and chemicals,3,0.204,0.311,0.582,https://api.spotify.com/v1/audio-analysis/5Vy2rMj1nu9CutdQCEjdba
7KHPRMwby1O2kCOFPsQ8sR,Dream About You,3,0.392,0.00543,0.794,https://api.spotify.com/v1/audio-analysis/7KHPRMwby1O2kCOFPsQ8sR
3qSlXaZDxYlS2Z6t7OCswv,on hold,27,0.359,0.0228,0.833,https://api.spotify.com/v1/audio-analysis/3qSlXaZDxYlS2Z6t7OCswv
0ZqfSC0ITQTYvWfuUf2Ljr,stay awake,4,0.297,0.434,0.609,https://api.spotify.com/v1/audio-analysis/0ZqfSC0ITQTYvWfuUf2Ljr
2UxYPNW3zwLvHLPyssJZUi,Looking Pretty,4,0.625,0.0261,0.483,https://api.spotify.com/v1/audio-analysis/2UxYPNW3zwLvHLPyssJZUi
1b4T68cAsMNdgKEc6H8UNQ,Now I'm Grown,2,0.26,0.593,0.697,https://api.spotify.com/v1/audio-analysis/1b4T68cAsMNdgKEc6H8UNQ
0ucYQjYm0vP9zwXKHenLTs,thinking about you,9,0.133,0.512,0.695,https://api.spotify.com/v1/audio-analysis/0ucYQjYm0vP9zwXKHenLTs
1mDAyIXR1GlQRsSr0c2YQ4,i don’t wanna write sad songs anymore,24,0.588,0.0938,0.831,https://api.spotify.com/v1/audio-analysis/1mDAyIXR1GlQRsSr0c2YQ4
0pHyb6kq6Qxydtw0bOKEZW,The Finer Things Club,4,0.48,3.18e-05,0.952,https://api.spotify.com/v1/audio-analysis/0pHyb6kq6Qxydtw0bOKEZW
2Yh7B6kKjtG7QfYbaLbdXP,bed dweller,10,0.186,0.0332,0.926,https://api.spotify.com/v1/audio-analysis/2Yh7B6kKjtG7QfYbaLbdXP
5tOq0CP7E8025oB6l9eghz,Addicted,33,0.204,0.197,0.568,https://api.spotify.com/v1/audio-analysis/5tOq0CP7E8025oB6l9eghz
3RMORnHBvFI3PsxmeKR2BH,Imagery_24,10,0.107,0.288,0.641,https://api.spotify.com/v1/audio-analysis/3RMORnHBvFI3PsxmeKR2BH
3nbqZwzElkdWVxTPst1ken,Inconvenient,9,0.134,0.762,0.574,https://api.spotify.com/v1/audio-analysis/3nbqZwzElkdWVxTPst1ken
2HI3031cGtu2FzZT0YQ2EZ,Sensory Overload,5,0.505,0.0989,0.76,https://api.spotify.com/v1/audio-analysis/2HI3031cGtu2FzZT0YQ2EZ
2NolG4iiuoPfBtofjRdctc,Wherever You Go,31,0.324,0.177,0.806,https://api.spotify.com/v1/audio-analysis/2NolG4iiuoPfBtofjRdctc
0s9JLutgvEh8mWtp3n3SUZ,Losing My Mind,45,0.666,0.00696,0.594,https://api.spotify.com/v1/audio-analysis/0s9JLutgvEh8mWtp3n3SUZ
2uBELhgylBRkmLI5B5yCbe,All I've Ever Known,49,0.434,0.0607,0.576,https://api.spotify.com/v1/audio-analysis/2uBELhgylBRkmLI5B5yCbe
5nvBbsER3AjvqnptLds8VP,Heavy - Icarus Remix,44,0.446,0.00937,0.834,https://api.spotify.com/v1/audio-analysis/5nvBbsER3AjvqnptLds8VP
0PlfrExI5Jal0x6d7DMam5,Grow - Kidnap Dub,43,0.146,0.0376,0.744,https://api.spotify.com/v1/audio-analysis/0PlfrExI5Jal0x6d7DMam5
4qzIWW9yArNdpuqc9SbtJH,Floating,59,0.0763,0.079,0.671,https://api.spotify.com/v1/audio-analysis/4qzIWW9yArNdpuqc9SbtJH
76UsOfvxA59Kw9c19Iwjbd,I'll Wait - CRi Remix,36,0.601,0.169,0.729,https://api.spotify.com/v1/audio-analysis/76UsOfvxA59Kw9c19Iwjbd
1V2Z18nOByb7DqCECFh2Yt,La Perla - Tourist Remix,51,0.403,0.0316,0.524,https://api.spotify.com/v1/audio-analysis/1V2Z18nOByb7DqCECFh2Yt
4Plw31FUwdDYOHRuNCmQbk,Hold On - Rezident Remix,46,0.326,0.00195,0.66,https://api.spotify.com/v1/audio-analysis/4Plw31FUwdDYOHRuNCmQbk
3pT7FxFWaHYbxUIAmZbY5V,High On You,60,0.251,0.774,0.544,https://api.spotify.com/v1/audio-analysis/3pT7FxFWaHYbxUIAmZbY5V
4LtVrrqpn48l4Iq7KIshmi,Enough to Believe - Jamie Jones Remix,56,0.138,0.00108,0.831,https://api.spotify.com/v1/audio-analysis/4LtVrrqpn48l4Iq7KIshmi
0wFxuRAncy2Qa298zQFC8c,Red Runner,42,0.697,0.142,0.55,https://api.spotify.com/v1/audio-analysis/0wFxuRAncy2Qa298zQFC8c
5OUQ2Kx3o1EUfabSpiuqta,Every Day Every Night,49,0.411,0.0461,0.769,https://api.spotify.com/v1/audio-analysis/5OUQ2Kx3o1EUfabSpiuqta
1DkpkxabQnbRmhvdjdmnnW,Hanging On - CRi Remix,53,0.0656,0.129,0.712,https://api.spotify.com/v1/audio-analysis/1DkpkxabQnbRmhvdjdmnnW
5PNRrsoailYvZDIHSnFiaC,Let's Go Walk,48,0.116,0.662,0.605,https://api.spotify.com/v1/audio-analysis/5PNRrsoailYvZDIHSnFiaC
7Cgxt0jumHS0Z5B9xmStnS,All My Friends,57,0.717,0.0258,0.647,https://api.spotify.com/v1/audio-analysis/7Cgxt0jumHS0Z5B9xmStnS
43tuFT8GAG5mPSktLVcqOY,Move Me,51,0.823,0.0821,0.67,https://api.spotify.com/v1/audio-analysis/43tuFT8GAG5mPSktLVcqOY
5FxcDJENpjWY6lL9CnbHgc,go with u - Louis La Roche Remix,57,0.3,0.122,0.501,https://api.spotify.com/v1/audio-analysis/5FxcDJENpjWY6lL9CnbHgc
5mdOo5OClzyz4kgdiek8Pu,Never Seen You Dance,32,0.271,0.0398,0.78,https://api.spotify.com/v1/audio-analysis/5mdOo5OClzyz4kgdiek8Pu
6irdJFegr5fHW2166JuWvg,Is This How You Feel? - Classixx Remix,37,0.798,0.00453,0.52,https://api.spotify.com/v1/audio-analysis/6irdJFegr5fHW2166JuWvg
