track_uri,name,popularity,valence,acousticness,energy,analysis_url
1bKQ48M9onID2kbSpRy8kK,Send Me An Angel,69,0.166,0.434,0.417,https://api.spotify.com/v1/audio-analysis/1bKQ48M9onID2kbSpRy8kK
4UH0OtOrLpdKz1j0ISe2J3,Rusty Cage,0,0.284,1.24e-05,0.852,https://api.spotify.com/v1/audio-analysis/4UH0OtOrLpdKz1j0ISe2J3
0xOyLz45bRFXuuSfcKr25R,The Fixer,0,0.894,7.94e-05,0.934,https://api.spotify.com/v1/audio-analysis/0xOyLz45bRFXuuSfcKr25R
0MEvJkkyhAcckyWkVksbzI,Outshined,0,0.58,4.22e-05,0.741,https://api.spotify.com/v1/audio-analysis/0MEvJkkyhAcckyWkVksbzI
4irlByOD0DUDfFfdzlwNY1,My Wave,0,0.812,0.000119,0.889,https://api.spotify.com/v1/audio-analysis/4irlByOD0DUDfFfdzlwNY1
74QjBGkfTMKC7pTwkmMUdD,Big City Nights,0,0.843,0.00167,0.713,https://api.spotify.com/v1/audio-analysis/74QjBGkfTMKC7pTwkmMUdD
1jF5Id0OPFU1Mae8BEUF5u,Youth Gone Wild,63,0.633,0.00202,0.72,https://api.spotify.com/v1/audio-analysis/1jF5Id0OPFU1Mae8BEUF5u
1hqrYSqvNc9x3BETX1cZhk,Shout At The Devil,1,0.447,0.02,0.953,https://api.spotify.com/v1/audio-analysis/1hqrYSqvNc9x3BETX1cZhk
3W1iDAW7PVwlMC2zJIKF0k,Gypsy Road,0,0.553,0.00961,0.88,https://api.spotify.com/v1/audio-analysis/3W1iDAW7PVwlMC2zJIKF0k
31OFRDvP2RxpZKH4NpJZCr,One,0,0.411,2.02e-05,0.933,https://api.spotify.com/v1/audio-analysis/31OFRDvP2RxpZKH4NpJZCr
0kFM6t9htbB53Dg8frGDGh,Kiss Me Deadly,54,0.651,0.00819,0.743,https://api.spotify.com/v1/audio-analysis/0kFM6t9htbB53Dg8frGDGh
1Qjpl8Kav6rrO92ZuG0OK8,Shake Me,58,0.549,0.00575,0.9,https://api.spotify.com/v1/audio-analysis/1Qjpl8Kav6rrO92ZuG0OK8
7zLC4HAY11GvvKsZHNrkAp,I Wanna Rock (Remastered Album Version),0,0.606,0.016,0.731,https://api.spotify.com/v1/audio-analysis/7zLC4HAY11GvvKsZHNrkAp
0l37J5l4eJfIdd7cea1Cl5,Everything About You,0,0.775,0.0117,0.783,https://api.spotify.com/v1/audio-analysis/0l37J5l4eJfIdd7cea1Cl5
76gvSn83c2iOIxV9GQkpZS,Million Miles An Hour,51,0.412,1.44e-05,0.881,https://api.spotify.com/v1/audio-analysis/76gvSn83c2iOIxV9GQkpZS
1kaB0BvQEmwHeAzNh4jziT,Holier Than Thou,0,0.348,0.000288,0.959,https://api.spotify.com/v1/audio-analysis/1kaB0BvQEmwHeAzNh4jziT
49rcSzMayJhIwGf0CJCaxJ,Wherever I May Roam,0,0.362,0.000526,0.816,https://api.spotify.com/v1/audio-analysis/49rcSzMayJhIwGf0CJCaxJ
0PDThNPaf3ganx4PFmGznK,Don't Tread On Me,0,0.682,0.00453,0.833,https://api.spotify.com/v1/audio-analysis/0PDThNPaf3ganx4PFmGznK
0GTK6TesV108Jj5D3MHsYb,Owner of a Lonely Heart,69,0.89,0.175,0.798,https://api.spotify.com/v1/audio-analysis/0GTK6TesV108Jj5D3MHsYb
4jRWsQp0nJZsQ9EbjEO82g,Rock This Town - Single Edit/24 Bit Mastering/ Digital Remaster/1999,38,0.701,0.0101,0.937,https://api.spotify.com/v1/audio-analysis/4jRWsQp0nJZsQ9EbjEO82g
5uS8HGp7VfuU5fDarEbNi7,Show Me The Way - Live / Remixed,52,0.452,0.0325,0.944,https://api.spotify.com/v1/audio-analysis/5uS8HGp7VfuU5fDarEbNi7
4kXV4Kf4IeeA9Ah9RH3VY1,Don't Go Away Mad (Just Go Away),55,0.504,0.00521,0.966,https://api.spotify.com/v1/audio-analysis/4kXV4Kf4IeeA9Ah9RH3VY1
5EicljVZKVOo2LZHREtWmQ,Coming Home,52,0.52,0.044,0.721,https://api.spotify.com/v1/audio-analysis/5EicljVZKVOo2LZHREtWmQ
19LT4ZUEeoUdimKE04WJJg,Cowboy,62,0.868,0.085,0.897,https://api.spotify.com/v1/audio-analysis/19LT4ZUEeoUdimKE04WJJg
7r6KRHz2HAjoaBQCtQJfzR,Here I Go Again - 20th Anniversary Remaster,0,0.247,0.21,0.898,https://api.spotify.com/v1/audio-analysis/7r6KRHz2HAjoaBQCtQJfzR
2HdQsJeDUPfMHjZNaKmSkO,Working for the Weekend - Remastered,39,0.786,0.0134,0.909,https://api.spotify.com/v1/audio-analysis/2HdQsJeDUPfMHjZNaKmSkO
0uP3GA5DrZUS5YgYYvcFJ9,Silent Lucidity - Remastered,18,0.0985,0.0673,0.591,https://api.spotify.com/v1/audio-analysis/0uP3GA5DrZUS5YgYYvcFJ9
5RK9Q1vogXWI60qVGDzTZA,Rock Me - 2005 Remaster,30,0.078,0.0942,0.626,https://api.spotify.com/v1/audio-analysis/5RK9Q1vogXWI60qVGDzTZA
6QkR93RevDDOxHJsndq2HF,Urgent - 2008 Remaster,46,0.94,0.362,0.794,https://api.spotify.com/v1/audio-analysis/6QkR93RevDDOxHJsndq2HF
2u1JyJqNr7Ck9UMXudWo2W,I'll Wait,0,0.872,0.23,0.81,https://api.spotify.com/v1/audio-analysis/2u1JyJqNr7Ck9UMXudWo2W
0XXAQwzTPP5QTUp5x46DXx,Rag Doll,3,0.567,0.0241,0.912,https://api.spotify.com/v1/audio-analysis/0XXAQwzTPP5QTUp5x46DXx
1u6f9cmxPOq28FH7j1ydQZ,Turn Up The Radio,37,0.733,0.000571,0.861,https://api.spotify.com/v1/audio-analysis/1u6f9cmxPOq28FH7j1ydQZ
1haNFyswWdn2ldAkwMoNsc,Blaze Of Glory,0,0.383,0.0268,0.698,https://api.spotify.com/v1/audio-analysis/1haNFyswWdn2ldAkwMoNsc
4d0VH041EOaRrx2zAK4X53,Shelter Me,0,0.876,0.0485,0.902,https://api.spotify.com/v1/audio-analysis/4d0VH041EOaRrx2zAK4X53
3rfEkOyccbDSBNBi4xQLnm,Lick It Up,0,0.546,0.128,0.824,https://api.spotify.com/v1/audio-analysis/3rfEkOyccbDSBNBi4xQLnm
5TIWXsp1qTrUs34C1o2QVc,Shot In The Dark,0,0.644,0.0107,0.771,https://api.spotify.com/v1/audio-analysis/5TIWXsp1qTrUs34C1o2QVc
7ibw8kVe6zng4eiwNEIln9,Talk Dirty To Me - Remastered 1996,28,0.647,0.00663,0.941,https://api.spotify.com/v1/audio-analysis/7ibw8kVe6zng4eiwNEIln9
1pIJ4ToCtG8vA4NNRD42r4,Fallen Angel - Remastered 1996,26,0.514,0.0131,0.942,https://api.spotify.com/v1/audio-analysis/1pIJ4ToCtG8vA4NNRD42r4
1KpS37qZs1MTr3BdSvR9Bj,Same Ol' Situation (S.O.S.),0,0.237,0.041,0.98,https://api.spotify.com/v1/audio-analysis/1KpS37qZs1MTr3BdSvR9Bj
46FW5ZZ6fOF1WpMTEOVEHX,Runnin' with the Devil,45,0.477,0.148,0.931,https://api.spotify.com/v1/audio-analysis/46FW5ZZ6fOF1WpMTEOVEHX
3MDF2PY1B31KWeKhgGJAEM,Is This Love,0,0.582,0.00347,0.801,https://api.spotify.com/v1/audio-analysis/3MDF2PY1B31KWeKhgGJAEM
4SkDezIvfJfGcUrEq37KpF,Glorified G - Remastered,44,0.726,0.000278,0.86,https://api.spotify.com/v1/audio-analysis/4SkDezIvfJfGcUrEq37KpF
1hvXfgrFC8oVgBiD0qwpKJ,Ride The Lightning,0,0.241,0.000232,0.962,https://api.spotify.com/v1/audio-analysis/1hvXfgrFC8oVgBiD0qwpKJ
6jc5gHCmrZW1XLcRM3wFlC,"Hey Man, Nice Shot - Remastered Version",0,0.305,0.00214,0.588,https://api.spotify.com/v1/audio-analysis/6jc5gHCmrZW1XLcRM3wFlC
3RlsVPIIs5KFhLFhxZ4iDF,Rockstar,69,0.693,0.0459,0.91,https://api.spotify.com/v1/audio-analysis/3RlsVPIIs5KFhLFhxZ4iDF
4aVuWgvD0X63hcOCnZtNFA,Hold the Line,78,0.808,0.00783,0.898,https://api.spotify.com/v1/audio-analysis/4aVuWgvD0X63hcOCnZtNFA
1lCRw5FEZ1gPDNPzy1K4zW,We Are The Champions - Remastered 2011,73,0.175,0.378,0.459,https://api.spotify.com/v1/audio-analysis/1lCRw5FEZ1gPDNPzy1K4zW
5B6Z7NwVqA7W3UFiqBdEJC,Round and Round,65,0.491,0.00682,0.934,https://api.spotify.com/v1/audio-analysis/5B6Z7NwVqA7W3UFiqBdEJC
2gvgvbokPJZ7Uw5u2m5LeP,Smokin' In The Boys Room,63,0.654,0.00177,0.938,https://api.spotify.com/v1/audio-analysis/2gvgvbokPJZ7Uw5u2m5LeP
0qgrrDnUUhyxpxbBznUnzg,18 and Life,69,0.305,0.0023,0.648,https://api.spotify.com/v1/audio-analysis/0qgrrDnUUhyxpxbBznUnzg
72hcFp4tYkd3dbNA9dZ3Pv,Bad Medicine,68,0.805,0.048,0.973,https://api.spotify.com/v1/audio-analysis/72hcFp4tYkd3dbNA9dZ3Pv
0LN0ASTtcGIbNTnjSHG6eO,Pour Some Sugar On Me (2012),0,0.72,0.00985,0.849,https://api.spotify.com/v1/audio-analysis/0LN0ASTtcGIbNTnjSHG6eO
6Fba9RZtC6vTY814JToDtP,Jump,61,0.772,0.0745,0.822,https://api.spotify.com/v1/audio-analysis/6Fba9RZtC6vTY814JToDtP
7F8JbSCPBXm3IxMx2UMMhH,Eye of the Tiger,37,0.556,0.195,0.599,https://api.spotify.com/v1/audio-analysis/7F8JbSCPBXm3IxMx2UMMhH
5xLyTbCFONUGUuG0LtUxjn,"Girls, Girls, Girls",2,0.542,0.0296,0.931,https://api.spotify.com/v1/audio-analysis/5xLyTbCFONUGUuG0LtUxjn
6FUwPb4mGlUDbx42uspXaZ,Fuel,69,0.589,2.02e-05,0.951,https://api.spotify.com/v1/audio-analysis/6FUwPb4mGlUDbx42uspXaZ
5hVepr5CHiTGtJY5bP4i5n,No One Like You,58,0.625,0.014,0.928,https://api.spotify.com/v1/audio-analysis/5hVepr5CHiTGtJY5bP4i5n
2cc9k15AifO7RfxxuEExkS,Dr. Feelgood,68,0.353,0.000885,0.967,https://api.spotify.com/v1/audio-analysis/2cc9k15AifO7RfxxuEExkS
0W7AbEauB7cP4pidLclApe,Hunger Strike,66,0.298,0.0236,0.567,https://api.spotify.com/v1/audio-analysis/0W7AbEauB7cP4pidLclApe
3jJZVeExYzVYiV6Y9Fl3DX,Plush,65,0.5,0.0021,0.954,https://api.spotify.com/v1/audio-analysis/3jJZVeExYzVYiV6Y9Fl3DX
7LygtNjQ65PSdzVjUnHXQb,Cherry Pie,62,0.486,0.0372,0.946,https://api.spotify.com/v1/audio-analysis/7LygtNjQ65PSdzVjUnHXQb
24tO365YW6lcZr1hN4Ukzj,Tomorrow,63,0.462,0.000658,0.714,https://api.spotify.com/v1/audio-analysis/24tO365YW6lcZr1hN4Ukzj
11dCfArPrM7kzYpUrFHal9,Panama,0,0.298,0.00135,0.987,https://api.spotify.com/v1/audio-analysis/11dCfArPrM7kzYpUrFHal9
1eOtp6j5JJL8UomZs3feua,Drift And Die,0,0.359,0.00729,0.84,https://api.spotify.com/v1/audio-analysis/1eOtp6j5JJL8UomZs3feua
395Wu0KoZvSFdEKbFAq1mf,Too Much Time On My Hands,28,0.96,0.235,0.645,https://api.spotify.com/v1/audio-analysis/395Wu0KoZvSFdEKbFAq1mf
7C0rG4oWO7VeZcffyW1sK9,Mr. Roboto,59,0.314,0.186,0.482,https://api.spotify.com/v1/audio-analysis/7C0rG4oWO7VeZcffyW1sK9
16DhvbuyvJob4Q9GHNYu2n,She Hates Me,70,0.584,0.00935,0.748,https://api.spotify.com/v1/audio-analysis/16DhvbuyvJob4Q9GHNYu2n
54ix2V2omFv9UUiMks7Fhf,Woman,0,0.172,5.1e-05,0.952,https://api.spotify.com/v1/audio-analysis/54ix2V2omFv9UUiMks7Fhf
5JtuIHVfsYBFAVrHwjUddj,Mother,0,0.36,0.00868,0.767,https://api.spotify.com/v1/audio-analysis/5JtuIHVfsYBFAVrHwjUddj
2Y2UZ2SFU6HSNv5Qx0HdD3,Breed,0,0.464,2.17e-06,0.941,https://api.spotify.com/v1/audio-analysis/2Y2UZ2SFU6HSNv5Qx0HdD3
2ZTIw0fZhFp3nnvF41nvVc,Rebel Yell - Remastered 1999,62,0.45,0.000466,0.694,https://api.spotify.com/v1/audio-analysis/2ZTIw0fZhFp3nnvF41nvVc
4tvBoSWeIW0bjhKNre5mod,Thunder Kiss '65,66,0.512,0.000613,0.851,https://api.spotify.com/v1/audio-analysis/4tvBoSWeIW0bjhKNre5mod
2ZBalNGwjqdKJd29O76wBV,Heat Of The Moment,0,0.576,0.358,0.84,https://api.spotify.com/v1/audio-analysis/2ZBalNGwjqdKJd29O76wBV
2kyDqWZoa2VVyrgtlx3yQT,I Remember You,0,0.48,0.000962,0.704,https://api.spotify.com/v1/audio-analysis/2kyDqWZoa2VVyrgtlx3yQT
3rjM7GhxdVq1YySsHBs21i,Animals,66,0.818,0.000734,0.961,https://api.spotify.com/v1/audio-analysis/3rjM7GhxdVq1YySsHBs21i
4pbJqGIASGPr0ZpGpnWkDn,We Will Rock You - Remastered 2011,77,0.475,0.676,0.497,https://api.spotify.com/v1/audio-analysis/4pbJqGIASGPr0ZpGpnWkDn
7D5n2kpYH2WSqIyEO9MeXf,Patience,58,0.372,0.711,0.266,https://api.spotify.com/v1/audio-analysis/7D5n2kpYH2WSqIyEO9MeXf
28clONjZmul6FjfO6tZQDE,Metal Health (Bang Your Head),61,0.507,0.0434,0.933,https://api.spotify.com/v1/audio-analysis/28clONjZmul6FjfO6tZQDE
