track_uri,name,popularity,valence,acousticness,energy,analysis_url
0H2fnXVXeTzl6H5ginSfRG,RIOT,27,0.564,0.0335,0.681,https://api.spotify.com/v1/audio-analysis/0H2fnXVXeTzl6H5ginSfRG
3Erz0Shkh4zG3lWBjhqBPd,WEIRD FLEX,11,0.335,0.238,0.686,https://api.spotify.com/v1/audio-analysis/3Erz0Shkh4zG3lWBjhqBPd
4N30wVHoXk7IeL1JOWr38y,HEY U (feat. seeyousoon),29,0.494,0.157,0.707,https://api.spotify.com/v1/audio-analysis/4N30wVHoXk7IeL1JOWr38y
7Lqk3yFLKafglbxYtizuK8,We Outside!,24,0.223,0.245,0.686,https://api.spotify.com/v1/audio-analysis/7Lqk3yFLKafglbxYtizuK8
6yOKmxsKDPe3Yb8U4wSIZq,Pepper Spray,1,0.322,0.0477,0.719,https://api.spotify.com/v1/audio-analysis/6yOKmxsKDPe3Yb8U4wSIZq
0ditrhw2FWGu8Ak2q2MfJI,Pony Up,0,0.29,0.00531,0.642,https://api.spotify.com/v1/audio-analysis/0ditrhw2FWGu8Ak2q2MfJI
1IoXZbnQFBCW1qMN8ksp8l,Shut Up,40,0.595,0.0457,0.861,https://api.spotify.com/v1/audio-analysis/1IoXZbnQFBCW1qMN8ksp8l
5sWvwuBwCF94gYw6dJsUkr,SUDOKU (+ MASHERMAN),1,0.366,0.114,0.617,https://api.spotify.com/v1/audio-analysis/5sWvwuBwCF94gYw6dJsUkr
1CwkW8d3LxrMdz99PfN8SQ,trix,46,0.236,0.306,0.474,https://api.spotify.com/v1/audio-analysis/1CwkW8d3LxrMdz99PfN8SQ
4CwI0ZjiMaW3F7B70iE43Y,D's,30,0.644,0.0371,0.87,https://api.spotify.com/v1/audio-analysis/4CwI0ZjiMaW3F7B70iE43Y
0qFapSf7YnAeBhhiHIrwT3,hands!,31,0.381,0.607,0.47,https://api.spotify.com/v1/audio-analysis/0qFapSf7YnAeBhhiHIrwT3
2TKWpKRtRJvZiXKos601XO,Ford vs Ferrari,38,0.916,0.284,0.724,https://api.spotify.com/v1/audio-analysis/2TKWpKRtRJvZiXKos601XO
3GSGkA3RNWcpjKGwTDps0M,stupid!,3,0.885,0.0687,0.816,https://api.spotify.com/v1/audio-analysis/3GSGkA3RNWcpjKGwTDps0M
1ZDP9FNfY3we4AzOxMj3vZ,Boppin,43,0.655,0.066,0.447,https://api.spotify.com/v1/audio-analysis/1ZDP9FNfY3we4AzOxMj3vZ
28Y3DUUjSZILtwaHLp6xbl,Malto,29,0.665,0.156,0.861,https://api.spotify.com/v1/audio-analysis/28Y3DUUjSZILtwaHLp6xbl
5w87hRmao8xxV1AgjjpXBr,RICH KIDS,1,0.298,0.14,0.589,https://api.spotify.com/v1/audio-analysis/5w87hRmao8xxV1AgjjpXBr
1eLven7Pt5ingozDeUV2yu,Distance,4,0.363,0.456,0.546,https://api.spotify.com/v1/audio-analysis/1eLven7Pt5ingozDeUV2yu
1dxzhfzVDjsc48DbRsw4fK,Nobody!,1,0.145,0.419,0.449,https://api.spotify.com/v1/audio-analysis/1dxzhfzVDjsc48DbRsw4fK
3sZbFUtJD2FGFWlVcDhtZk,DON'T WAIT,2,0.117,0.339,0.366,https://api.spotify.com/v1/audio-analysis/3sZbFUtJD2FGFWlVcDhtZk
3aXKUjuxlO1vW7REhccO6Y,CACTUS FLOWERS,37,0.541,0.587,0.474,https://api.spotify.com/v1/audio-analysis/3aXKUjuxlO1vW7REhccO6Y
0tjRCx5b9A0ZEU35HQ8UWS,Puerto Rican (feat. Patches),36,0.658,0.324,0.508,https://api.spotify.com/v1/audio-analysis/0tjRCx5b9A0ZEU35HQ8UWS
02ofwHZyFSuW1LlVQ6DCye,Trust,22,0.47,0.0228,0.587,https://api.spotify.com/v1/audio-analysis/02ofwHZyFSuW1LlVQ6DCye
14LbLNzYGpdL9pbUvvPaD5,FIX YOUR FACE,0,0.571,0.137,0.701,https://api.spotify.com/v1/audio-analysis/14LbLNzYGpdL9pbUvvPaD5
5XWg1JyysSonhcwfUNcCxz,Pasta,2,0.217,0.0222,0.634,https://api.spotify.com/v1/audio-analysis/5XWg1JyysSonhcwfUNcCxz
0tdVtUBz2jLHwXYiJmqBjM,Tiramisu,0,0.369,0.402,0.711,https://api.spotify.com/v1/audio-analysis/0tdVtUBz2jLHwXYiJmqBjM
3W8hGi8MuNPlmkHVyggw7n,MYKONOS,2,0.524,0.0959,0.669,https://api.spotify.com/v1/audio-analysis/3W8hGi8MuNPlmkHVyggw7n
5MACiakfaL0a3pWofRESLu,Right Now,23,0.422,0.0649,0.433,https://api.spotify.com/v1/audio-analysis/5MACiakfaL0a3pWofRESLu
1JPtTTJzQzn3VvBt1du9nj,JAVINCI,11,0.407,0.064,0.655,https://api.spotify.com/v1/audio-analysis/1JPtTTJzQzn3VvBt1du9nj
1O8SxGS15ykrZob0yjq7OY,Reality,6,0.725,0.379,0.537,https://api.spotify.com/v1/audio-analysis/1O8SxGS15ykrZob0yjq7OY
7gIvmMIxmqHPB68NjKTREn,Old Friends,1,0.377,0.687,0.516,https://api.spotify.com/v1/audio-analysis/7gIvmMIxmqHPB68NjKTREn
6mnRMeXIpOufG5IcUDNaOl,Too Rush,2,0.633,0.222,0.826,https://api.spotify.com/v1/audio-analysis/6mnRMeXIpOufG5IcUDNaOl
5bHOabgmrL1HdP7oP41Lav,SorryBae,1,0.133,0.0495,0.352,https://api.spotify.com/v1/audio-analysis/5bHOabgmrL1HdP7oP41Lav
1n8KxoqJ1E6FGO1TCJjk59,Out My Mind,1,0.504,0.0157,0.635,https://api.spotify.com/v1/audio-analysis/1n8KxoqJ1E6FGO1TCJjk59
5SxE0e7zQ3nybFuRl1iUxc,Gold Teeth,0,0.407,0.1,0.501,https://api.spotify.com/v1/audio-analysis/5SxE0e7zQ3nybFuRl1iUxc
34QvOWptPa0YNr1Ip7WMzL,Trendy AF.,1,0.476,0.38,0.701,https://api.spotify.com/v1/audio-analysis/34QvOWptPa0YNr1Ip7WMzL
