track_uri,name,popularity,valence,acousticness,energy,analysis_url
60ynsPSSKe6O3sfwRnIBRf,Streets,81,0.189,0.21,0.463,https://api.spotify.com/v1/audio-analysis/60ynsPSSKe6O3sfwRnIBRf
09mEdoA6zrmBPgTEN5qXmN,Call Out My Name,87,0.175,0.17,0.593,https://api.spotify.com/v1/audio-analysis/09mEdoA6zrmBPgTEN5qXmN
5H3TCfiw0CQTX1XU7A9TXM,Cake,74,0.29,0.381,0.655,https://api.spotify.com/v1/audio-analysis/5H3TCfiw0CQTX1XU7A9TXM
2jQiSYrwJehQAcuaaQrXnS,Friends,80,0.0911,0.0114,0.609,https://api.spotify.com/v1/audio-analysis/2jQiSYrwJehQAcuaaQrXnS
64j3Bd62HTe0pclk8Aq9BE,Open Wide (feat. Big Sean),56,0.686,0.0698,0.943,https://api.spotify.com/v1/audio-analysis/64j3Bd62HTe0pclk8Aq9BE
4o9q4CDwQw2KXIKf1XUF7a,Sugar,9,0.87,0.0747,0.786,https://api.spotify.com/v1/audio-analysis/4o9q4CDwQw2KXIKf1XUF7a
0UzymivvUH5s8z4PeWZJaK,FEVER,75,0.471,0.0642,0.713,https://api.spotify.com/v1/audio-analysis/0UzymivvUH5s8z4PeWZJaK
0dkvbYmXYEPK7gGMdytmfI,sex money feelings die - slowed version,71,0.436,0.471,0.44,https://api.spotify.com/v1/audio-analysis/0dkvbYmXYEPK7gGMdytmfI
2prnn41CblB8B4yWACDljP,Love Tonight (David Guetta Remix Edit),78,0.0348,0.015,0.989,https://api.spotify.com/v1/audio-analysis/2prnn41CblB8B4yWACDljP
2GXOmuU3kApsq2TWqOU5Bm,Send It,52,0.091,0.0199,0.979,https://api.spotify.com/v1/audio-analysis/2GXOmuU3kApsq2TWqOU5Bm
0Xz3DTcdZI01mjKfNZrsC1,Mayhem,56,0.078,0.00016,0.964,https://api.spotify.com/v1/audio-analysis/0Xz3DTcdZI01mjKfNZrsC1
7FGIEAVXfegxngH9Jg6VwA,What A Shame,68,0.565,0.315,0.463,https://api.spotify.com/v1/audio-analysis/7FGIEAVXfegxngH9Jg6VwA
6Im9k8u9iIzKMrmV7BWtlF,34+35,78,0.485,0.237,0.585,https://api.spotify.com/v1/audio-analysis/6Im9k8u9iIzKMrmV7BWtlF
7BoobGhD4x5K96Me0hqC8Q,Build a Bitch,73,0.866,0.217,0.463,https://api.spotify.com/v1/audio-analysis/7BoobGhD4x5K96Me0hqC8Q
7aonAWn0J0AJ47ZU9WHCXC,INFERNO,66,0.637,0.0766,0.611,https://api.spotify.com/v1/audio-analysis/7aonAWn0J0AJ47ZU9WHCXC
5zNW5ARjYhJQJz1AChP33n,Thot Shit,68,0.891,0.0133,0.693,https://api.spotify.com/v1/audio-analysis/5zNW5ARjYhJQJz1AChP33n
3Vi5XqYrmQgOYBajMWSvCi,Need to Know,80,0.194,0.304,0.609,https://api.spotify.com/v1/audio-analysis/3Vi5XqYrmQgOYBajMWSvCi
4NCYjPP2VAyYi6707SkS30,I Want You To Know,43,0.366,0.00537,0.846,https://api.spotify.com/v1/audio-analysis/4NCYjPP2VAyYi6707SkS30
5seWZTjT0U8a7cy3Y5NJQ9,Like Gold,52,0.694,0.0699,0.845,https://api.spotify.com/v1/audio-analysis/5seWZTjT0U8a7cy3Y5NJQ9
2PcJoVkfjcbvoqBxV1Nj7y,All I Wanna Do,66,0.509,0.245,0.668,https://api.spotify.com/v1/audio-analysis/2PcJoVkfjcbvoqBxV1Nj7y
21a1k8q3DJtsF8GorRfcL8,Mind Games,66,0.348,0.461,0.453,https://api.spotify.com/v1/audio-analysis/21a1k8q3DJtsF8GorRfcL8
77U6kcldLRFl9vCfaw11Sr,Champagne & Sunshine,73,0.265,0.0553,0.522,https://api.spotify.com/v1/audio-analysis/77U6kcldLRFl9vCfaw11Sr
09gysnJpfQ3ublBmJDfcEC,SAD GIRLZ LUV MONEY Remix (feat. Kali Uchis and Moliy),77,0.319,0.433,0.523,https://api.spotify.com/v1/audio-analysis/09gysnJpfQ3ublBmJDfcEC
1VJwtWR6z7SpZRwipI12be,Candy,69,0.209,0.513,0.516,https://api.spotify.com/v1/audio-analysis/1VJwtWR6z7SpZRwipI12be
11ZulcYY4lowvcQm4oe3VJ,Slumber Party (feat. Princess Nokia),73,0.563,0.00151,0.398,https://api.spotify.com/v1/audio-analysis/11ZulcYY4lowvcQm4oe3VJ
3aA6xB0tOilDDX17fIJ0Bl,Freak,70,0.373,0.0969,0.716,https://api.spotify.com/v1/audio-analysis/3aA6xB0tOilDDX17fIJ0Bl
2VT56hhAcF0D3lGx9PUthf,Ain't Shit,57,0.619,0.506,0.488,https://api.spotify.com/v1/audio-analysis/2VT56hhAcF0D3lGx9PUthf
0g4fzRkbLeCDUCoe5iUOcf,sex money feelings die,71,0.631,0.323,0.534,https://api.spotify.com/v1/audio-analysis/0g4fzRkbLeCDUCoe5iUOcf
4pt5fDVTg5GhEvEtlz9dKk,I WANNA BE YOUR SLAVE,81,0.958,0.00165,0.608,https://api.spotify.com/v1/audio-analysis/4pt5fDVTg5GhEvEtlz9dKk
7py16W5fWYLFFS6BElKAjn,Tears (feat. Louisa Johnson),57,0.298,0.0431,0.77,https://api.spotify.com/v1/audio-analysis/7py16W5fWYLFFS6BElKAjn
0sci7ppTZFm4mjcH3nu8yO,nasty,65,0.456,0.0814,0.506,https://api.spotify.com/v1/audio-analysis/0sci7ppTZFm4mjcH3nu8yO
6SRsiMl7w1USE4mFqrOhHC,brutal,77,0.28,0.0311,0.526,https://api.spotify.com/v1/audio-analysis/6SRsiMl7w1USE4mFqrOhHC
0WSjVLITbxV6kVXndziQDm,Drop That Low (When I Dip),67,0.103,0.00945,0.896,https://api.spotify.com/v1/audio-analysis/0WSjVLITbxV6kVXndziQDm
59qIxqEG0JbLgdMbkDWe9p,Turn up the Speakers - Radio Edit,37,0.293,0.0989,0.9,https://api.spotify.com/v1/audio-analysis/59qIxqEG0JbLgdMbkDWe9p
6Yis2VwVcABCNVEutLgAf7,How We Party,50,0.208,0.000744,0.99,https://api.spotify.com/v1/audio-analysis/6Yis2VwVcABCNVEutLgAf7
6lYdV7rTtv3dVpQ89htlRU,Calabria - Firebeatz Remix,54,0.395,0.000732,0.879,https://api.spotify.com/v1/audio-analysis/6lYdV7rTtv3dVpQ89htlRU
1ghvzmzpx2nnrbx7wtpMgo,Cyber Sex,68,0.818,0.318,0.657,https://api.spotify.com/v1/audio-analysis/1ghvzmzpx2nnrbx7wtpMgo
3ggtU1ZOKO8ZNiqPNyXGcm,Dinero,69,0.484,0.00772,0.782,https://api.spotify.com/v1/audio-analysis/3ggtU1ZOKO8ZNiqPNyXGcm
2AhKFNKiRxk2NZNF47bFjn,Money,55,0.517,0.00501,0.828,https://api.spotify.com/v1/audio-analysis/2AhKFNKiRxk2NZNF47bFjn
492PZFHvGTm3RZZYeeUVWT,Okay,67,0.431,0.112,0.815,https://api.spotify.com/v1/audio-analysis/492PZFHvGTm3RZZYeeUVWT
2zVaxB54fNngkbWs5uZnla,OHMAMI,66,0.398,0.0476,0.717,https://api.spotify.com/v1/audio-analysis/2zVaxB54fNngkbWs5uZnla
5PX4uS1LqlWEPL69phPVQQ,Pursuit Of Happiness - Extended Steve Aoki Remix,73,0.619,0.00949,0.687,https://api.spotify.com/v1/audio-analysis/5PX4uS1LqlWEPL69phPVQQ
4soJPaN3etpZC72tHZztw3,Flashlight,50,0.274,0.0128,0.949,https://api.spotify.com/v1/audio-analysis/4soJPaN3etpZC72tHZztw3
0CqRpu9lPGaPCLQojOn5yb,Bazooka,31,0.22,0.00175,0.833,https://api.spotify.com/v1/audio-analysis/0CqRpu9lPGaPCLQojOn5yb
389MC596K4IN35zaHAyuYz,Scared To Be Lonely - Brooks Remix,55,0.225,0.0126,0.796,https://api.spotify.com/v1/audio-analysis/389MC596K4IN35zaHAyuYz
2tpIAmAq9orm1Owh5pja1w,Greedy,0,0.844,0.0323,0.705,https://api.spotify.com/v1/audio-analysis/2tpIAmAq9orm1Owh5pja1w
4Y0yJaBdUUo0LgAbKcHkgC,Body - Dzeko Remix,29,0.656,0.00835,0.945,https://api.spotify.com/v1/audio-analysis/4Y0yJaBdUUo0LgAbKcHkgC
0t8IykpcRcBmJj5Qvgfj7w,Supernova (Interstellar) - Radio Edit,35,0.413,0.000969,0.959,https://api.spotify.com/v1/audio-analysis/0t8IykpcRcBmJj5Qvgfj7w
4CLgcmdfbPvDn63WiNPRga,Red Lights - twoloud Remix,47,0.405,0.00441,0.746,https://api.spotify.com/v1/audio-analysis/4CLgcmdfbPvDn63WiNPRga
4FVcGYFGstfGbL4aZZkqIc,Dead Mans Hand,37,0.0694,0.00146,0.969,https://api.spotify.com/v1/audio-analysis/4FVcGYFGstfGbL4aZZkqIc
2ROCFjmGBPNG7IRYf11qVb,Satisfied (feat. VASSY),0,0.589,0.00326,0.941,https://api.spotify.com/v1/audio-analysis/2ROCFjmGBPNG7IRYf11qVb
2thYAVfPCmf4QxN7R69rPu,Wasted - Ummet Ozcan Remix,34,0.43,0.00871,0.917,https://api.spotify.com/v1/audio-analysis/2thYAVfPCmf4QxN7R69rPu
0hN2EHPECe3E8G5QlnOaVc,Encore - Radio Edit,0,0.125,0.000232,0.972,https://api.spotify.com/v1/audio-analysis/0hN2EHPECe3E8G5QlnOaVc
6KpwFKnUdpF98NSi81YUdH,Bitch Better Have My Money - R3hab Remix,43,0.551,0.006,0.921,https://api.spotify.com/v1/audio-analysis/6KpwFKnUdpF98NSi81YUdH
4jIQ0wouzKHbi1fYHORIN0,Clarity (feat. Foxes) - Tiësto Remix,43,0.275,0.00231,0.924,https://api.spotify.com/v1/audio-analysis/4jIQ0wouzKHbi1fYHORIN0
4OFFY6L5ywYM1TwhXX69wQ,So Am I - Toby Green Remix,0,0.371,0.00432,0.938,https://api.spotify.com/v1/audio-analysis/4OFFY6L5ywYM1TwhXX69wQ
6hX50rBhABOM9pCnyhwtdt,Sun Is Shining - R3hab Remix,23,0.119,0.00861,0.886,https://api.spotify.com/v1/audio-analysis/6hX50rBhABOM9pCnyhwtdt
04KGS1UwsvDQngmifpThFe,I Love It (feat. Charli XCX) - Club Edit [Club Edit],16,0.603,0.00256,0.929,https://api.spotify.com/v1/audio-analysis/04KGS1UwsvDQngmifpThFe
21E44wx2tzAqrGm8JceNLX,Bounce That - Original Mix,25,0.411,0.000799,0.934,https://api.spotify.com/v1/audio-analysis/21E44wx2tzAqrGm8JceNLX
4rpb9bhdDS6QWVIHVyOw9l,Forever,0,0.41,0.000568,0.933,https://api.spotify.com/v1/audio-analysis/4rpb9bhdDS6QWVIHVyOw9l
0KmJ45CPuHMQpNMY42xDUl,"Shakalaka (Steve Aoki, Deorro, MAKJ & Max Styler)",12,0.479,0.0235,0.966,https://api.spotify.com/v1/audio-analysis/0KmJ45CPuHMQpNMY42xDUl
3Hah1es0TvdRG7HWNx5e3E,Graveyard - Axwell Remix,39,0.36,0.0139,0.903,https://api.spotify.com/v1/audio-analysis/3Hah1es0TvdRG7HWNx5e3E
30BBwDTjwHQf1ixFGaE2o2,Booyah,52,0.516,0.00801,0.953,https://api.spotify.com/v1/audio-analysis/30BBwDTjwHQf1ixFGaE2o2
67WGH0Ot1mVkQFcL4hh8Xu,I Need Your Love (feat. Ellie Goulding) - Jacob Plant Remix,5,0.183,0.0277,0.818,https://api.spotify.com/v1/audio-analysis/67WGH0Ot1mVkQFcL4hh8Xu
4YfyFFQT3C2DmJAO8bZPRy,Break the Rules - Tiësto Remix,39,0.415,0.00032,0.982,https://api.spotify.com/v1/audio-analysis/4YfyFFQT3C2DmJAO8bZPRy
7bKWpXmubyw8iJDUsMaRkr,Gold Skies - Tiësto Remix,0,0.435,0.000197,0.972,https://api.spotify.com/v1/audio-analysis/7bKWpXmubyw8iJDUsMaRkr
3g6mVyrIjBzokHNy4JV37J,Lean On (feat. MØ & DJ Snake) [Tiësto & MOTi Remix],32,0.21,0.0354,0.889,https://api.spotify.com/v1/audio-analysis/3g6mVyrIjBzokHNy4JV37J
0Y37FCYPX84agr6nGGqHzT,Bootcamp - Original Mix,0,0.33,0.0303,0.858,https://api.spotify.com/v1/audio-analysis/0Y37FCYPX84agr6nGGqHzT
5tsZgJv9QqdrIqxU9piCku,One Kiss (with Dua Lipa) - R3HAB Remix,55,0.133,0.158,0.919,https://api.spotify.com/v1/audio-analysis/5tsZgJv9QqdrIqxU9piCku
4tnwr1Z0YTGCT8PohX0pKg,Cream - Radio Edit,39,0.644,0.014,0.996,https://api.spotify.com/v1/audio-analysis/4tnwr1Z0YTGCT8PohX0pKg
4lqsUPWNqcyG2Hg7yqt4lg,Drop It Like This - Original Mix,0,0.4,0.0471,0.929,https://api.spotify.com/v1/audio-analysis/4lqsUPWNqcyG2Hg7yqt4lg
3ZBvnaDdF4bVVSkSbIbW6u,STOMP!,12,0.22,0.000157,0.96,https://api.spotify.com/v1/audio-analysis/3ZBvnaDdF4bVVSkSbIbW6u
75lRIHDteNPr9hEjLEjCZ6,Jackie Chan - Tiësto Big Room Mix,32,0.508,0.022,0.83,https://api.spotify.com/v1/audio-analysis/75lRIHDteNPr9hEjLEjCZ6
45fQ0aFIB2lRNk4TkCvrzF,Crazy - Tiësto’s Big Room Mix,0,0.0382,0.000216,0.892,https://api.spotify.com/v1/audio-analysis/45fQ0aFIB2lRNk4TkCvrzF
4yn4T3wztHmguBIeSVwWie,Riverside (Reloaded),51,0.29,0.0286,0.929,https://api.spotify.com/v1/audio-analysis/4yn4T3wztHmguBIeSVwWie
5lByoyTJti3jYo22bLQKOH,Burnin,46,0.555,0.00205,0.997,https://api.spotify.com/v1/audio-analysis/5lByoyTJti3jYo22bLQKOH
5Uo7AAr2d1CNZlaKgVUT3i,All Night - Cash Cash Remix; Radio Edit,40,0.302,0.0386,0.864,https://api.spotify.com/v1/audio-analysis/5Uo7AAr2d1CNZlaKgVUT3i
4jUbpTVpjJtOZBGTPUESLA,Dangerous (feat. Sam Martin) - David Guetta Banging Remix,21,0.0839,0.024,0.93,https://api.spotify.com/v1/audio-analysis/4jUbpTVpjJtOZBGTPUESLA
2V1nvhk7X2OLc1wQS0to40,Slapjack,15,0.361,0.00394,0.913,https://api.spotify.com/v1/audio-analysis/2V1nvhk7X2OLc1wQS0to40
5SkdlJ2J6jc5M0tYlcG4vf,This Is What You Came For - R3hab vs Henry Fong Remix,45,0.205,0.00216,0.853,https://api.spotify.com/v1/audio-analysis/5SkdlJ2J6jc5M0tYlcG4vf
4xHI8W1MuhMhU5FRjFoUMb,Curiosity - Henry Fong Remix,0,0.898,0.00243,0.923,https://api.spotify.com/v1/audio-analysis/4xHI8W1MuhMhU5FRjFoUMb
4RpB1YWVr3srDU7Ipfp6d4,You should be sad - Tiësto Remix,51,0.793,0.0628,0.791,https://api.spotify.com/v1/audio-analysis/4RpB1YWVr3srDU7Ipfp6d4
6rMwYjoFvxKiaEH4If8ZpZ,How Deep Is Your Love - Calvin Harris & R3hab Remix,44,0.111,0.00426,0.859,https://api.spotify.com/v1/audio-analysis/6rMwYjoFvxKiaEH4If8ZpZ
30igLvddUr2vfw1hfM9EpZ,Rave,46,0.464,0.0105,0.98,https://api.spotify.com/v1/audio-analysis/30igLvddUr2vfw1hfM9EpZ
1horDZRb64nwbtDXymIzLw,Nothing Really Matters,49,0.688,0.00495,0.848,https://api.spotify.com/v1/audio-analysis/1horDZRb64nwbtDXymIzLw
37T8WTL169iGyeK4omDl0r,Nothing Really Matters - Magnificence Remix,10,0.162,0.00214,0.759,https://api.spotify.com/v1/audio-analysis/37T8WTL169iGyeK4omDl0r
3qPXWPkEZgUhUgPifbE99z,WOW,60,0.192,0.00116,0.99,https://api.spotify.com/v1/audio-analysis/3qPXWPkEZgUhUgPifbE99z
14jzucHhmoUhlzhWeQNAV6,Toulouse (2020 Edit),38,0.0712,0.00816,0.975,https://api.spotify.com/v1/audio-analysis/14jzucHhmoUhlzhWeQNAV6
7JWphoiRArEz95JRGjI7KA,Let Me Think About It - Sansixto Remix Edit,12,0.594,0.000525,0.973,https://api.spotify.com/v1/audio-analysis/7JWphoiRArEz95JRGjI7KA
7di19n5ajrMLbhY38WfhAs,CoCo - MAKJ Remix,30,0.169,0.00122,0.913,https://api.spotify.com/v1/audio-analysis/7di19n5ajrMLbhY38WfhAs
1Q4jb2UjtWUDUojHsB8mLY,Split (Only U),58,0.35,0.048,0.927,https://api.spotify.com/v1/audio-analysis/1Q4jb2UjtWUDUojHsB8mLY
5OyHqnLEt8Zew0kmW1T27Y,Secrets - Don Diablo’s VIP Mix,31,0.188,0.00127,0.786,https://api.spotify.com/v1/audio-analysis/5OyHqnLEt8Zew0kmW1T27Y
7yJzk64ul9PFgVFUYbEzZL,Jungle Bae (feat. Bunji Garlin & MX Prime),48,0.558,0.0304,0.997,https://api.spotify.com/v1/audio-analysis/7yJzk64ul9PFgVFUYbEzZL
00qD738Xl0NABc3G45x1Bk,Looking At Me,0,0.486,0.0409,0.901,https://api.spotify.com/v1/audio-analysis/00qD738Xl0NABc3G45x1Bk
2h3t3Foxd1VrOMEM7smWZM,Highest In The Room,47,0.398,0.0398,0.943,https://api.spotify.com/v1/audio-analysis/2h3t3Foxd1VrOMEM7smWZM
4f6ONJ2iOgnSe64MDHizHh,Jump & Sweat (feat. Sanjin),51,0.561,0.00134,0.985,https://api.spotify.com/v1/audio-analysis/4f6ONJ2iOgnSe64MDHizHh
5Vq7MJV2I6DUPPdR2FSgX1,Good Time,16,0.361,0.0176,0.916,https://api.spotify.com/v1/audio-analysis/5Vq7MJV2I6DUPPdR2FSgX1
3AUW7mAGx1BICBWqsuFgh4,Silence - Tiësto's Big Room Remix,54,0.0994,0.00621,0.941,https://api.spotify.com/v1/audio-analysis/3AUW7mAGx1BICBWqsuFgh4
352zfYbDFG8sxkmOAhVeuj,Under Control (feat. Hurts),11,0.51,0.137,0.919,https://api.spotify.com/v1/audio-analysis/352zfYbDFG8sxkmOAhVeuj
2SSFvQBwsxeazzo7z5l9gD,Delirious (Boneless) (feat. Kid Ink),59,0.925,0.0195,0.912,https://api.spotify.com/v1/audio-analysis/2SSFvQBwsxeazzo7z5l9gD
0ZdJ0MBlyrwvuLNtv3cbKM,Blame (feat. John Newman) - R3HAB Club Remix,26,0.164,0.00897,0.858,https://api.spotify.com/v1/audio-analysis/0ZdJ0MBlyrwvuLNtv3cbKM
5dpHUPhXfwtEG1yQO1xGXH,Show Me,38,0.0396,2.59e-05,0.951,https://api.spotify.com/v1/audio-analysis/5dpHUPhXfwtEG1yQO1xGXH
07BCFbk1oCwf80lemfyzK6,Overdrive,41,0.4,0.0287,0.945,https://api.spotify.com/v1/audio-analysis/07BCFbk1oCwf80lemfyzK6
4j1hJwuawbvpm2q2orbgj7,Every Day,49,0.0341,0.00298,0.728,https://api.spotify.com/v1/audio-analysis/4j1hJwuawbvpm2q2orbgj7
3Shi5fUIeuoNQWV0hjYXNs,LIES,47,0.728,0.00625,0.935,https://api.spotify.com/v1/audio-analysis/3Shi5fUIeuoNQWV0hjYXNs
6rS3tOD2t119ihRAvMulWa,Gummy - Cheyenne Giles Remix,4,0.308,0.00145,0.884,https://api.spotify.com/v1/audio-analysis/6rS3tOD2t119ihRAvMulWa
7oTYyw8gHjpyshvg7z2uSL,Grapevine - Tujamo Remix,32,0.697,0.0566,0.843,https://api.spotify.com/v1/audio-analysis/7oTYyw8gHjpyshvg7z2uSL
66bK3z2IYq1kbTCJfbAEV7,Party Time,24,0.414,0.0103,0.878,https://api.spotify.com/v1/audio-analysis/66bK3z2IYq1kbTCJfbAEV7
5G1Y0NPI4gU7A4UNLfR63j,Aruna,12,0.425,0.00709,0.948,https://api.spotify.com/v1/audio-analysis/5G1Y0NPI4gU7A4UNLfR63j
2xQhpYSiYn5DQfr73aOTTM,Touch The Sky,45,0.188,0.158,0.964,https://api.spotify.com/v1/audio-analysis/2xQhpYSiYn5DQfr73aOTTM
1DFgrkeWazxKWS03Ck01Od,Ru-Ready,3,0.819,0.016,0.881,https://api.spotify.com/v1/audio-analysis/1DFgrkeWazxKWS03Ck01Od
0c2Lf0XW6nbwuc6oxr5FtF,Wait A Minute,4,0.653,0.108,0.846,https://api.spotify.com/v1/audio-analysis/0c2Lf0XW6nbwuc6oxr5FtF
7nioVqedfrapP2y3fUWN48,Epic - Garmiani Remix,9,0.0519,0.0051,0.989,https://api.spotify.com/v1/audio-analysis/7nioVqedfrapP2y3fUWN48
3nEzV79g4ArcHDmYr2cjbD,If You Really Love Me (How Will I Know) - David Guetta & MORTEN Future Rave Remix,44,0.802,0.606,0.984,https://api.spotify.com/v1/audio-analysis/3nEzV79g4ArcHDmYr2cjbD
18KVIouF8klKE9HdqdpUxd,Lights Go Out,54,0.278,0.0975,0.888,https://api.spotify.com/v1/audio-analysis/18KVIouF8klKE9HdqdpUxd
4s1lxBxGeUwXB1m5jCBxo0,LOUDER,17,0.49,0.0409,0.957,https://api.spotify.com/v1/audio-analysis/4s1lxBxGeUwXB1m5jCBxo0
5oOwyIYnBB7qPi6AwN8d5w,Dancing Alone - BROHUG Remix,34,0.657,0.0874,0.943,https://api.spotify.com/v1/audio-analysis/5oOwyIYnBB7qPi6AwN8d5w
32sbxzReRCPKlKmSUUOX1V,All Night Long,35,0.452,0.453,0.91,https://api.spotify.com/v1/audio-analysis/32sbxzReRCPKlKmSUUOX1V
2AXoerXGnvUsueRWAWjXBI,Safe with Me - Damon Sharpe Remix,13,0.324,0.0127,0.969,https://api.spotify.com/v1/audio-analysis/2AXoerXGnvUsueRWAWjXBI
4ImduhvfL4y9yIm55CZ6CZ,Ritual - SWACQ Remix,22,0.636,0.017,0.709,https://api.spotify.com/v1/audio-analysis/4ImduhvfL4y9yIm55CZ6CZ
71JZAy1o50PLDgFUUnoArN,The Grimm,22,0.257,0.000855,0.972,https://api.spotify.com/v1/audio-analysis/71JZAy1o50PLDgFUUnoArN
1bFgMkoazsyZGSflpCzYm6,Pepas - Tiësto Remix,68,0.387,0.00215,0.688,https://api.spotify.com/v1/audio-analysis/1bFgMkoazsyZGSflpCzYm6
6k5qC7FEWeN9L5X23cBknU,Stomp Your Feet - Extended MixEdit,0,0.705,0.00861,0.885,https://api.spotify.com/v1/audio-analysis/6k5qC7FEWeN9L5X23cBknU
3g36KmRGI8hmnCcTFak4Wn,Oohla Oohla,54,0.486,0.00198,0.856,https://api.spotify.com/v1/audio-analysis/3g36KmRGI8hmnCcTFak4Wn
1QNYsqQjtdOwIUl14D2z4M,Clickbait,26,0.25,0.00529,0.838,https://api.spotify.com/v1/audio-analysis/1QNYsqQjtdOwIUl14D2z4M
07AIGejOb0kM3S7mMHi7pm,DatDatDat,19,0.484,0.000189,0.915,https://api.spotify.com/v1/audio-analysis/07AIGejOb0kM3S7mMHi7pm
5uDGa3i2YBIWqJAB2MUtcx,Lovers on the Sun (feat. Sam Martin) - Stadiumx Remix,35,0.278,0.000176,0.9,https://api.spotify.com/v1/audio-analysis/5uDGa3i2YBIWqJAB2MUtcx
4TA48C6sa3lRrr2hHFbePR,Diamonds,49,0.419,0.0124,0.926,https://api.spotify.com/v1/audio-analysis/4TA48C6sa3lRrr2hHFbePR
2RWeWGKZpQHLZyCP6N9Nxg,Treasured Soul - Chocolate Puma Remix,16,0.462,0.0121,0.883,https://api.spotify.com/v1/audio-analysis/2RWeWGKZpQHLZyCP6N9Nxg
0hkR93a0LriV2CQUhSXw3h,Lights Down Low (feat. Waka Flocka Flame),68,0.67,0.0688,0.858,https://api.spotify.com/v1/audio-analysis/0hkR93a0LriV2CQUhSXw3h
5YCPqMoXNlPeUJ9fm1dlz3,Sweater Weather - Young Saab Remix,56,0.421,0.000553,0.954,https://api.spotify.com/v1/audio-analysis/5YCPqMoXNlPeUJ9fm1dlz3
140dx97IbJbQhIMd7AaHeb,love nwantiti (ah ah ah) [feat. Joeboy & Kuami Eugene] [Remix],61,0.525,0.568,0.708,https://api.spotify.com/v1/audio-analysis/140dx97IbJbQhIMd7AaHeb
450u5gGMGwQXmtLSR7AN2s,Love Nwantiti (Acoustic Version),55,0.367,0.972,0.316,https://api.spotify.com/v1/audio-analysis/450u5gGMGwQXmtLSR7AN2s
7JvmJDDMZMvWaWARsWK9Da,MONTERO (Call Me By Your Name) - SATAN'S EXTENDED VERSION,63,0.711,0.191,0.54,https://api.spotify.com/v1/audio-analysis/7JvmJDDMZMvWaWARsWK9Da
3K1y89UHuAEZbpiSPbtAae,Step On Up,61,0.545,0.0874,0.877,https://api.spotify.com/v1/audio-analysis/3K1y89UHuAEZbpiSPbtAae
06ioYJ99HHjzRk8HrGfkKS,Drugs,65,0.318,0.35,0.415,https://api.spotify.com/v1/audio-analysis/06ioYJ99HHjzRk8HrGfkKS
4SRyrhBJ5mq8fEa3bsdZn6,Drugs & Money - New Mix,66,0.477,0.2,0.735,https://api.spotify.com/v1/audio-analysis/4SRyrhBJ5mq8fEa3bsdZn6
102cCjW3CnC3sws3qOhie8,Numb to the Feeling,63,0.248,0.232,0.737,https://api.spotify.com/v1/audio-analysis/102cCjW3CnC3sws3qOhie8
0qgZvYWLIqDn0tXimF8gPa,dirty laundry,62,0.67,0.051,0.64,https://api.spotify.com/v1/audio-analysis/0qgZvYWLIqDn0tXimF8gPa
35mBYyB61qTcGGj7MXIRM1,Cpr,64,0.534,0.0347,0.754,https://api.spotify.com/v1/audio-analysis/35mBYyB61qTcGGj7MXIRM1
2SHsNfrHj4iDOVJuDwclPd,Let’s SHUT UP & DANCE,41,0.715,0.042,0.893,https://api.spotify.com/v1/audio-analysis/2SHsNfrHj4iDOVJuDwclPd
20BOju91NaEFK5Py4VJ2pp,Best Friend (feat. Doja Cat),68,0.402,0.00302,0.766,https://api.spotify.com/v1/audio-analysis/20BOju91NaEFK5Py4VJ2pp
1TMWcbxL5YF8rKsFHv5hAP,Rules,74,0.686,0.172,0.724,https://api.spotify.com/v1/audio-analysis/1TMWcbxL5YF8rKsFHv5hAP
2g1KggY9PKvsoEAOaiz4xx,Daisy,71,0.774,0.235,0.663,https://api.spotify.com/v1/audio-analysis/2g1KggY9PKvsoEAOaiz4xx
35mvY5S1H3J2QZyna3TFe0,positions,82,0.682,0.468,0.802,https://api.spotify.com/v1/audio-analysis/35mvY5S1H3J2QZyna3TFe0
3UoULw70kMsiVXxW0L3A33,pov,74,0.173,0.36,0.534,https://api.spotify.com/v1/audio-analysis/3UoULw70kMsiVXxW0L3A33
3yOlyBJuViE2YSGn3nVE1K,My Oh My (feat. DaBaby),74,0.383,0.018,0.491,https://api.spotify.com/v1/audio-analysis/3yOlyBJuViE2YSGn3nVE1K
51ODNNDZm21HU7wI7cccRr,Latch,74,0.521,0.0159,0.727,https://api.spotify.com/v1/audio-analysis/51ODNNDZm21HU7wI7cccRr
5ln5yQdUywVbf8HhFsOcd6,Walls Could Talk,75,0.571,0.128,0.423,https://api.spotify.com/v1/audio-analysis/5ln5yQdUywVbf8HhFsOcd6
6ic8OlLUNEATToEFU3xmaH,Gimme More,78,0.382,0.25,0.844,https://api.spotify.com/v1/audio-analysis/6ic8OlLUNEATToEFU3xmaH
7fBv7CLKzipRk6EC6TWHOB,The Hills,86,0.137,0.0671,0.564,https://api.spotify.com/v1/audio-analysis/7fBv7CLKzipRk6EC6TWHOB
3M0lSi5WW79CXQamgSBIjx,Swim,81,0.0771,0.27,0.542,https://api.spotify.com/v1/audio-analysis/3M0lSi5WW79CXQamgSBIjx
0k4d5YPDr1r7FX77VdqWez,You Right,81,0.436,0.0164,0.621,https://api.spotify.com/v1/audio-analysis/0k4d5YPDr1r7FX77VdqWez
58HvfVOeJY7lUuCqF0m3ly,MIDDLE OF THE NIGHT,85,0.0899,0.0228,0.611,https://api.spotify.com/v1/audio-analysis/58HvfVOeJY7lUuCqF0m3ly
0MMyJUC3WNnFS1lit5pTjk,"jealousy, jealousy",81,0.699,0.198,0.575,https://api.spotify.com/v1/audio-analysis/0MMyJUC3WNnFS1lit5pTjk
6tDDoYIxWvMLTdKpjFkc1B,telepatía,82,0.553,0.112,0.524,https://api.spotify.com/v1/audio-analysis/6tDDoYIxWvMLTdKpjFkc1B
5GkQIP5mWPi4KZLLXeuFTT,motive (with Doja Cat),75,0.661,0.0681,0.742,https://api.spotify.com/v1/audio-analysis/5GkQIP5mWPi4KZLLXeuFTT
5OCJzvD7sykQEKHH7qAC3C,God is a woman,77,0.268,0.0233,0.658,https://api.spotify.com/v1/audio-analysis/5OCJzvD7sykQEKHH7qAC3C
2Xr1dTzJee307rmrkt8c0g,love nwantiti (ah ah ah),80,0.533,0.365,0.739,https://api.spotify.com/v1/audio-analysis/2Xr1dTzJee307rmrkt8c0g
0uH5ORp6Ai5PP0SUofxoc7,Tomorrow (feat. 433),50,0.203,0.00607,0.942,https://api.spotify.com/v1/audio-analysis/0uH5ORp6Ai5PP0SUofxoc7
