track_uri,name,popularity,valence,acousticness,energy,analysis_url
5Sf7xPHiezqlvGKyFcOuaA,The Joker,0,0.835,0.328,0.432,https://api.spotify.com/v1/audio-analysis/5Sf7xPHiezqlvGKyFcOuaA
7s8spWIA65WP6vG18bXDP1,The Train Kept A Rollin',41,0.962,0.697,0.707,https://api.spotify.com/v1/audio-analysis/7s8spWIA65WP6vG18bXDP1
5QHrCl8kOMIFOWYQQzHXFH,Nadine - Stereo Remix,50,0.95,0.612,0.502,https://api.spotify.com/v1/audio-analysis/5QHrCl8kOMIFOWYQQzHXFH
3cnDBECxm9WUoGJVquJ26l,Promised Land,0,0.965,0.766,0.85,https://api.spotify.com/v1/audio-analysis/3cnDBECxm9WUoGJVquJ26l
3gvarrw1I5oap8RuzkprlU,My Love for Evermore (feat. Sparky Phillips),35,0.565,0.418,0.613,https://api.spotify.com/v1/audio-analysis/3gvarrw1I5oap8RuzkprlU
16Ks4wN2wG2wGlDMm5Tphe,I Got Stripes,47,0.971,0.697,0.542,https://api.spotify.com/v1/audio-analysis/16Ks4wN2wG2wGlDMm5Tphe
5eDo6xh2Y06uhh4n8mXZZJ,Journey,1,0.285,0.0142,0.955,https://api.spotify.com/v1/audio-analysis/5eDo6xh2Y06uhh4n8mXZZJ
09NuJyd2CC8Et2QYDy2tsd,Together,0,0.764,0.00223,0.955,https://api.spotify.com/v1/audio-analysis/09NuJyd2CC8Et2QYDy2tsd
4tqMwK19FgS6MGf9djUjJA,White Lightnin',37,0.943,0.879,0.914,https://api.spotify.com/v1/audio-analysis/4tqMwK19FgS6MGf9djUjJA
2K8lk9eDCxC9qKsiTrxTyz,A New Day,57,0.381,0.514,0.663,https://api.spotify.com/v1/audio-analysis/2K8lk9eDCxC9qKsiTrxTyz
5aMgN8OXDv0nJUWq1v37kv,"Follow You, Follow Me",51,0.101,0.131,0.839,https://api.spotify.com/v1/audio-analysis/5aMgN8OXDv0nJUWq1v37kv
101gpYTR6udtwff6zc2dYa,Castle in the Sky,49,0.646,0.292,0.399,https://api.spotify.com/v1/audio-analysis/101gpYTR6udtwff6zc2dYa
5qQulNXlTAhtnoENRaKo7K,Talk It Out - Meteadisco Mix,49,0.584,0.0659,0.566,https://api.spotify.com/v1/audio-analysis/5qQulNXlTAhtnoENRaKo7K
58ZPZzTln24CpsxIDkgXRu,Take It Slow,49,0.215,0.494,0.603,https://api.spotify.com/v1/audio-analysis/58ZPZzTln24CpsxIDkgXRu
1bZtIdKIaccBlRSzRExGwM,Morning Light,48,0.499,0.135,0.503,https://api.spotify.com/v1/audio-analysis/1bZtIdKIaccBlRSzRExGwM
0zbeEBe7DDaRM8KParjIBq,No Rain - Ronan Remix,48,0.616,0.0556,0.482,https://api.spotify.com/v1/audio-analysis/0zbeEBe7DDaRM8KParjIBq
3jJrIGb23RxyJMqMvrrX38,A Different Path,43,0.22,0.0089,0.557,https://api.spotify.com/v1/audio-analysis/3jJrIGb23RxyJMqMvrrX38
38IssLq5FtkbpZRpNpcT1T,Do It - Remix,47,0.194,0.286,0.538,https://api.spotify.com/v1/audio-analysis/38IssLq5FtkbpZRpNpcT1T
00h9HFDaBasvU6MrvixRTo,I Never Told You,50,0.194,0.207,0.691,https://api.spotify.com/v1/audio-analysis/00h9HFDaBasvU6MrvixRTo
6kUd98yHlrfokElPuSHH3s,Sunny Road - Future Disco Mix,45,0.318,0.0534,0.601,https://api.spotify.com/v1/audio-analysis/6kUd98yHlrfokElPuSHH3s
2gKufIT5lJeu3u6c2Avbzm,Starlight,41,0.656,0.202,0.665,https://api.spotify.com/v1/audio-analysis/2gKufIT5lJeu3u6c2Avbzm
5MfdKQUnEjnqNVnj4Fmsm5,Everybody Everybody - Liongold Remix,41,0.892,0.125,0.661,https://api.spotify.com/v1/audio-analysis/5MfdKQUnEjnqNVnj4Fmsm5
1KpmJ0qMfQb96BqjJQwIap,Lovin' You - Astrovoid Remix,51,0.768,0.289,0.432,https://api.spotify.com/v1/audio-analysis/1KpmJ0qMfQb96BqjJQwIap
1MEeJoz0bLDxoPCdfzsUdx,Lovesong - Style Project Remix,48,0.808,0.012,0.431,https://api.spotify.com/v1/audio-analysis/1MEeJoz0bLDxoPCdfzsUdx
6hu1xWLYlUYjh7QOIldZl3,I'm Not In Love - Ronan Remix,46,0.537,0.567,0.426,https://api.spotify.com/v1/audio-analysis/6hu1xWLYlUYjh7QOIldZl3
4IExJnjUh0OLugrOWilLCP,Self Control,56,0.232,0.137,0.452,https://api.spotify.com/v1/audio-analysis/4IExJnjUh0OLugrOWilLCP
2elwuVGPrE6EDLgiiNJR6R,Just an Illusion - Ronan Remix,49,0.597,0.443,0.673,https://api.spotify.com/v1/audio-analysis/2elwuVGPrE6EDLgiiNJR6R
2lMRebjS1GEHAKaA9XJ6Ub,Time After Time - Dataset Remix,48,0.478,0.00607,0.598,https://api.spotify.com/v1/audio-analysis/2lMRebjS1GEHAKaA9XJ6Ub
3DQ7GcE9EqAYHOWXDetWa4,Truly Madly Deeply - House Mix,45,0.469,0.0349,0.402,https://api.spotify.com/v1/audio-analysis/3DQ7GcE9EqAYHOWXDetWa4
4UFJwDn67ILf1x5ETETXUj,Adore You - Javier Penna Remix,46,0.613,0.115,0.698,https://api.spotify.com/v1/audio-analysis/4UFJwDn67ILf1x5ETETXUj
1s1kY9duH0g4jKHrxxjTkX,Good Golly Miss Molly,0,0.965,0.601,0.712,https://api.spotify.com/v1/audio-analysis/1s1kY9duH0g4jKHrxxjTkX
7Lfp7FsKI4buEJYbMlt7QU,C’Mon Everybody,39,0.909,0.134,0.699,https://api.spotify.com/v1/audio-analysis/7Lfp7FsKI4buEJYbMlt7QU
7demHL0GXA6YmTNqw3Btz8,Yakety Yak,2,0.976,0.705,0.669,https://api.spotify.com/v1/audio-analysis/7demHL0GXA6YmTNqw3Btz8
0Ip2pWYQmo8NUxKql20QPk,Jaded,47,0.0869,0.738,0.286,https://api.spotify.com/v1/audio-analysis/0Ip2pWYQmo8NUxKql20QPk
6C7aTTCUWRK7dD379yUT3W,Roll Over Beethoven,58,0.841,0.837,0.797,https://api.spotify.com/v1/audio-analysis/6C7aTTCUWRK7dD379yUT3W
3SQhmctWreNM0X6Zkm2K5R,Maybellene,54,0.783,0.735,0.768,https://api.spotify.com/v1/audio-analysis/3SQhmctWreNM0X6Zkm2K5R
0Ubp7kMZ6MWZIL8qkloYub,Warmpop,46,0.194,0.000208,0.771,https://api.spotify.com/v1/audio-analysis/0Ubp7kMZ6MWZIL8qkloYub
2X8j1vYJaJZ1vIRp7csg2y,S.W.A.K.,44,0.389,0.327,0.484,https://api.spotify.com/v1/audio-analysis/2X8j1vYJaJZ1vIRp7csg2y
4xlpJ99yL9xYQtzG6c3hwk,Luv(sic.) pt3 (feat. Shing02),60,0.87,0.727,0.691,https://api.spotify.com/v1/audio-analysis/4xlpJ99yL9xYQtzG6c3hwk
0U8p5E6FrnFbZUZwvxSNKP,Gaze,27,0.431,0.0328,0.233,https://api.spotify.com/v1/audio-analysis/0U8p5E6FrnFbZUZwvxSNKP
2B180fXRqdzW3RBZgzlXRi,Just Like Heaven,49,0.567,0.559,0.295,https://api.spotify.com/v1/audio-analysis/2B180fXRqdzW3RBZgzlXRi
73DfVvh6PynHy59NISUfsB,Sing It Back,51,0.368,0.669,0.287,https://api.spotify.com/v1/audio-analysis/73DfVvh6PynHy59NISUfsB
3JQN4r78xj1pLL5fVAmBkg,Dancing with Myself,46,0.47,0.628,0.357,https://api.spotify.com/v1/audio-analysis/3JQN4r78xj1pLL5fVAmBkg
1C7C0RNdTZBCJLq4BQPHrA,Put Your Records On,46,0.338,0.595,0.115,https://api.spotify.com/v1/audio-analysis/1C7C0RNdTZBCJLq4BQPHrA
5rnAlOCVFg2S9xlFxejfXD,Dangerous Woman,50,0.589,0.109,0.624,https://api.spotify.com/v1/audio-analysis/5rnAlOCVFg2S9xlFxejfXD
2BQ7d1JGleZjwmCyAFVsAJ,Sexual Healing,49,0.578,0.0262,0.258,https://api.spotify.com/v1/audio-analysis/2BQ7d1JGleZjwmCyAFVsAJ
5YfSIDiYVBXBacTLlbnPKc,Summertime Blues,0,0.961,0.467,0.74,https://api.spotify.com/v1/audio-analysis/5YfSIDiYVBXBacTLlbnPKc
617uJqZrXJJypEuaALXutM,Ain't That A Shame,0,0.953,0.697,0.351,https://api.spotify.com/v1/audio-analysis/617uJqZrXJJypEuaALXutM
4MqtBTeI5NwIdvf2ErUz5F,(We're Gonna) Rock Around The Clock,0,0.751,0.204,0.864,https://api.spotify.com/v1/audio-analysis/4MqtBTeI5NwIdvf2ErUz5F
5d6ZRqgbz26Sg4bk1oifQw,Blue Suede Shoes,56,0.965,0.448,0.673,https://api.spotify.com/v1/audio-analysis/5d6ZRqgbz26Sg4bk1oifQw
1h2NZP7rlDgelQ0r1tCOzs,Great Balls Of Fire - 1964 Version,40,0.832,0.444,0.762,https://api.spotify.com/v1/audio-analysis/1h2NZP7rlDgelQ0r1tCOzs
08m7pwirwY6h90JE8dZ3D3,59 Ford,47,0.771,0.097,0.872,https://api.spotify.com/v1/audio-analysis/08m7pwirwY6h90JE8dZ3D3
3qz0e03PIaalwcCGwaJHMs,Matchbox,44,0.923,0.48,0.892,https://api.spotify.com/v1/audio-analysis/3qz0e03PIaalwcCGwaJHMs
75MzeS5tyJDX7a5ZytcqS8,Everybody's Trying to Be My Baby,39,0.85,0.298,0.843,https://api.spotify.com/v1/audio-analysis/75MzeS5tyJDX7a5ZytcqS8
4NnJxkpRJzfKMJM1H3VlYt,Everybody's Movin',36,0.932,0.694,0.666,https://api.spotify.com/v1/audio-analysis/4NnJxkpRJzfKMJM1H3VlYt
79K5pAjftYuDRdxRksHddu,Chevy 55,36,0.963,0.664,0.941,https://api.spotify.com/v1/audio-analysis/79K5pAjftYuDRdxRksHddu
2UhkB6rKxTdWJj3wiYkcyx,Hip Shakin' Baby,34,0.757,0.0778,0.712,https://api.spotify.com/v1/audio-analysis/2UhkB6rKxTdWJj3wiYkcyx
2BgekYyyiCcvina0Ihoii9,Bluejean Bop,33,0.724,0.272,0.671,https://api.spotify.com/v1/audio-analysis/2BgekYyyiCcvina0Ihoii9
0zUrqiVhuc5siPuEGmi3l6,We Wanna Boogie,25,0.604,0.279,0.746,https://api.spotify.com/v1/audio-analysis/0zUrqiVhuc5siPuEGmi3l6
4NazHwfKb4e9WSkFM2OC52,Rock Billy Boogie,39,0.95,0.669,0.89,https://api.spotify.com/v1/audio-analysis/4NazHwfKb4e9WSkFM2OC52
07JOGpEHBICoVjcIjF4ROY,Skinny Jim,24,0.864,0.675,0.758,https://api.spotify.com/v1/audio-analysis/07JOGpEHBICoVjcIjF4ROY
0VL7bjfwdWsGOOwhGjEe7c,Sunglasses After Dark,28,0.788,0.643,0.828,https://api.spotify.com/v1/audio-analysis/0VL7bjfwdWsGOOwhGjEe7c
3qYNCi2R5PBer8Ypj4JyIR,Ubangi Stomp,21,0.897,0.616,0.623,https://api.spotify.com/v1/audio-analysis/3qYNCi2R5PBer8Ypj4JyIR
41i8T9OsxytM0m2UkZWPYC,Put Your Cat Clothes on,23,0.828,0.479,0.922,https://api.spotify.com/v1/audio-analysis/41i8T9OsxytM0m2UkZWPYC
47fBL9Hqjq2kFIrg8c1wQi,Rockabilly Rebel,42,0.925,0.556,0.964,https://api.spotify.com/v1/audio-analysis/47fBL9Hqjq2kFIrg8c1wQi
1xsCrfWhIiFWjcQqN5px74,Cry of Midnight,28,0.96,0.68,0.829,https://api.spotify.com/v1/audio-analysis/1xsCrfWhIiFWjcQqN5px74
11OHCOmCIIefE4AgZRn0x5,Mary Lou,15,0.942,0.905,0.588,https://api.spotify.com/v1/audio-analysis/11OHCOmCIIefE4AgZRn0x5
7s6yBXW6U0NzEMUSvesOzK,Black Cat's Bone,33,0.921,0.449,0.825,https://api.spotify.com/v1/audio-analysis/7s6yBXW6U0NzEMUSvesOzK
5cWKBOUUemcjynxC5hS7yP,Hot Rod Roadeo,28,0.969,0.605,0.719,https://api.spotify.com/v1/audio-analysis/5cWKBOUUemcjynxC5hS7yP
5XUiqQLF5mSkBs16ohiEXQ,One Cup of Coffee,34,0.953,0.534,0.645,https://api.spotify.com/v1/audio-analysis/5XUiqQLF5mSkBs16ohiEXQ
6sZAFmZ4nd9vzlQxniH2ZF,Bony Moronie,0,0.964,0.196,0.696,https://api.spotify.com/v1/audio-analysis/6sZAFmZ4nd9vzlQxniH2ZF
1q7njNe2QfE0xbZMtTOT2m,Long Tall Sally,0,0.842,0.608,0.635,https://api.spotify.com/v1/audio-analysis/1q7njNe2QfE0xbZMtTOT2m
74hKkSJTY4Z6P6BRV1641u,Lip Lickin' Lou,31,0.909,0.605,0.926,https://api.spotify.com/v1/audio-analysis/74hKkSJTY4Z6P6BRV1641u
1rBIYkgvWp4cJAZ8gKmw00,Bama Lama Bama Loo,31,0.964,0.56,0.852,https://api.spotify.com/v1/audio-analysis/1rBIYkgvWp4cJAZ8gKmw00
5H0RXTeRWDKTrQNMWNPm7Y,Lewis Boogie,25,0.851,0.713,0.821,https://api.spotify.com/v1/audio-analysis/5H0RXTeRWDKTrQNMWNPm7Y
05OCYhoEeasqAJXKtYxRZi,Boppin' the Blues,0,0.674,0.462,0.902,https://api.spotify.com/v1/audio-analysis/05OCYhoEeasqAJXKtYxRZi
73uI3NKaD0DFQ78jAyNGsW,Cruisin',30,0.926,0.593,0.67,https://api.spotify.com/v1/audio-analysis/73uI3NKaD0DFQ78jAyNGsW
1hcs4ZGMVsnKgBRawd1cCA,Rock Around With Ollie Vee - Single Version,0,0.836,0.368,0.841,https://api.spotify.com/v1/audio-analysis/1hcs4ZGMVsnKgBRawd1cCA
3IrcXSg255PDIIu0UjzRLh,Pretty Bad Blues,24,0.911,0.497,0.56,https://api.spotify.com/v1/audio-analysis/3IrcXSg255PDIIu0UjzRLh
56C5JzYMVoeaWIcgcutdWI,You're My Baby,0,0.925,0.429,0.86,https://api.spotify.com/v1/audio-analysis/56C5JzYMVoeaWIcgcutdWI
40Cm3xxLnHUK8y2TVF4Jyp,A-V8 Boogie,0,0.807,0.792,0.761,https://api.spotify.com/v1/audio-analysis/40Cm3xxLnHUK8y2TVF4Jyp
0a4npNaaH0FuAVkH2ORqpH,Maniac Lover,20,0.515,0.025,0.836,https://api.spotify.com/v1/audio-analysis/0a4npNaaH0FuAVkH2ORqpH
3owKZYdWWzNcThn3NLRkb3,Peter Gunn,46,0.726,0.0829,0.74,https://api.spotify.com/v1/audio-analysis/3owKZYdWWzNcThn3NLRkb3
6ImmlZj8ysK2jDnqqbKp60,"Hello Mary Lou, Goodbye Heart - Remastered",56,0.931,0.502,0.633,https://api.spotify.com/v1/audio-analysis/6ImmlZj8ysK2jDnqqbKp60
7giCL0DtSZbULxMekYbgyU,What I Could've Done,21,0.474,0.106,0.467,https://api.spotify.com/v1/audio-analysis/7giCL0DtSZbULxMekYbgyU
01E1JjJ1WWKl7gxhplzIK6,Just the Two of Us,50,0.482,0.363,0.437,https://api.spotify.com/v1/audio-analysis/01E1JjJ1WWKl7gxhplzIK6
1VYvWpbuOfXKSm4jpuJblj,I Love You,53,0.507,0.198,0.549,https://api.spotify.com/v1/audio-analysis/1VYvWpbuOfXKSm4jpuJblj
4x3nvARpbulEKyePztwR1t,Walk on the Wild Side,48,0.693,0.0708,0.494,https://api.spotify.com/v1/audio-analysis/4x3nvARpbulEKyePztwR1t
1QZ0trnp5lBt5rEvGX1kNk,Sacrifice,52,0.57,0.266,0.449,https://api.spotify.com/v1/audio-analysis/1QZ0trnp5lBt5rEvGX1kNk
2ggdl6YVsi6aHEzfXggXpB,Afterglow,34,0.544,0.127,0.489,https://api.spotify.com/v1/audio-analysis/2ggdl6YVsi6aHEzfXggXpB
0aChcSAAQqNjoV4dl0hw4r,Feeling Good,49,0.395,0.0283,0.412,https://api.spotify.com/v1/audio-analysis/0aChcSAAQqNjoV4dl0hw4r
2RCabXUKc8Lmiasw3kVe8h,Daydreaming,45,0.133,0.569,0.577,https://api.spotify.com/v1/audio-analysis/2RCabXUKc8Lmiasw3kVe8h
7rNRN7mknb1HjRmqoNNBMI,Levitating,47,0.523,0.129,0.468,https://api.spotify.com/v1/audio-analysis/7rNRN7mknb1HjRmqoNNBMI
5araKcMKApvzTfJ9iO4CZ1,Everybody Everybody,43,0.694,0.845,0.436,https://api.spotify.com/v1/audio-analysis/5araKcMKApvzTfJ9iO4CZ1
5bFy4AS0cdJD2g3pJc0YSX,Bad Habits,51,0.363,0.174,0.359,https://api.spotify.com/v1/audio-analysis/5bFy4AS0cdJD2g3pJc0YSX
4bM2Yv7etnmQu01Yv0ueSv,I Got You (I Feel Good),45,0.587,0.49,0.43,https://api.spotify.com/v1/audio-analysis/4bM2Yv7etnmQu01Yv0ueSv
4mtWTdx3dA1NpmHH1TgPNH,Open Book,40,0.533,0.513,0.259,https://api.spotify.com/v1/audio-analysis/4mtWTdx3dA1NpmHH1TgPNH
4vzlkVKlMsZOpLvyoF1m5V,The Captain of Her Heart - Da Break Remix,42,0.457,0.284,0.572,https://api.spotify.com/v1/audio-analysis/4vzlkVKlMsZOpLvyoF1m5V
1Umvsva5p81RrWrmeDqucD,Fall In,22,0.561,0.437,0.44,https://api.spotify.com/v1/audio-analysis/1Umvsva5p81RrWrmeDqucD
2vLL4lRhIF6EQSaVxL64gy,Heartache Tonight,25,0.406,0.39,0.178,https://api.spotify.com/v1/audio-analysis/2vLL4lRhIF6EQSaVxL64gy
3oLFzWx9spRsgviNTPMwOI,No Tears Left to Cry,47,0.492,0.295,0.361,https://api.spotify.com/v1/audio-analysis/3oLFzWx9spRsgviNTPMwOI
2dK1mwtNP8Gdq90j03pYyb,All the Things,32,0.32,0.0729,0.401,https://api.spotify.com/v1/audio-analysis/2dK1mwtNP8Gdq90j03pYyb
1MapDB0sJEUo8Q2ptM7sxF,Summertime,42,0.474,0.343,0.451,https://api.spotify.com/v1/audio-analysis/1MapDB0sJEUo8Q2ptM7sxF
4HW4vRvT9UfOrwrjsmXYam,Back to Black,47,0.684,0.268,0.512,https://api.spotify.com/v1/audio-analysis/4HW4vRvT9UfOrwrjsmXYam
5zbloXRvdATx11u9v2LTbe,One Kiss,46,0.263,0.0608,0.316,https://api.spotify.com/v1/audio-analysis/5zbloXRvdATx11u9v2LTbe
0KVc0ozfeFiAfBGUHuFG7X,No One is to Blame,41,0.55,0.191,0.425,https://api.spotify.com/v1/audio-analysis/0KVc0ozfeFiAfBGUHuFG7X
0iKKvPdgwZKqKIudN86BKE,Mortal Man - Vmv Remix,37,0.212,0.681,0.271,https://api.spotify.com/v1/audio-analysis/0iKKvPdgwZKqKIudN86BKE
3fsLDYj7UiD1489iDUgxB4,Find the Way,21,0.256,0.119,0.356,https://api.spotify.com/v1/audio-analysis/3fsLDYj7UiD1489iDUgxB4
0SYhFIU5da2eb5ZuwTEYqn,Freed from Desire,43,0.187,0.674,0.234,https://api.spotify.com/v1/audio-analysis/0SYhFIU5da2eb5ZuwTEYqn
4xNY4ODuyRuL3erXG1yAV9,I've Been Thinking About You,48,0.226,0.754,0.28,https://api.spotify.com/v1/audio-analysis/4xNY4ODuyRuL3erXG1yAV9
1E8pmoaDsdaPSOJvLdj38y,The Way I Dream,16,0.195,0.529,0.278,https://api.spotify.com/v1/audio-analysis/1E8pmoaDsdaPSOJvLdj38y
7cM5FXCq88BH04QZRsC5ai,"Hold on, We're Going Home",40,0.707,0.461,0.402,https://api.spotify.com/v1/audio-analysis/7cM5FXCq88BH04QZRsC5ai
4gFaLsaEv2MgDbP3QzP3Rw,Valerie - Spanish Flow Mix,46,0.494,0.0716,0.552,https://api.spotify.com/v1/audio-analysis/4gFaLsaEv2MgDbP3QzP3Rw
50bK6bpxwWmt18Olxz789L,Ain't No Sunshine,35,0.803,0.0319,0.651,https://api.spotify.com/v1/audio-analysis/50bK6bpxwWmt18Olxz789L
74qQjnq78eU6fY7u6LPrc3,I Won't Hurt You - Liongold Remix,45,0.526,0.0672,0.477,https://api.spotify.com/v1/audio-analysis/74qQjnq78eU6fY7u6LPrc3
0lEsQGoR01bHWNWH9VO2Fw,Save Your Tears,47,0.728,0.0328,0.574,https://api.spotify.com/v1/audio-analysis/0lEsQGoR01bHWNWH9VO2Fw
6iG8xSu36Y5kDSAmMfbiqZ,In Between Days - Liongold Remix,45,0.179,0.127,0.505,https://api.spotify.com/v1/audio-analysis/6iG8xSu36Y5kDSAmMfbiqZ
4tEaBiRzdWHOygrMY02jaU,Alright - Leo Portela Rework,36,0.338,0.0595,0.514,https://api.spotify.com/v1/audio-analysis/4tEaBiRzdWHOygrMY02jaU
5KBavhFcJHYV77iHk5r7Q1,Dreamers Ball,33,0.39,0.736,0.344,https://api.spotify.com/v1/audio-analysis/5KBavhFcJHYV77iHk5r7Q1
0Zn4AJrEZKKwvxO4XjEn5b,Human Nature,39,0.357,0.235,0.64,https://api.spotify.com/v1/audio-analysis/0Zn4AJrEZKKwvxO4XjEn5b
2i5Sj90BpC0j8iCfoEjRKQ,Lovely Day,39,0.825,0.00421,0.355,https://api.spotify.com/v1/audio-analysis/2i5Sj90BpC0j8iCfoEjRKQ
4cxhbzDDWmqtqu6BoQeqr3,Boys Don't Cry,43,0.689,0.335,0.568,https://api.spotify.com/v1/audio-analysis/4cxhbzDDWmqtqu6BoQeqr3
23g8j7eb2pJZVVFGiWR29W,Stay,43,0.34,0.387,0.375,https://api.spotify.com/v1/audio-analysis/23g8j7eb2pJZVVFGiWR29W
2Q6vUQxZSodXfB20QYYwfs,You Give Love a Bad Name,29,0.306,0.424,0.394,https://api.spotify.com/v1/audio-analysis/2Q6vUQxZSodXfB20QYYwfs
0PcC3qeyj93xuuM4Uu5blJ,Part-Time Lover,33,0.579,0.519,0.425,https://api.spotify.com/v1/audio-analysis/0PcC3qeyj93xuuM4Uu5blJ
1gUoNBzRQAwUNyPkVna21U,Message in a Bottle,17,0.345,0.536,0.248,https://api.spotify.com/v1/audio-analysis/1gUoNBzRQAwUNyPkVna21U
7fgWubo9LxOKy8C87h7cqA,Fast Car,45,0.423,0.112,0.26,https://api.spotify.com/v1/audio-analysis/7fgWubo9LxOKy8C87h7cqA
6NHKQJwZ7ilHb7HTh3C2Aw,As - Luxury Remix,50,0.775,0.48,0.526,https://api.spotify.com/v1/audio-analysis/6NHKQJwZ7ilHb7HTh3C2Aw
5G4Dfw8WOXE3Ngcgf7JySx,Point of View,39,0.525,0.0557,0.434,https://api.spotify.com/v1/audio-analysis/5G4Dfw8WOXE3Ngcgf7JySx
5Ao22sgwiHjZA7Wx9Pb6aQ,Open,34,0.454,0.184,0.481,https://api.spotify.com/v1/audio-analysis/5Ao22sgwiHjZA7Wx9Pb6aQ
0AG9vNUg8uYeagIjiuEZQS,Peaches,49,0.492,0.0572,0.364,https://api.spotify.com/v1/audio-analysis/0AG9vNUg8uYeagIjiuEZQS
1uhYE07Z9YPTb8zB46MMsa,Deja Vu,50,0.468,0.144,0.4,https://api.spotify.com/v1/audio-analysis/1uhYE07Z9YPTb8zB46MMsa
60PJeK2yiHljCiLrNGBZWk,Sweet Baby,17,0.231,0.587,0.624,https://api.spotify.com/v1/audio-analysis/60PJeK2yiHljCiLrNGBZWk
0BHP48F0YjavS7yzQ54RHd,Eyes Without a Face,30,0.577,0.485,0.517,https://api.spotify.com/v1/audio-analysis/0BHP48F0YjavS7yzQ54RHd
4WHwNDPLEmQHuXnqaxNQek,Bring on the Night,37,0.511,0.00703,0.68,https://api.spotify.com/v1/audio-analysis/4WHwNDPLEmQHuXnqaxNQek
3CFqRpwiJrE71RvDmpsfhM,Heartbreak Hotel,27,0.667,0.302,0.235,https://api.spotify.com/v1/audio-analysis/3CFqRpwiJrE71RvDmpsfhM
4X9MumWkSlE9ilxl5h8p40,Sorry Seems to Be the Hardest Word,48,0.664,0.243,0.484,https://api.spotify.com/v1/audio-analysis/4X9MumWkSlE9ilxl5h8p40
2NA1Zg4ursRKRRhxew1AFL,People Say,32,0.513,0.0136,0.415,https://api.spotify.com/v1/audio-analysis/2NA1Zg4ursRKRRhxew1AFL
7nBjoPOIXNhwI1E76CDTPe,Let's Spend the Night - Ronan Remix,43,0.795,0.346,0.669,https://api.spotify.com/v1/audio-analysis/7nBjoPOIXNhwI1E76CDTPe
7zFghhwdX2foIX6Nxy7zxR,Master Blaster (Jammin'),46,0.646,0.0964,0.624,https://api.spotify.com/v1/audio-analysis/7zFghhwdX2foIX6Nxy7zxR
6XNKfN5cJ4YYm1SThhXf9A,Hotel California - Spanish Flow Mix,37,0.837,0.472,0.582,https://api.spotify.com/v1/audio-analysis/6XNKfN5cJ4YYm1SThhXf9A
5bNCM5pksbzlumeuJDtDJe,Resentment 101,32,0.334,0.325,0.625,https://api.spotify.com/v1/audio-analysis/5bNCM5pksbzlumeuJDtDJe
7DoAXR56x010zMv6cDIrh6,Know For Sure,43,0.637,0.5,0.451,https://api.spotify.com/v1/audio-analysis/7DoAXR56x010zMv6cDIrh6
1z627pI7fDAG5wYK88MJkB,Paradise - Ronan Remix,45,0.571,0.511,0.446,https://api.spotify.com/v1/audio-analysis/1z627pI7fDAG5wYK88MJkB
3xIfGxx1gZzS1JkOhnl4zN,Space,46,0.155,0.0412,0.653,https://api.spotify.com/v1/audio-analysis/3xIfGxx1gZzS1JkOhnl4zN
1t6XJUBCqYGHFdiuQkQuq6,Used to Be,39,0.331,0.232,0.559,https://api.spotify.com/v1/audio-analysis/1t6XJUBCqYGHFdiuQkQuq6
0S3YT6vNjwLEdNr5qQpLJ4,Slide,45,0.625,0.00873,0.689,https://api.spotify.com/v1/audio-analysis/0S3YT6vNjwLEdNr5qQpLJ4
7sBU4DBoajgD9ZXJFFdmG6,Together,44,0.908,0.116,0.433,https://api.spotify.com/v1/audio-analysis/7sBU4DBoajgD9ZXJFFdmG6
22Cx8irTqnU1j6lLNMdRy9,We Grew Apart,38,0.227,0.0866,0.415,https://api.spotify.com/v1/audio-analysis/22Cx8irTqnU1j6lLNMdRy9
3Fx2Grz6nASVJAvA1cMJrz,Funk - Back Home Remix,44,0.306,0.133,0.524,https://api.spotify.com/v1/audio-analysis/3Fx2Grz6nASVJAvA1cMJrz
1vzdl51JYcS8FbRLOQ6wq1,Summer,41,0.801,0.0365,0.375,https://api.spotify.com/v1/audio-analysis/1vzdl51JYcS8FbRLOQ6wq1
71aMnMBBJznM76m4mJ2mH3,Strong,29,0.307,0.00676,0.434,https://api.spotify.com/v1/audio-analysis/71aMnMBBJznM76m4mJ2mH3
6Y8stzs9YbqbsYs12vuj8w,Africa,42,0.38,0.0248,0.649,https://api.spotify.com/v1/audio-analysis/6Y8stzs9YbqbsYs12vuj8w
3d1HENqUtXt2LaplSqDxGC,Freedom - Pluck Mix,43,0.458,0.109,0.576,https://api.spotify.com/v1/audio-analysis/3d1HENqUtXt2LaplSqDxGC
21DgU0qlRVbQ5b4DrBFdAc,Let's Go Let's Go Let's Go,32,0.834,0.212,0.777,https://api.spotify.com/v1/audio-analysis/21DgU0qlRVbQ5b4DrBFdAc
7ohJuvtlKjKKaimEcvWfh1,Baby Did A Bad Bad Thing - Remastered,38,0.556,0.389,0.604,https://api.spotify.com/v1/audio-analysis/7ohJuvtlKjKKaimEcvWfh1
1ZWRftKlf5bFBhsUUulMgE,Blue Hotel - Remastered,39,0.478,0.00224,0.826,https://api.spotify.com/v1/audio-analysis/1ZWRftKlf5bFBhsUUulMgE
58c3bBDqxPiTYqEZNs3ISe,She's Got It,32,0.962,0.691,0.61,https://api.spotify.com/v1/audio-analysis/58c3bBDqxPiTYqEZNs3ISe
5hj1vbYsFDL8dWK2djUKjg,Saturday Night,0,0.723,0.0574,0.923,https://api.spotify.com/v1/audio-analysis/5hj1vbYsFDL8dWK2djUKjg
7cco1V5JIDJbZE3EvHwMWK,"Drinking Wine, Spo-Dee-O-Dee",30,0.485,0.378,0.915,https://api.spotify.com/v1/audio-analysis/7cco1V5JIDJbZE3EvHwMWK
7DYbsqyCHJxBXAUvXyYQ6T,Cut Across Shorty,42,0.834,0.0951,0.452,https://api.spotify.com/v1/audio-analysis/7DYbsqyCHJxBXAUvXyYQ6T
0oWvTubDuYWIti9vLPbE6x,Rip It Up,30,0.965,0.461,0.76,https://api.spotify.com/v1/audio-analysis/0oWvTubDuYWIti9vLPbE6x
6jhzN1lfTh3jq50b7k8GTM,Don't Be Cruel,26,0.92,0.766,0.827,https://api.spotify.com/v1/audio-analysis/6jhzN1lfTh3jq50b7k8GTM
6egH9cDQRVmAfgJy8xxavG,By The Light Of The Silvery Moon - Remastered,41,0.945,0.324,0.599,https://api.spotify.com/v1/audio-analysis/6egH9cDQRVmAfgJy8xxavG
5ovOduWMcQrIrqJja1MB34,Money,27,0.962,0.428,0.85,https://api.spotify.com/v1/audio-analysis/5ovOduWMcQrIrqJja1MB34
6UaJ1q0hLCoJohUvw0ZUwV,Kill My Baby,14,0.772,0.00133,0.775,https://api.spotify.com/v1/audio-analysis/6UaJ1q0hLCoJohUvw0ZUwV
5nFCmvUFo4SsjRyKpyNK71,Stringbuster,12,0.654,0.00154,0.722,https://api.spotify.com/v1/audio-analysis/5nFCmvUFo4SsjRyKpyNK71
61rpAiSTveFp0T07fUqPDH,Interstate Blues,0,0.849,0.351,0.858,https://api.spotify.com/v1/audio-analysis/61rpAiSTveFp0T07fUqPDH
24fRXt6SpKM4zMgGxH4ozs,Am I Blue,21,0.951,0.679,0.784,https://api.spotify.com/v1/audio-analysis/24fRXt6SpKM4zMgGxH4ozs
65CZDFTxYdBCoDoQnV0pDz,Evil,14,0.813,0.0011,0.966,https://api.spotify.com/v1/audio-analysis/65CZDFTxYdBCoDoQnV0pDz
4Jnvl6gLMWIOOvd0QxuHxl,The Devil Gets His Due,0,0.861,0.295,0.771,https://api.spotify.com/v1/audio-analysis/4Jnvl6gLMWIOOvd0QxuHxl
4B2KZvCqNz59OQZHjyH1Ax,Don't Mess With My Ducktail,0,0.765,0.573,0.922,https://api.spotify.com/v1/audio-analysis/4B2KZvCqNz59OQZHjyH1Ax
6KOxENMw44KWCI0oc3U48B,Rock On The Moon,21,0.856,0.717,0.947,https://api.spotify.com/v1/audio-analysis/6KOxENMw44KWCI0oc3U48B
6B4puOI5Ni6wpSmo7WtpM3,Killer Boogie,13,0.965,0.706,0.603,https://api.spotify.com/v1/audio-analysis/6B4puOI5Ni6wpSmo7WtpM3
1KyVjRysZAOjcLmOr69XbJ,I Shot The Sheriff,14,0.854,0.268,0.728,https://api.spotify.com/v1/audio-analysis/1KyVjRysZAOjcLmOr69XbJ
6tGdTeRFGlBc7l4PwCYJtd,Let’s Have A Party,0,0.962,0.616,0.712,https://api.spotify.com/v1/audio-analysis/6tGdTeRFGlBc7l4PwCYJtd
5zjYbVucw9cHYVl2IIpYH0,Please Don't Touch,29,0.801,0.552,0.682,https://api.spotify.com/v1/audio-analysis/5zjYbVucw9cHYVl2IIpYH0
6GYfGe0l3msLLpDAheuteI,Mean Mean Man,0,0.963,0.708,0.85,https://api.spotify.com/v1/audio-analysis/6GYfGe0l3msLLpDAheuteI
5tiw4KbTbPWp1KuWblDTeX,Rockabilly Boogie,0,0.926,0.481,0.914,https://api.spotify.com/v1/audio-analysis/5tiw4KbTbPWp1KuWblDTeX
2WayEGr6H3LXeIDDt2Na5X,Mean Woman Blues,14,0.936,0.189,0.835,https://api.spotify.com/v1/audio-analysis/2WayEGr6H3LXeIDDt2Na5X
426grzmxP94D7gBldxqv1A,Backseat Education,0,0.837,4.75e-05,0.871,https://api.spotify.com/v1/audio-analysis/426grzmxP94D7gBldxqv1A
4FNmvDOiNtCzDDcLjW9ka9,Dizzy Miss Lizzy,41,0.968,0.591,0.798,https://api.spotify.com/v1/audio-analysis/4FNmvDOiNtCzDDcLjW9ka9
1Tnkwirg3RYp7g5ddWRQO1,Red Cadillac & A Black Moustache,22,0.741,0.738,0.724,https://api.spotify.com/v1/audio-analysis/1Tnkwirg3RYp7g5ddWRQO1
1W7M3f4yB83KduSDmj6lDf,Wildcat Tamer,22,0.577,0.401,0.993,https://api.spotify.com/v1/audio-analysis/1W7M3f4yB83KduSDmj6lDf
6ZKzfBr8vejFODLh8w2wTV,Go Go Go,30,0.404,0.0585,0.947,https://api.spotify.com/v1/audio-analysis/6ZKzfBr8vejFODLh8w2wTV
4fbaeJqyLd20CJ70FQ89sg,Ramrod,38,0.976,0.382,0.868,https://api.spotify.com/v1/audio-analysis/4fbaeJqyLd20CJ70FQ89sg
3UMXhDBYe7eIXUe2HLUn0v,Solitary Man,52,0.706,0.344,0.566,https://api.spotify.com/v1/audio-analysis/3UMXhDBYe7eIXUe2HLUn0v
5xAkEg9CI3rxXFV8mdbSyp,Short Fat Fannie,36,0.976,0.587,0.616,https://api.spotify.com/v1/audio-analysis/5xAkEg9CI3rxXFV8mdbSyp
4OK7EIBsQfBjNBPYcy453s,Rockin' Daddy,4,0.748,0.723,0.857,https://api.spotify.com/v1/audio-analysis/4OK7EIBsQfBjNBPYcy453s
6pS2nLsZBUOrMaFMPvFVwM,Whole Lotta Loving,39,0.927,0.639,0.814,https://api.spotify.com/v1/audio-analysis/6pS2nLsZBUOrMaFMPvFVwM
4qsI4NwXnOSmmIBdVEDpRe,Red Cadillac And A Black Moustache,24,0.772,0.572,0.437,https://api.spotify.com/v1/audio-analysis/4qsI4NwXnOSmmIBdVEDpRe
3GjdLiQyrIDArRUHHsE93v,Chalk It Up to the Blues,32,0.895,0.694,0.845,https://api.spotify.com/v1/audio-analysis/3GjdLiQyrIDArRUHHsE93v
23QW9fg9KaWS4Jza41DuIT,Boogie Woogie Country Girl,31,0.951,0.559,0.733,https://api.spotify.com/v1/audio-analysis/23QW9fg9KaWS4Jza41DuIT
0UHm5FXtpWlPEuj6vbv7SD,Tennessee Zip,15,0.778,0.765,0.817,https://api.spotify.com/v1/audio-analysis/0UHm5FXtpWlPEuj6vbv7SD
1QUQkPdroMjVD4FeEQ1c3U,Be Bop a Lula,51,0.85,0.488,0.482,https://api.spotify.com/v1/audio-analysis/1QUQkPdroMjVD4FeEQ1c3U
2BJtW9zpFrMXFsnKMhIvfo,Down The Road Apiece,21,0.923,0.519,0.724,https://api.spotify.com/v1/audio-analysis/2BJtW9zpFrMXFsnKMhIvfo
33G6G0xbQmKm9uQuBTW6sK,Rock-a-Cha,31,0.566,0.00541,0.858,https://api.spotify.com/v1/audio-analysis/33G6G0xbQmKm9uQuBTW6sK
0fA5ZwzfOlH8RT3jjDwE8S,Do Me No Wrong,21,0.911,0.759,0.901,https://api.spotify.com/v1/audio-analysis/0fA5ZwzfOlH8RT3jjDwE8S
5pSVsF745L3DRn7RvUKkGr,Loop Back,19,0.488,0.0635,0.785,https://api.spotify.com/v1/audio-analysis/5pSVsF745L3DRn7RvUKkGr
0pcg2zZQOw0G0ZYbjS6smW,Eucalyptus,42,0.885,0.0483,0.747,https://api.spotify.com/v1/audio-analysis/0pcg2zZQOw0G0ZYbjS6smW
30ZT1P82SfU5VQoiBeeFhD,Moon Party,9,0.275,0.567,0.826,https://api.spotify.com/v1/audio-analysis/30ZT1P82SfU5VQoiBeeFhD
3GUqoL8LDEpw2GH6G9onE0,Kumomi,50,0.707,0.147,0.672,https://api.spotify.com/v1/audio-analysis/3GUqoL8LDEpw2GH6G9onE0
1SQUpaFHUAG42eIawsuSlj,Leo,44,0.799,0.744,0.47,https://api.spotify.com/v1/audio-analysis/1SQUpaFHUAG42eIawsuSlj
6uJXOi796U1D8iW9fj2ZGn,Funnel Of Love,55,0.912,0.726,0.593,https://api.spotify.com/v1/audio-analysis/6uJXOi796U1D8iW9fj2ZGn
6i8SZ4NIrYeyrbBOoRSC9z,"Cocaine Blues - Live at Folsom State Prison, Folsom, CA (1st Show) - January 1968",58,0.826,0.27,0.571,https://api.spotify.com/v1/audio-analysis/6i8SZ4NIrYeyrbBOoRSC9z
7hxZF4jETnE5Q75rKQnMjE,I Walk the Line,62,0.56,0.877,0.258,https://api.spotify.com/v1/audio-analysis/7hxZF4jETnE5Q75rKQnMjE
1INWPr855fwWdAOeecbu0W,Let's Twist Again,67,0.907,0.0987,0.709,https://api.spotify.com/v1/audio-analysis/1INWPr855fwWdAOeecbu0W
13nJ4JqtEKKRKBu2S8ms3p,Soon Never Comes,46,0.687,0.0214,0.507,https://api.spotify.com/v1/audio-analysis/13nJ4JqtEKKRKBu2S8ms3p
5R6l0pIwuRyF4AiYZ9Rdpv,Self-Isolation Boogie,51,0.833,0.000463,0.748,https://api.spotify.com/v1/audio-analysis/5R6l0pIwuRyF4AiYZ9Rdpv
7JqXZgtuqIFwzREMFAJOOS,Erykah’s Gun,61,0.964,0.797,0.199,https://api.spotify.com/v1/audio-analysis/7JqXZgtuqIFwzREMFAJOOS
6pyex9B1kBoRIuabBAc4m8,Jailhouse Rock,55,0.895,0.314,0.672,https://api.spotify.com/v1/audio-analysis/6pyex9B1kBoRIuabBAc4m8
1j6j15NnBS8n4M9ykj1I62,Hazy Trip,41,0.395,0.239,0.385,https://api.spotify.com/v1/audio-analysis/1j6j15NnBS8n4M9ykj1I62
0x61kbCcvC8WqSihmQMgdA,I'm A Rocker,38,0.96,0.73,0.783,https://api.spotify.com/v1/audio-analysis/0x61kbCcvC8WqSihmQMgdA
1DfKiJGqOGwcKj8uzxqWiD,One Way Ticket,9,0.284,0.0132,0.825,https://api.spotify.com/v1/audio-analysis/1DfKiJGqOGwcKj8uzxqWiD
4jGAxkrWufw7DDSKIm7o62,Hit the Spot,36,0.761,0.422,0.646,https://api.spotify.com/v1/audio-analysis/4jGAxkrWufw7DDSKIm7o62
6gkowH8PXuG2y4uJB0hl1Q,Dystopian Mall,45,0.43,0.867,0.512,https://api.spotify.com/v1/audio-analysis/6gkowH8PXuG2y4uJB0hl1Q
0D572l8DUok2WQpKMA5MEg,Sonic in the Holobeach,34,0.679,0.00457,0.617,https://api.spotify.com/v1/audio-analysis/0D572l8DUok2WQpKMA5MEg
5olfV1FYJIgTqJRHyxIOBC,Arrow,37,0.876,0.825,0.579,https://api.spotify.com/v1/audio-analysis/5olfV1FYJIgTqJRHyxIOBC
6qd7XQI7EZvu1w1IRf3MBS,Cry Baby,33,0.68,0.0271,0.508,https://api.spotify.com/v1/audio-analysis/6qd7XQI7EZvu1w1IRf3MBS
7AzzZbDDt9g0BmCc7h7kOH,Persian Gold,8,0.378,0.257,0.466,https://api.spotify.com/v1/audio-analysis/7AzzZbDDt9g0BmCc7h7kOH
1wc2mgAKMZuicbXCPh163c,Blackbird,51,0.274,0.0612,0.819,https://api.spotify.com/v1/audio-analysis/1wc2mgAKMZuicbXCPh163c
7vHSQVXJCH33qn7sap1UD8,Downtown Basement,13,0.289,0.116,0.568,https://api.spotify.com/v1/audio-analysis/7vHSQVXJCH33qn7sap1UD8
7IhVl5qJ4h4XFXAtAAUx3a,Neon Dreamscapes,36,0.831,0.114,0.772,https://api.spotify.com/v1/audio-analysis/7IhVl5qJ4h4XFXAtAAUx3a
6t1HFHWdLcYom7UjL9dCyB,Paradigm Pristine,9,0.575,0.119,0.961,https://api.spotify.com/v1/audio-analysis/6t1HFHWdLcYom7UjL9dCyB
0O2emlRmL7xHNHR1bt5XVy,【Twin Palms】,49,0.697,0.553,0.688,https://api.spotify.com/v1/audio-analysis/0O2emlRmL7xHNHR1bt5XVy
4ZmX61pdJ79jgGL6z5jFXd,SUMMER NEVER ENDS,47,0.685,0.0389,0.748,https://api.spotify.com/v1/audio-analysis/4ZmX61pdJ79jgGL6z5jFXd
0a9PH2VwlRE44BJWZtxJ8k,Cocktail on the Beach,7,0.129,0.45,0.614,https://api.spotify.com/v1/audio-analysis/0a9PH2VwlRE44BJWZtxJ8k
0C48jJdu4sAXRzO8LsTjKN,A Shine of Concupiscence,6,0.507,0.0643,0.456,https://api.spotify.com/v1/audio-analysis/0C48jJdu4sAXRzO8LsTjKN
362ot3lKoDB1i9z1DUAlBY,Jacobs Ladder,10,0.204,0.00553,0.857,https://api.spotify.com/v1/audio-analysis/362ot3lKoDB1i9z1DUAlBY
6lhvZrzp6BcLpiopTNWbyO,Keep on Talking,20,0.92,0.113,0.641,https://api.spotify.com/v1/audio-analysis/6lhvZrzp6BcLpiopTNWbyO
03iaxp7laTqJzjLSWRdE4G,Touch Me,31,0.393,0.207,0.471,https://api.spotify.com/v1/audio-analysis/03iaxp7laTqJzjLSWRdE4G
4hl0xxnnQ2QNjZYVwizQaw,Chamomile Tea,35,0.48,0.007,0.706,https://api.spotify.com/v1/audio-analysis/4hl0xxnnQ2QNjZYVwizQaw
1Lioa0er3gSDauLn76V2he,The Word 2,43,0.273,0.834,0.389,https://api.spotify.com/v1/audio-analysis/1Lioa0er3gSDauLn76V2he
5iYB0dYz3uwAU5zEvl6oA6,夢 見 る 夜 の ニ ュ ー ス,6,0.354,0.314,0.542,https://api.spotify.com/v1/audio-analysis/5iYB0dYz3uwAU5zEvl6oA6
1xoDzZrw31mJ2ffh7HqCjv,Dubai,35,0.145,0.113,0.592,https://api.spotify.com/v1/audio-analysis/1xoDzZrw31mJ2ffh7HqCjv
0efFYZCRW7fqcQOnbrKr5n,Cocktails in Space,35,0.164,0.109,0.44,https://api.spotify.com/v1/audio-analysis/0efFYZCRW7fqcQOnbrKr5n
1cmT8FoyHG61aBeyPnAOF2,crybaby,32,0.687,0.513,0.726,https://api.spotify.com/v1/audio-analysis/1cmT8FoyHG61aBeyPnAOF2
4pVwc3fU2RqL7l7L0fSwaq,Peaceland,43,0.784,0.00259,0.917,https://api.spotify.com/v1/audio-analysis/4pVwc3fU2RqL7l7L0fSwaq
12dwJpSfD4Dc8h8vjq6Pcb,That Dream Again,31,0.414,0.019,0.479,https://api.spotify.com/v1/audio-analysis/12dwJpSfD4Dc8h8vjq6Pcb
4SuRH00RmvnWjSCxU7UkNk,Seen It Before,40,0.758,0.244,0.441,https://api.spotify.com/v1/audio-analysis/4SuRH00RmvnWjSCxU7UkNk
1RVeKJIZfQ6QUO7jruYD4G,Fuji,38,0.488,0.0774,0.691,https://api.spotify.com/v1/audio-analysis/1RVeKJIZfQ6QUO7jruYD4G
3jmKIVOsWUULXZI2j3Umez,So Special (Gonna Last),38,0.783,0.339,0.608,https://api.spotify.com/v1/audio-analysis/3jmKIVOsWUULXZI2j3Umez
4o0xSUr24aN2HlPweIpEkE,破壊の塔,40,0.558,0.591,0.5,https://api.spotify.com/v1/audio-analysis/4o0xSUr24aN2HlPweIpEkE
1Dl4Miz5fJoqYyDFrZaKL7,HUMID AIR,49,0.681,0.0108,0.44,https://api.spotify.com/v1/audio-analysis/1Dl4Miz5fJoqYyDFrZaKL7
1WmjnIkP5seTcDRZYDtgYy,Feel The Void,34,0.647,0.312,0.228,https://api.spotify.com/v1/audio-analysis/1WmjnIkP5seTcDRZYDtgYy
5TL4SXrFlhFuU8Op6F5Hnb,Black Snake Root,37,0.966,0.401,0.408,https://api.spotify.com/v1/audio-analysis/5TL4SXrFlhFuU8Op6F5Hnb
4vC3YrjIb0pyMtBc1U8dVf,RU Ready,23,0.13,0.254,0.643,https://api.spotify.com/v1/audio-analysis/4vC3YrjIb0pyMtBc1U8dVf
7BTe6WS2KTC5sIhauqI2Xu,Timepeace II,4,0.41,0.419,0.57,https://api.spotify.com/v1/audio-analysis/7BTe6WS2KTC5sIhauqI2Xu
0LQ5mZw8i6CEc3zpC30psd,Angel's Egg,8,0.0447,0.36,0.493,https://api.spotify.com/v1/audio-analysis/0LQ5mZw8i6CEc3zpC30psd
59dBnabeKp9oMKpl4K194C,september rain,46,0.808,0.322,0.509,https://api.spotify.com/v1/audio-analysis/59dBnabeKp9oMKpl4K194C
0QRkRAwuAIY75HlnLvpW16,Nocturnal City Streets,36,0.975,0.173,0.571,https://api.spotify.com/v1/audio-analysis/0QRkRAwuAIY75HlnLvpW16
4FQ9hPOPrJAUB8wUcxtDMM,window,35,0.781,0.916,0.295,https://api.spotify.com/v1/audio-analysis/4FQ9hPOPrJAUB8wUcxtDMM
2akRHsEkrA0OQrt0svBUnu,Why Like This?,48,0.485,0.551,0.685,https://api.spotify.com/v1/audio-analysis/2akRHsEkrA0OQrt0svBUnu
70swTi3dhpyficK2okgCph,Alucia De Soleil,5,0.517,0.296,0.883,https://api.spotify.com/v1/audio-analysis/70swTi3dhpyficK2okgCph
7aHEyJYnpg6tiDA7TB1hD3,Is It Safe to Turn off Your Computer,16,0.169,0.0726,0.69,https://api.spotify.com/v1/audio-analysis/7aHEyJYnpg6tiDA7TB1hD3
3V5aGqZPrRtrHlquBmb9yF,Multiplexer,10,0.381,0.275,0.689,https://api.spotify.com/v1/audio-analysis/3V5aGqZPrRtrHlquBmb9yF
2USTVgd20XRLMAhiYNklN8,Livin' Loose,44,0.318,0.00262,0.948,https://api.spotify.com/v1/audio-analysis/2USTVgd20XRLMAhiYNklN8
7H7NyZ3G075GqPx2evsfeb,Chamber Of Reflection,82,0.506,0.262,0.557,https://api.spotify.com/v1/audio-analysis/7H7NyZ3G075GqPx2evsfeb
0FKYtSmNE6AWgHSa8NZM5Y,Blood Sweat & Murder,42,0.812,0.823,0.756,https://api.spotify.com/v1/audio-analysis/0FKYtSmNE6AWgHSa8NZM5Y
0BJTbkmrB2Y4E9M8qVzbYZ,Feel It All Around,0,0.499,0.000105,0.737,https://api.spotify.com/v1/audio-analysis/0BJTbkmrB2Y4E9M8qVzbYZ
