track_uri,name,popularity,valence,acousticness,energy,analysis_url
2NNiZ5qwYIKAwjbHJsxtAO,C'est La Vie,37,0.912,0.105,0.938,https://api.spotify.com/v1/audio-analysis/2NNiZ5qwYIKAwjbHJsxtAO
6R6ux6KaKrhAg2EIB2krdU,Without You,57,0.534,0.0761,0.864,https://api.spotify.com/v1/audio-analysis/6R6ux6KaKrhAg2EIB2krdU
2vC1qUcTJlWO9JQfcaOk9b,Amigas Cheetahs,49,0.535,0.177,0.896,https://api.spotify.com/v1/audio-analysis/2vC1qUcTJlWO9JQfcaOk9b
2fOxxLz9JVe53itq6pfBak,It's My Life,60,0.771,0.00264,0.75,https://api.spotify.com/v1/audio-analysis/2fOxxLz9JVe53itq6pfBak
1u0l8zWpQeMYStFkc2mLD7,Everywhere,65,0.476,0.0136,0.828,https://api.spotify.com/v1/audio-analysis/1u0l8zWpQeMYStFkc2mLD7
5hbytEkl5hUB5iRb0cCtZi,S.O.S.,0,0.712,0.000628,0.685,https://api.spotify.com/v1/audio-analysis/5hbytEkl5hUB5iRb0cCtZi
3vVrMfMn9FYsFn9ueM5dbB,Upside Down,0,0.907,0.132,0.9,https://api.spotify.com/v1/audio-analysis/3vVrMfMn9FYsFn9ueM5dbB
2IA4WEsWAYpV9eKkwR2UYv,Everybody Get Up - Radio Edit,36,0.609,0.00121,0.885,https://api.spotify.com/v1/audio-analysis/2IA4WEsWAYpV9eKkwR2UYv
02sVnwa4wVikUfBh6PN8u7,That's So Raven (Theme Song),43,0.963,0.00992,0.713,https://api.spotify.com/v1/audio-analysis/02sVnwa4wVikUfBh6PN8u7
5MTQbjkMmE6WsDQ8JlyEVo,Play My Music,53,0.759,0.000652,0.875,https://api.spotify.com/v1/audio-analysis/5MTQbjkMmE6WsDQ8JlyEVo
5aNagthlHAudbDZozQMjYP,Stick to the Status Quo,55,0.819,0.0316,0.721,https://api.spotify.com/v1/audio-analysis/5aNagthlHAudbDZozQMjYP
6TRp2628QKH3kY6KrCnjqp,You Are the Music in Me,60,0.477,0.441,0.766,https://api.spotify.com/v1/audio-analysis/6TRp2628QKH3kY6KrCnjqp
2TZ1apxMDlubCGMsOxcTbT,Come Clean,59,0.454,0.016,0.892,https://api.spotify.com/v1/audio-analysis/2TZ1apxMDlubCGMsOxcTbT
2TZ1apxMDlubCGMsOxcTbT,Come Clean,59,0.454,0.016,0.892,https://api.spotify.com/v1/audio-analysis/2TZ1apxMDlubCGMsOxcTbT
2TTYIwTM2iLC1YOyHuhRMt,Lucky,66,0.966,0.262,0.791,https://api.spotify.com/v1/audio-analysis/2TTYIwTM2iLC1YOyHuhRMt
4L55p6txv9vuCWhpNnY6eY,Dip It Low,54,0.576,0.0122,0.718,https://api.spotify.com/v1/audio-analysis/4L55p6txv9vuCWhpNnY6eY
5zn1hpm9N0ylKB7kOtpCw2,No More (Baby I'ma Do Right),55,0.761,0.102,0.723,https://api.spotify.com/v1/audio-analysis/5zn1hpm9N0ylKB7kOtpCw2
5WTxbyWTpoqhdxEN2szOnl,Everybody (Backstreet's Back) - Extended Version,57,0.509,0.00609,0.81,https://api.spotify.com/v1/audio-analysis/5WTxbyWTpoqhdxEN2szOnl
65i1UPsUtPlEVzewEZR6sY,Don't Say You Love Me,53,0.596,0.0141,0.723,https://api.spotify.com/v1/audio-analysis/65i1UPsUtPlEVzewEZR6sY
2rDwdvBma1O1eLzo29p2cr,Whataya Want from Me,61,0.445,0.00706,0.683,https://api.spotify.com/v1/audio-analysis/2rDwdvBma1O1eLzo29p2cr
78mvzft3gOGgREukFgp0Ev,Liquid Dreams,23,0.834,0.0194,0.561,https://api.spotify.com/v1/audio-analysis/78mvzft3gOGgREukFgp0Ev
2AW37v0bDyuOzGP3XnmFuA,It's Gonna Be Me,67,0.908,0.0407,0.873,https://api.spotify.com/v1/audio-analysis/2AW37v0bDyuOzGP3XnmFuA
2AW37v0bDyuOzGP3XnmFuA,It's Gonna Be Me,67,0.908,0.0407,0.873,https://api.spotify.com/v1/audio-analysis/2AW37v0bDyuOzGP3XnmFuA
4JjKoRNoshfbNqrFYthKND,Same Old Brand New You,46,0.645,0.0951,0.918,https://api.spotify.com/v1/audio-analysis/4JjKoRNoshfbNqrFYthKND
2tCrepYvlN3u0XUjDexGx2,Bodyshakin' - Radio Mix,41,0.967,0.0131,0.88,https://api.spotify.com/v1/audio-analysis/2tCrepYvlN3u0XUjDexGx2
6qtIK4R6qJCFPBfu5WcPkh,The Hardest Part About Breaking Up (Is Getting Back Your Stuff),31,0.921,0.163,0.943,https://api.spotify.com/v1/audio-analysis/6qtIK4R6qJCFPBfu5WcPkh
5QjMiyIsyqn91MVKZCWpCp,Can I Get Your Number - A Girl Like You,21,0.945,0.0679,0.815,https://api.spotify.com/v1/audio-analysis/5QjMiyIsyqn91MVKZCWpCp
5IIQ7vg9HvA4QSNtFDGJVT,Pieces Of Me,0,0.772,0.0572,0.799,https://api.spotify.com/v1/audio-analysis/5IIQ7vg9HvA4QSNtFDGJVT
5IIQ7vg9HvA4QSNtFDGJVT,Pieces Of Me,0,0.772,0.0572,0.799,https://api.spotify.com/v1/audio-analysis/5IIQ7vg9HvA4QSNtFDGJVT
5IIQ7vg9HvA4QSNtFDGJVT,Pieces Of Me,0,0.772,0.0572,0.799,https://api.spotify.com/v1/audio-analysis/5IIQ7vg9HvA4QSNtFDGJVT
6Zr4GrL7R9gAhtJBKsDtPI,Sharada,26,0.849,0.000613,0.889,https://api.spotify.com/v1/audio-analysis/6Zr4GrL7R9gAhtJBKsDtPI
18uwYnlQEBmwD2UcuSOsBO,So Yesterday,30,0.749,0.235,0.792,https://api.spotify.com/v1/audio-analysis/18uwYnlQEBmwD2UcuSOsBO
18uwYnlQEBmwD2UcuSOsBO,So Yesterday,30,0.749,0.235,0.792,https://api.spotify.com/v1/audio-analysis/18uwYnlQEBmwD2UcuSOsBO
24e3D5JU8ETOVouTcTD96r,I Lay My Love on You,0,0.588,0.0649,0.718,https://api.spotify.com/v1/audio-analysis/24e3D5JU8ETOVouTcTD96r
5paEiUa6tDA61S5NqTJG6t,I Want Candy,24,0.96,0.00704,0.879,https://api.spotify.com/v1/audio-analysis/5paEiUa6tDA61S5NqTJG6t
2x5qF66rFO6DERBMNkQAqn,(There's Gotta Be) More To Life,56,0.649,0.0917,0.922,https://api.spotify.com/v1/audio-analysis/2x5qF66rFO6DERBMNkQAqn
5njdVzhNvMNIK5Opyu4gLJ,BareNaked - Video Version,42,0.723,0.0214,0.834,https://api.spotify.com/v1/audio-analysis/5njdVzhNvMNIK5Opyu4gLJ
5Z6DLYbekZkL8OvH54S4n0,When You Say Nothing At All,0,0.324,0.119,0.44,https://api.spotify.com/v1/audio-analysis/5Z6DLYbekZkL8OvH54S4n0
4D6bsg0MqGF0PIZLgDydWp,Back Here,43,0.958,0.0717,0.909,https://api.spotify.com/v1/audio-analysis/4D6bsg0MqGF0PIZLgDydWp
3vBCidtb2COLLFOYv9ngxV,I Do (Cherish You),0,0.259,0.678,0.493,https://api.spotify.com/v1/audio-analysis/3vBCidtb2COLLFOYv9ngxV
59Ukt0dd6HDq5zLpnBJqTd,Just A Little,0,0.704,0.00747,0.613,https://api.spotify.com/v1/audio-analysis/59Ukt0dd6HDq5zLpnBJqTd
7pNJ1T9TGbVbNHKaLhhPri,With You,53,0.605,0.0923,0.756,https://api.spotify.com/v1/audio-analysis/7pNJ1T9TGbVbNHKaLhhPri
7068X4wz4hhlhzj0cTlXU4,Cry,43,0.522,0.0428,0.673,https://api.spotify.com/v1/audio-analysis/7068X4wz4hhlhzj0cTlXU4
7aOGFnnVDivtRO1PrYhx64,Crush,61,0.603,0.0324,0.698,https://api.spotify.com/v1/audio-analysis/7aOGFnnVDivtRO1PrYhx64
0LVOVRUo33lCAHNCMLY46w,When The Lights Go Out - US Remix,34,0.922,0.0114,0.808,https://api.spotify.com/v1/audio-analysis/0LVOVRUo33lCAHNCMLY46w
6f67kjvFmXZTA47K8JNVBU,I Wanna Be Bad,49,0.816,0.234,0.818,https://api.spotify.com/v1/audio-analysis/6f67kjvFmXZTA47K8JNVBU
6MPn82FDfOB2frXG2T4lR3,(You Drive Me) Crazy - The Stop Remix!,53,0.781,0.092,0.963,https://api.spotify.com/v1/audio-analysis/6MPn82FDfOB2frXG2T4lR3
6MPn82FDfOB2frXG2T4lR3,(You Drive Me) Crazy - The Stop Remix!,53,0.781,0.092,0.963,https://api.spotify.com/v1/audio-analysis/6MPn82FDfOB2frXG2T4lR3
7EgG37pjxw0Y4GHwjK3CBS,I'm Good - Radio Version,48,0.708,0.0313,0.804,https://api.spotify.com/v1/audio-analysis/7EgG37pjxw0Y4GHwjK3CBS
16MJqq0vEuW6GRX6faetTm,Whole Again,65,0.567,0.0844,0.706,https://api.spotify.com/v1/audio-analysis/16MJqq0vEuW6GRX6faetTm
0Jc8qF1mUPo1A96HE9QxZz,Pop,55,0.923,0.0341,0.861,https://api.spotify.com/v1/audio-analysis/0Jc8qF1mUPo1A96HE9QxZz
6pGMA1Rp61dPmC7OWcEBnn,Spinnin' Around,37,0.716,0.000691,0.972,https://api.spotify.com/v1/audio-analysis/6pGMA1Rp61dPmC7OWcEBnn
2Vuf3G2Xib2bzLvbFlEbvU,Floorfiller - Radio Version,0,0.99,0.0234,0.976,https://api.spotify.com/v1/audio-analysis/2Vuf3G2Xib2bzLvbFlEbvU
2vbcSFoKFBYetfU4qosnKt,Written on My Heart,29,0.726,0.0172,0.822,https://api.spotify.com/v1/audio-analysis/2vbcSFoKFBYetfU4qosnKt
4UE8T2GKceEaNhn5ORTkyo,Caught in the Middle,51,0.572,0.0524,0.874,https://api.spotify.com/v1/audio-analysis/4UE8T2GKceEaNhn5ORTkyo
1bPqAXwNiVcM6zjJU1Z4Cd,What's Left Of Me,46,0.311,0.136,0.728,https://api.spotify.com/v1/audio-analysis/1bPqAXwNiVcM6zjJU1Z4Cd
5p0ietGkLNEqx1Z7ijkw5g,My Love,70,0.328,0.098,0.593,https://api.spotify.com/v1/audio-analysis/5p0ietGkLNEqx1Z7ijkw5g
0WdaRmHBMhUoLPqHLdb9yg,All or Nothing,46,0.216,0.262,0.453,https://api.spotify.com/v1/audio-analysis/0WdaRmHBMhUoLPqHLdb9yg
0dEQaNYfp5G7Sflek2Qnde,Don't Tell Me,57,0.484,0.00462,0.795,https://api.spotify.com/v1/audio-analysis/0dEQaNYfp5G7Sflek2Qnde
5PLC7cNlxWIMAZvXrtqsZm,Trouble,0,0.848,0.00822,0.933,https://api.spotify.com/v1/audio-analysis/5PLC7cNlxWIMAZvXrtqsZm
3L36ZdKZm4T31s4oTvvXOX,La La,0,0.495,9.5e-05,0.903,https://api.spotify.com/v1/audio-analysis/3L36ZdKZm4T31s4oTvvXOX
3bSq5OpEWmLK1o8F7saR2F,"I Got Nerve - From ""Hannah Montana""/Soundtrack Version",50,0.813,0.00216,0.951,https://api.spotify.com/v1/audio-analysis/3bSq5OpEWmLK1o8F7saR2F
7qhUtJDCu1tYrdkIMPVYRc,Wake Up,46,0.285,0.0622,0.825,https://api.spotify.com/v1/audio-analysis/7qhUtJDCu1tYrdkIMPVYRc
5Au8ObNQvrwFVEgGqQQL6D,The Party's Just Begun,49,0.927,0.102,0.845,https://api.spotify.com/v1/audio-analysis/5Au8ObNQvrwFVEgGqQQL6D
52Dw5hXeylenurLTKoFJfZ,"If We Were A Movie - From ""Hannah Montana""/Soundtrack Version",55,0.866,0.00528,0.867,https://api.spotify.com/v1/audio-analysis/52Dw5hXeylenurLTKoFJfZ
4QbcHCpvoHfXsKJsw9eJFL,Us Agaisnt the World,30,0.713,0.0962,0.865,https://api.spotify.com/v1/audio-analysis/4QbcHCpvoHfXsKJsw9eJFL
1b1Wh1TNqZN6HVBKDdiL52,I Am,0,0.53,0.0048,0.887,https://api.spotify.com/v1/audio-analysis/1b1Wh1TNqZN6HVBKDdiL52
08kCck8nAJJEmxg0gXaJot,Tell Me Something I Don't Know,0,0.688,0.029,0.939,https://api.spotify.com/v1/audio-analysis/08kCck8nAJJEmxg0gXaJot
1wuO1svpx5iMScmXiWiTV7,S Club Party,0,0.739,0.0956,0.871,https://api.spotify.com/v1/audio-analysis/1wuO1svpx5iMScmXiWiTV7
1rzssdgfZiGs7VAMsYN9SF,Never Had A Dream Come True,43,0.496,0.508,0.531,https://api.spotify.com/v1/audio-analysis/1rzssdgfZiGs7VAMsYN9SF
1zVi0lfz9B3fZqcRgEp1yH,Who Said,30,0.597,0.00714,0.9,https://api.spotify.com/v1/audio-analysis/1zVi0lfz9B3fZqcRgEp1yH
1pEc2SNzgGvbmvcapQ566n,Life's What You Make It - From “Hannah Montana 2”,0,0.85,0.0519,0.941,https://api.spotify.com/v1/audio-analysis/1pEc2SNzgGvbmvcapQ566n
1bYtKF2sY2wLU6xdVaqIqD,"It's Alright, It's OK",50,0.267,0.00536,0.923,https://api.spotify.com/v1/audio-analysis/1bYtKF2sY2wLU6xdVaqIqD
73qbBlEAcm2HfnAaSnP1II,Say OK,57,0.531,0.00607,0.689,https://api.spotify.com/v1/audio-analysis/73qbBlEAcm2HfnAaSnP1II
73qbBlEAcm2HfnAaSnP1II,Say OK,57,0.531,0.00607,0.689,https://api.spotify.com/v1/audio-analysis/73qbBlEAcm2HfnAaSnP1II
7ijMo6K6uLdgJqGdj9H7nG,Drama Queen (That Girl) - Original Version,44,0.898,0.00103,0.828,https://api.spotify.com/v1/audio-analysis/7ijMo6K6uLdgJqGdj9H7nG
0RhkktMnJyR08vMnE34epK,Another Dumb Blonde,34,0.551,0.24,0.94,https://api.spotify.com/v1/audio-analysis/0RhkktMnJyR08vMnE34epK
7gsNMqcuNcY7ulKJM0E0VQ,This Is the Story of a Girl,26,0.772,0.00192,0.959,https://api.spotify.com/v1/audio-analysis/7gsNMqcuNcY7ulKJM0E0VQ
3pRURfm0THUY3G4YBOLtrC,See You Again - Rock Mafia Remix,46,0.8,0.00688,0.96,https://api.spotify.com/v1/audio-analysis/3pRURfm0THUY3G4YBOLtrC
1g1Jor1zrllXn2ogj8KGAH,"Strut - From ""The Cheetah Girls 2""",52,0.559,0.428,0.87,https://api.spotify.com/v1/audio-analysis/1g1Jor1zrllXn2ogj8KGAH
1g1Jor1zrllXn2ogj8KGAH,"Strut - From ""The Cheetah Girls 2""",52,0.559,0.428,0.87,https://api.spotify.com/v1/audio-analysis/1g1Jor1zrllXn2ogj8KGAH
6p6TjiJHc1kJQt5dXzkdrs,I Don't Dance,58,0.682,0.00317,0.88,https://api.spotify.com/v1/audio-analysis/6p6TjiJHc1kJQt5dXzkdrs
4gqjxYiEorFk0y9b92uFdE,Bop To The Top,56,0.932,0.347,0.81,https://api.spotify.com/v1/audio-analysis/4gqjxYiEorFk0y9b92uFdE
7DG7PKJu8yzV3mUuFwHBB7,Pop Princess,0,0.828,2.08e-05,0.89,https://api.spotify.com/v1/audio-analysis/7DG7PKJu8yzV3mUuFwHBB7
5rnLFnHktBdmpxwYXJXyQI,Get Back,46,0.72,0.00327,0.867,https://api.spotify.com/v1/audio-analysis/5rnLFnHktBdmpxwYXJXyQI
33RJ3P6wc0B0FIyDalhNTv,Here We Go Again,54,0.672,0.00432,0.927,https://api.spotify.com/v1/audio-analysis/33RJ3P6wc0B0FIyDalhNTv
4He7bzKBaiu7CRz4wGkZzx,Don't Forget,53,0.612,0.507,0.451,https://api.spotify.com/v1/audio-analysis/4He7bzKBaiu7CRz4wGkZzx
4vdEpNcQlBO32CHlhG9ubv,So Far So Great - Theme Song to Sonny with a Chance,22,0.501,0.0378,0.843,https://api.spotify.com/v1/audio-analysis/4vdEpNcQlBO32CHlhG9ubv
66BbRn8Nipj8xtDO4FuCTu,"Me, Myself and Time",35,0.454,0.0229,0.88,https://api.spotify.com/v1/audio-analysis/66BbRn8Nipj8xtDO4FuCTu
1KtL0KZuDzB0ht2BKjBN7m,Talk Is Cheap,28,0.473,6.1e-06,0.884,https://api.spotify.com/v1/audio-analysis/1KtL0KZuDzB0ht2BKjBN7m
7MpTAgJdkjCNPUWK3PkYpf,Fuego,43,0.718,0.0229,0.859,https://api.spotify.com/v1/audio-analysis/7MpTAgJdkjCNPUWK3PkYpf
2dMjy70ufAcxK2ib7pEW4n,Confetti Falling,50,0.457,0.00411,0.796,https://api.spotify.com/v1/audio-analysis/2dMjy70ufAcxK2ib7pEW4n
4SOPD0tKgbC0MOt1HPYrJ6,Everything is Not What it Seems - Theme Song to Wizards of Waverly Place,32,0.844,0.0659,0.748,https://api.spotify.com/v1/audio-analysis/4SOPD0tKgbC0MOt1HPYrJ6
0P97DEUgvEkBlgYBlfuQjh,Hero in Me,26,0.744,0.115,0.805,https://api.spotify.com/v1/audio-analysis/0P97DEUgvEkBlgYBlfuQjh
43qnniurIZWaz6wCMdfCVF,Start the Party Remix,25,0.768,0.0257,0.935,https://api.spotify.com/v1/audio-analysis/43qnniurIZWaz6wCMdfCVF
26VWIn9uZ9Ja2InHeaw7OY,The Girl Can't Help It,19,0.633,0.0113,0.908,https://api.spotify.com/v1/audio-analysis/26VWIn9uZ9Ja2InHeaw7OY
1ZzEyDgLlHg1CTUdc1dLEC,Let's Get Crazy,23,0.829,0.00207,0.914,https://api.spotify.com/v1/audio-analysis/1ZzEyDgLlHg1CTUdc1dLEC
4fGXxfwtwMKlgbcwZSIMFv,We Are Family,0,0.909,0.000756,0.975,https://api.spotify.com/v1/audio-analysis/4fGXxfwtwMKlgbcwZSIMFv
4jikjXjA4NYaOyWFVqnwEf,Leave It All To Me (Theme from iCarly) (feat. Drake Bell),24,0.564,0.00294,0.8,https://api.spotify.com/v1/audio-analysis/4jikjXjA4NYaOyWFVqnwEf
02sCFoCkZKNgNfXLAKoper,Loved,47,0.202,0.746,0.494,https://api.spotify.com/v1/audio-analysis/02sCFoCkZKNgNfXLAKoper
3QmOiZF7IzJJkHnahh5Ea0,History,55,0.541,0.0997,0.631,https://api.spotify.com/v1/audio-analysis/3QmOiZF7IzJJkHnahh5Ea0
5WWOmIdScv25SOKm8yknqh,Let's Make This Last 4Ever,36,0.812,0.00758,0.936,https://api.spotify.com/v1/audio-analysis/5WWOmIdScv25SOKm8yknqh
4QFbZ1cSkL718J6A8cMJdA,Jump To The Rhythm,44,0.76,0.0519,0.905,https://api.spotify.com/v1/audio-analysis/4QFbZ1cSkL718J6A8cMJdA
4q2NVW8MvR3e0JFD06eMfS,"Hey, Princess",42,0.675,0.000414,0.876,https://api.spotify.com/v1/audio-analysis/4q2NVW8MvR3e0JFD06eMfS
6FPDi8IBRvqVyanciV6Fi4,Some Call It Magic - Original Version,36,0.786,0.0172,0.883,https://api.spotify.com/v1/audio-analysis/6FPDi8IBRvqVyanciV6Fi4
77UkBSuKMG0JrIByQIRdeS,I Think About You,53,0.258,0.0231,0.783,https://api.spotify.com/v1/audio-analysis/77UkBSuKMG0JrIByQIRdeS
53xAT6jud1w0NqlBjSW4VB,What's My Name,64,0.662,0.098,0.932,https://api.spotify.com/v1/audio-analysis/53xAT6jud1w0NqlBjSW4VB
3Gf3Jsm0k6IPUkogQfKi7S,We're All In This Together,28,0.817,0.051,0.934,https://api.spotify.com/v1/audio-analysis/3Gf3Jsm0k6IPUkogQfKi7S
6ackm07YejQB4DwuSRjFvR,"We Are - From ""Ice Age: Continental Drift""/Theme",51,0.124,0.346,0.677,https://api.spotify.com/v1/audio-analysis/6ackm07YejQB4DwuSRjFvR
6Px4zAZ9RrIVVkn7gbFeau,Last Man Standing,49,0.49,0.22,0.482,https://api.spotify.com/v1/audio-analysis/6Px4zAZ9RrIVVkn7gbFeau
4lfVHiLJGnM2QCpfMecqCn,Walk with Me (Single from the Midnight Sun Original Motion Picture Soundtrack),44,0.206,0.286,0.437,https://api.spotify.com/v1/audio-analysis/4lfVHiLJGnM2QCpfMecqCn
704gu7uPEwFdm0OhePgIl8,Worst Kind of Hurt,54,0.163,0.268,0.449,https://api.spotify.com/v1/audio-analysis/704gu7uPEwFdm0OhePgIl8
1Fx9aiORwv0cx5mFEBasHo,All About Tonight,54,0.732,0.207,0.804,https://api.spotify.com/v1/audio-analysis/1Fx9aiORwv0cx5mFEBasHo
0A0bR9eJgqo08u32m7oOK9,Find Yourself In You,31,0.558,0.00512,0.927,https://api.spotify.com/v1/audio-analysis/0A0bR9eJgqo08u32m7oOK9
24aMOBYVHE58Y33RIwkT0L,Like I Did,43,0.466,0.0159,0.793,https://api.spotify.com/v1/audio-analysis/24aMOBYVHE58Y33RIwkT0L
4cZ3UsiKd1kUQIaq4BFIj2,No One Compares To You,63,0.631,0.127,0.748,https://api.spotify.com/v1/audio-analysis/4cZ3UsiKd1kUQIaq4BFIj2
5f2zZawBtGBEw24ABweErz,Playground (from the series Arcane League of Legends),64,0.356,0.0107,0.703,https://api.spotify.com/v1/audio-analysis/5f2zZawBtGBEw24ABweErz
0K1M6vTh1VvhwtGgQj3uNq,Heart Made Up On You,53,0.739,0.0155,0.779,https://api.spotify.com/v1/audio-analysis/0K1M6vTh1VvhwtGgQj3uNq
04AdziPDDZroSKbSkbvCGs,Too Cool,16,0.674,0.023,0.851,https://api.spotify.com/v1/audio-analysis/04AdziPDDZroSKbSkbvCGs
5gZEhPrN1VLqTG1nIAXeNK,I Wanna Love You Forever,55,0.0743,0.156,0.666,https://api.spotify.com/v1/audio-analysis/5gZEhPrN1VLqTG1nIAXeNK
2GJEMlKxt3GL2rJMOTET6Z,So Close,35,0.53,0.296,0.658,https://api.spotify.com/v1/audio-analysis/2GJEMlKxt3GL2rJMOTET6Z
66zv9VF3nnL1UrsDRJQU9r,Just That Girl,51,0.91,0.0112,0.947,https://api.spotify.com/v1/audio-analysis/66zv9VF3nnL1UrsDRJQU9r
5myYDbAurm1CW038qd4gL2,Goodbye,47,0.651,0.00505,0.82,https://api.spotify.com/v1/audio-analysis/5myYDbAurm1CW038qd4gL2
0NpecYzI3VYmEvrs9dcaec,Taught Me to Love (From The Vault),37,0.635,0.673,0.561,https://api.spotify.com/v1/audio-analysis/0NpecYzI3VYmEvrs9dcaec
7AkKmCAerBz9wUnkntJJKH,Never Enough,46,0.275,0.875,0.324,https://api.spotify.com/v1/audio-analysis/7AkKmCAerBz9wUnkntJJKH
0QVAlchLCx15ZLSoR9Wg1B,Higher,55,0.596,0.049,0.862,https://api.spotify.com/v1/audio-analysis/0QVAlchLCx15ZLSoR9Wg1B
71V89tJj9CboDyzncO6ZN2,Stars Are Blind,62,0.519,0.00593,0.695,https://api.spotify.com/v1/audio-analysis/71V89tJj9CboDyzncO6ZN2
0QTWwP0XtEyv13pJdiH9Ij,Like Me,44,0.698,0.233,0.875,https://api.spotify.com/v1/audio-analysis/0QTWwP0XtEyv13pJdiH9Ij
3vvDDWbbMqwQcsDH3yvuev,I Won't Give Up,49,0.158,0.403,0.519,https://api.spotify.com/v1/audio-analysis/3vvDDWbbMqwQcsDH3yvuev
1AWAXQqbyL8sNdcYYwGQlT,Hey Jessie,46,0.958,0.136,0.836,https://api.spotify.com/v1/audio-analysis/1AWAXQqbyL8sNdcYYwGQlT
0EGuSSpuu9wmHCtvb4PdLO,"Sit Still, Look Pretty",9,0.543,0.14,0.74,https://api.spotify.com/v1/audio-analysis/0EGuSSpuu9wmHCtvb4PdLO
2i0AUcEnsDm3dsqLrFWUCq,Tonight Tonight,70,0.814,0.0764,0.783,https://api.spotify.com/v1/audio-analysis/2i0AUcEnsDm3dsqLrFWUCq
51xUartdwQzXmtrwHyXRVp,On My Own,68,0.281,0.14,0.593,https://api.spotify.com/v1/audio-analysis/51xUartdwQzXmtrwHyXRVp
6KHL1En9v6iNWjcs44mcmU,Secret Love Song (feat. Jason Derulo),74,0.141,0.215,0.614,https://api.spotify.com/v1/audio-analysis/6KHL1En9v6iNWjcs44mcmU
630sXRhIcfwr2e4RdNtjKN,Rewrite The Stars,73,0.284,0.0716,0.619,https://api.spotify.com/v1/audio-analysis/630sXRhIcfwr2e4RdNtjKN
4urcG6Nfubqsuqy3juMjBi,Brokenhearted,61,0.886,0.00765,0.765,https://api.spotify.com/v1/audio-analysis/4urcG6Nfubqsuqy3juMjBi
72Bz4ciRZPBcVSw0nrZDHi,Do It Again,70,0.411,0.0266,0.564,https://api.spotify.com/v1/audio-analysis/72Bz4ciRZPBcVSw0nrZDHi
7uKcScNXuO3MWw6LowBjW1,"One, Two Step (feat. Missy Elliott)",73,0.842,0.042,0.511,https://api.spotify.com/v1/audio-analysis/7uKcScNXuO3MWw6LowBjW1
7m97u5zpSWqkDjN4uwY2LP,shut up,57,0.45,0.296,0.448,https://api.spotify.com/v1/audio-analysis/7m97u5zpSWqkDjN4uwY2LP
4tCtwWceOPWzenK2HAIJSb,Work from Home (feat. Ty Dolla $ign),75,0.593,0.103,0.585,https://api.spotify.com/v1/audio-analysis/4tCtwWceOPWzenK2HAIJSb
50x8pt9ZLSXqd3dF3YJYqm,All I Ever Need,0,0.706,0.104,0.609,https://api.spotify.com/v1/audio-analysis/50x8pt9ZLSXqd3dF3YJYqm
3UpS7kBnkVQYG13pDDFTC4,As Long as You Love Me,74,0.826,0.275,0.801,https://api.spotify.com/v1/audio-analysis/3UpS7kBnkVQYG13pDDFTC4
4jOtC832PyIXlCVPRElfQu,Troublemaker (feat. Flo Rida),0,0.965,0.015,0.863,https://api.spotify.com/v1/audio-analysis/4jOtC832PyIXlCVPRElfQu
62bOmKYxYg7dhrC6gH9vFn,Bye Bye Bye,69,0.861,0.031,0.926,https://api.spotify.com/v1/audio-analysis/62bOmKYxYg7dhrC6gH9vFn
6e40mgJiCid5HRAGrbpGA6,I Want It That Way,67,0.484,0.216,0.702,https://api.spotify.com/v1/audio-analysis/6e40mgJiCid5HRAGrbpGA6
10rChmECwPcvTTj4w07hq4,Welcome to My Life,67,0.491,0.0134,0.858,https://api.spotify.com/v1/audio-analysis/10rChmECwPcvTTj4w07hq4
5xEM5hIgJ1jjgcEBfpkt2F,Complicated,78,0.427,0.0572,0.776,https://api.spotify.com/v1/audio-analysis/5xEM5hIgJ1jjgcEBfpkt2F
5xEM5hIgJ1jjgcEBfpkt2F,Complicated,78,0.427,0.0572,0.776,https://api.spotify.com/v1/audio-analysis/5xEM5hIgJ1jjgcEBfpkt2F
0wVluBsVAVzBKrqspuCcwR,"Check Yes, Juliet",68,0.351,0.00197,0.912,https://api.spotify.com/v1/audio-analysis/0wVluBsVAVzBKrqspuCcwR
7pAq1IXYZpL42HchCminu6,Don't Hold Your Breath,56,0.674,0.00646,0.797,https://api.spotify.com/v1/audio-analysis/7pAq1IXYZpL42HchCminu6
4jUuqKRr1fB4c1RvU6syls,Oops!...I Did It Again,47,0.888,0.317,0.832,https://api.spotify.com/v1/audio-analysis/4jUuqKRr1fB4c1RvU6syls
0laYHRpNTS6i8FXdupHkJ4,Love You Like A Love Song,81,0.922,0.0761,0.678,https://api.spotify.com/v1/audio-analysis/0laYHRpNTS6i8FXdupHkJ4
6dgUya35uo964z7GZXM07g,Nonsense,88,0.732,0.0268,0.697,https://api.spotify.com/v1/audio-analysis/6dgUya35uo964z7GZXM07g
0KlahhzNb98zyN83Vwae0l,Untouched,63,0.442,0.0171,0.783,https://api.spotify.com/v1/audio-analysis/0KlahhzNb98zyN83Vwae0l
0Wc6cbF38a90b8wov9V63F,Like Strangers Do,68,0.694,0.515,0.242,https://api.spotify.com/v1/audio-analysis/0Wc6cbF38a90b8wov9V63F
0CPLnPUUHh44vAzDSM5ZlR,Naughty Girl,66,0.643,0.239,0.466,https://api.spotify.com/v1/audio-analysis/0CPLnPUUHh44vAzDSM5ZlR
6urCAbunOQI4bLhmGpX7iS,Don't Speak,76,0.536,0.247,0.709,https://api.spotify.com/v1/audio-analysis/6urCAbunOQI4bLhmGpX7iS
7d1CFwrBmH34gmS0Hkbfbt,Replay,66,0.618,0.0416,0.723,https://api.spotify.com/v1/audio-analysis/7d1CFwrBmH34gmS0Hkbfbt
4EnwhEyuVrC1CgvSur5YL4,Bet On It,63,0.439,0.0218,0.67,https://api.spotify.com/v1/audio-analysis/4EnwhEyuVrC1CgvSur5YL4
519tXYJVcrpEMqV2BMbh6E,No Air (feat. Chris Brown),0,0.328,0.0521,0.759,https://api.spotify.com/v1/audio-analysis/519tXYJVcrpEMqV2BMbh6E
1G7DcLzPnopdZjLkev0K4e,Irreplaceable,65,0.501,0.0286,0.697,https://api.spotify.com/v1/audio-analysis/1G7DcLzPnopdZjLkev0K4e
4bJygwUKrRgq1stlNXcgMg,All The Things She Said,77,0.376,0.0411,0.834,https://api.spotify.com/v1/audio-analysis/4bJygwUKrRgq1stlNXcgMg
6ZLGthToczpvnL5Eoy6yrY,Pure Shores,61,0.407,0.0498,0.664,https://api.spotify.com/v1/audio-analysis/6ZLGthToczpvnL5Eoy6yrY
45wneA2j0Z0WMnYNDO6Ad0,Back & Forth,58,0.903,0.0698,0.727,https://api.spotify.com/v1/audio-analysis/45wneA2j0Z0WMnYNDO6Ad0
7uYroF9RRrhRJBrigRvB6H,Summer Girls,55,0.738,0.161,0.808,https://api.spotify.com/v1/audio-analysis/7uYroF9RRrhRJBrigRvB6H
7jley98gCQFueQ5MCaFWIb,All Rise,63,0.931,0.121,0.737,https://api.spotify.com/v1/audio-analysis/7jley98gCQFueQ5MCaFWIb
7Lf7oSEVdzZqTA0kEDSlS5,Cry Me a River,73,0.564,0.577,0.654,https://api.spotify.com/v1/audio-analysis/7Lf7oSEVdzZqTA0kEDSlS5
3MjUtNVVq3C8Fn0MP3zhXa,...Baby One More Time,77,0.907,0.202,0.699,https://api.spotify.com/v1/audio-analysis/3MjUtNVVq3C8Fn0MP3zhXa
4qEoqyPbLYnLOii6mKlIjI,"Determinate - From ""Lemonade Mouth""",63,0.218,0.00361,0.768,https://api.spotify.com/v1/audio-analysis/4qEoqyPbLYnLOii6mKlIjI
1gZ7i4qxXkHZb1r6eioaAP,Don't Cha,66,0.569,0.00516,0.637,https://api.spotify.com/v1/audio-analysis/1gZ7i4qxXkHZb1r6eioaAP
6E11E0lT5Zy7yb6iT3y8DN,Want U Back,63,0.563,0.0562,0.891,https://api.spotify.com/v1/audio-analysis/6E11E0lT5Zy7yb6iT3y8DN
0eqH0ALoDQevq59YcQ53KE,Hollaback Girl,69,0.904,0.35,0.916,https://api.spotify.com/v1/audio-analysis/0eqH0ALoDQevq59YcQ53KE
1T20tqHKrePjszGOdbFOEd,Take A Hint (feat. Victoria Justice & Elizabeth Gillies),63,0.747,0.00443,0.86,https://api.spotify.com/v1/audio-analysis/1T20tqHKrePjszGOdbFOEd
3yVELJjZDi6oVFzhT0bu4P,La La Land,0,0.719,0.0167,0.914,https://api.spotify.com/v1/audio-analysis/3yVELJjZDi6oVFzhT0bu4P
20oBVYrfvO9PixEbKxRNKi,Like Whoa,0,0.778,0.0116,0.824,https://api.spotify.com/v1/audio-analysis/20oBVYrfvO9PixEbKxRNKi
4LwrgltRSrddxeyhIPSoqa,Start of Something New,62,0.234,0.283,0.754,https://api.spotify.com/v1/audio-analysis/4LwrgltRSrddxeyhIPSoqa
1MO6jWRxOu1FMY3bVFVOfw,Kissin U,32,0.529,0.0157,0.844,https://api.spotify.com/v1/audio-analysis/1MO6jWRxOu1FMY3bVFVOfw
7zBq7YCjuIxQRxqhtKJNbI,Do You Believe In Magic,44,0.785,0.153,0.909,https://api.spotify.com/v1/audio-analysis/7zBq7YCjuIxQRxqhtKJNbI
6onLnWywmbSnXDFPVY1mM6,Genie in a Bottle,0,0.918,0.185,0.792,https://api.spotify.com/v1/audio-analysis/6onLnWywmbSnXDFPVY1mM6
3KnjerEPMolLapVo2wdgz6,Rumors,55,0.856,0.0186,0.764,https://api.spotify.com/v1/audio-analysis/3KnjerEPMolLapVo2wdgz6
3KnjerEPMolLapVo2wdgz6,Rumors,55,0.856,0.0186,0.764,https://api.spotify.com/v1/audio-analysis/3KnjerEPMolLapVo2wdgz6
0f7nr5Np1wncQTrePQk6cA,Let's Be Friends,56,0.479,0.00308,0.801,https://api.spotify.com/v1/audio-analysis/0f7nr5Np1wncQTrePQk6cA
2RSOzvKUnfDDrb2nQPfpQU,Barbie Girl,3,0.962,0.0165,0.957,https://api.spotify.com/v1/audio-analysis/2RSOzvKUnfDDrb2nQPfpQU
2TVSa07y6g3HRn4oLWv57M,Irresistible,38,0.687,0.0279,0.966,https://api.spotify.com/v1/audio-analysis/2TVSa07y6g3HRn4oLWv57M
5ecZWU5uQOiCVSnPxBZNmT,7 Things - Single Version,64,0.542,0.0232,0.903,https://api.spotify.com/v1/audio-analysis/5ecZWU5uQOiCVSnPxBZNmT
5xvUgoVED1F4mBu8FL0HaW,Ready or Not,69,0.748,0.00351,0.872,https://api.spotify.com/v1/audio-analysis/5xvUgoVED1F4mBu8FL0HaW
07HPV6hzecJmMJwsIX8YVU,He Could Be the One,65,0.643,0.00154,0.894,https://api.spotify.com/v1/audio-analysis/07HPV6hzecJmMJwsIX8YVU
07HPV6hzecJmMJwsIX8YVU,He Could Be the One,65,0.643,0.00154,0.894,https://api.spotify.com/v1/audio-analysis/07HPV6hzecJmMJwsIX8YVU
2VEsmoek0sol9MnJFyoG9e,Burnin' Up,69,0.807,0.0296,0.954,https://api.spotify.com/v1/audio-analysis/2VEsmoek0sol9MnJFyoG9e
00Mb3DuaIH1kjrwOku9CGU,Sk8er Boi,75,0.484,6.79e-05,0.9,https://api.spotify.com/v1/audio-analysis/00Mb3DuaIH1kjrwOku9CGU
0jTTjg6q4jsd2RhuHwTvLj,He Said She Said,53,0.566,0.0966,0.709,https://api.spotify.com/v1/audio-analysis/0jTTjg6q4jsd2RhuHwTvLj
0jTTjg6q4jsd2RhuHwTvLj,He Said She Said,53,0.566,0.0966,0.709,https://api.spotify.com/v1/audio-analysis/0jTTjg6q4jsd2RhuHwTvLj
1wwt0TvrGY3lnvTAVIx8mO,Girlfriend (feat. Lil Mama) - Dr. Luke Mix,48,0.844,0.0394,0.843,https://api.spotify.com/v1/audio-analysis/1wwt0TvrGY3lnvTAVIx8mO
0xmjwnQ3FNE6HuWCt2nHdZ,Where Is The Love?,79,0.809,0.111,0.699,https://api.spotify.com/v1/audio-analysis/0xmjwnQ3FNE6HuWCt2nHdZ
0ccwMrlZONy5yXrirq7lTe,La Da Dee,65,0.566,0.00847,0.828,https://api.spotify.com/v1/audio-analysis/0ccwMrlZONy5yXrirq7lTe
3dNjUFt6EFU4Gq6Q5vfJqf,Girls Like Girls,60,0.604,0.0109,0.701,https://api.spotify.com/v1/audio-analysis/3dNjUFt6EFU4Gq6Q5vfJqf
6jyXQ8HGI7ikECGA0670uo,Fabulous,59,0.703,0.233,0.761,https://api.spotify.com/v1/audio-analysis/6jyXQ8HGI7ikECGA0670uo
0cqNGWvuukhCiKvEX7utys,We're All In This Together,64,0.805,0.0451,0.941,https://api.spotify.com/v1/audio-analysis/0cqNGWvuukhCiKvEX7utys
4wCD0qOFNRu1Q6O3N6ycm4,Crush,66,0.487,0.00836,0.664,https://api.spotify.com/v1/audio-analysis/4wCD0qOFNRu1Q6O3N6ycm4
5p0KCAuu5nrHpTuAIhHdLw,Overprotected - Radio Edit,61,0.845,0.0381,0.894,https://api.spotify.com/v1/audio-analysis/5p0KCAuu5nrHpTuAIhHdLw
59ZTxQo8rBycIXPLUIKvE2,Dirrty (feat. Redman),67,0.436,0.107,0.889,https://api.spotify.com/v1/audio-analysis/59ZTxQo8rBycIXPLUIKvE2
3jVSV60WZE5jPE2a6KGNFy,Get Right,64,0.362,0.0218,0.759,https://api.spotify.com/v1/audio-analysis/3jVSV60WZE5jPE2a6KGNFy
7LqjznQwfrax7MjQXmxqdQ,Jenny from the Block (feat. Jadakiss & Styles P.) - Track Masters Remix,70,0.96,0.00733,0.768,https://api.spotify.com/v1/audio-analysis/7LqjznQwfrax7MjQXmxqdQ
3E7ZwUMJFqpsDOJzEkBrQ7,Can't Get You out of My Head,74,0.964,0.0263,0.563,https://api.spotify.com/v1/audio-analysis/3E7ZwUMJFqpsDOJzEkBrQ7
38iU2jg98IZZEIJPrP7aWD,Till the World Ends,64,0.45,0.0228,0.705,https://api.spotify.com/v1/audio-analysis/38iU2jg98IZZEIJPrP7aWD
6lfxq3CG4xtTiEg7opyCyx,Can't Help Falling In Love,69,0.143,0.905,0.0596,https://api.spotify.com/v1/audio-analysis/6lfxq3CG4xtTiEg7opyCyx
6GIrIt2M39wEGwjCQjGChX,The Great Escape,60,0.505,0.00166,0.94,https://api.spotify.com/v1/audio-analysis/6GIrIt2M39wEGwjCQjGChX
5yaCquc7koPqtgj7v0lwHX,Waiting for Tonight,63,0.84,0.00341,0.945,https://api.spotify.com/v1/audio-analysis/5yaCquc7koPqtgj7v0lwHX
3jVtllWS5CFFWLQng8sKsr,2 On (feat. ScHoolboy Q),71,0.431,0.15,0.595,https://api.spotify.com/v1/audio-analysis/3jVtllWS5CFFWLQng8sKsr
2vXgyN14LX2zl7JEASw242,Wild Side (feat. Cardi B),69,0.315,0.0249,0.576,https://api.spotify.com/v1/audio-analysis/2vXgyN14LX2zl7JEASw242
45EDI3rk0f4cAMt9f8b56R,Impossible,0,0.539,0.385,0.624,https://api.spotify.com/v1/audio-analysis/45EDI3rk0f4cAMt9f8b56R
5NQJnRpJHRaupdegphntQT,Jealous - Remix,64,0.451,0.0132,0.71,https://api.spotify.com/v1/audio-analysis/5NQJnRpJHRaupdegphntQT
4T4NLIMypdmyUwK54jECk4,Too Little Too Late,71,0.731,0.00871,0.799,https://api.spotify.com/v1/audio-analysis/4T4NLIMypdmyUwK54jECk4
1Vv0MPcooEoQzVZYfKMgKW,Ugly Heart,68,0.458,0.0167,0.79,https://api.spotify.com/v1/audio-analysis/1Vv0MPcooEoQzVZYfKMgKW
5AmRtvaQgLmZ7CxOxABq4Y,I Want You Back - Radio Edit,42,0.865,0.0743,0.946,https://api.spotify.com/v1/audio-analysis/5AmRtvaQgLmZ7CxOxABq4Y
4PgPnzbAgjCQ2eA6YAWcUw,MMMBop - Single Version,0,0.642,0.00456,0.912,https://api.spotify.com/v1/audio-analysis/4PgPnzbAgjCQ2eA6YAWcUw
1yTQ39my3MoNROlFw3RDNy,Say You'll Be There,65,0.751,0.0149,0.679,https://api.spotify.com/v1/audio-analysis/1yTQ39my3MoNROlFw3RDNy
02jcEwywffn3Tsb48fXmlW,Get the Party Started,69,0.96,0.0011,0.903,https://api.spotify.com/v1/audio-analysis/02jcEwywffn3Tsb48fXmlW
4cIedAXi7s8BYl4eRjC3Bc,Juliet - Single Edit,50,0.81,0.011,0.964,https://api.spotify.com/v1/audio-analysis/4cIedAXi7s8BYl4eRjC3Bc
4cIedAXi7s8BYl4eRjC3Bc,Juliet - Single Edit,50,0.81,0.011,0.964,https://api.spotify.com/v1/audio-analysis/4cIedAXi7s8BYl4eRjC3Bc
2sFp6E7lNBbblJGmUtCfFH,Uptown Girl - Radio Edit,68,0.864,0.00809,0.921,https://api.spotify.com/v1/audio-analysis/2sFp6E7lNBbblJGmUtCfFH
036GQb6SETOJJG8BxJTNxc,Chloe (You're the One I Want),50,0.93,0.039,0.925,https://api.spotify.com/v1/audio-analysis/036GQb6SETOJJG8BxJTNxc
5FHPvs8RxWBQXP2Rq9I2B2,You Only Love Me,76,0.412,0.277,0.727,https://api.spotify.com/v1/audio-analysis/5FHPvs8RxWBQXP2Rq9I2B2
4dvQg9sD8k9y4qiEURuj8v,Lose My Breath,60,0.545,0.00727,0.899,https://api.spotify.com/v1/audio-analysis/4dvQg9sD8k9y4qiEURuj8v
0Txbn46ZPEuHUrafScSWLr,Not Gonna Get Us,0,0.161,0.000727,0.862,https://api.spotify.com/v1/audio-analysis/0Txbn46ZPEuHUrafScSWLr
1GBknQ67DCfKTPms1dw9EW,Nobody's Perfect - From “Hannah Montana 2”,0,0.793,0.0597,0.977,https://api.spotify.com/v1/audio-analysis/1GBknQ67DCfKTPms1dw9EW
3K01q0jtSNHeqx5gs97HH2,Push It to the Limit,49,0.783,0.0116,0.906,https://api.spotify.com/v1/audio-analysis/3K01q0jtSNHeqx5gs97HH2
3K01q0jtSNHeqx5gs97HH2,Push It to the Limit,49,0.783,0.0116,0.906,https://api.spotify.com/v1/audio-analysis/3K01q0jtSNHeqx5gs97HH2
1rKBOL9kJfX1Y4C3QaOvRH,Boyfriend,62,0.677,0.0987,0.857,https://api.spotify.com/v1/audio-analysis/1rKBOL9kJfX1Y4C3QaOvRH
0IMOKJyVkk1qgLEkAWOaxo,"5, 6, 7, 8",0,0.948,0.0171,0.997,https://api.spotify.com/v1/audio-analysis/0IMOKJyVkk1qgLEkAWOaxo
0Ph6L4l8dYUuXFmb71Ajnd,Livin' la Vida Loca,73,0.933,0.00414,0.954,https://api.spotify.com/v1/audio-analysis/0Ph6L4l8dYUuXFmb71Ajnd
0V8FYVlBFuXXTIvRnMbZyS,The Climb,69,0.329,0.0834,0.588,https://api.spotify.com/v1/audio-analysis/0V8FYVlBFuXXTIvRnMbZyS
0puf9yIluy9W0vpMEUoAnN,Bang Bang,77,0.751,0.26,0.786,https://api.spotify.com/v1/audio-analysis/0puf9yIluy9W0vpMEUoAnN
1D1nixOVWOxvNfWi0UD7VX,Unwritten,1,0.629,0.00584,0.8,https://api.spotify.com/v1/audio-analysis/1D1nixOVWOxvNfWi0UD7VX
1D1nixOVWOxvNfWi0UD7VX,Unwritten,1,0.629,0.00584,0.8,https://api.spotify.com/v1/audio-analysis/1D1nixOVWOxvNfWi0UD7VX
1HwpWwa6bnqqRhK8agG4RS,Beautiful Soul,69,0.933,0.0759,0.666,https://api.spotify.com/v1/audio-analysis/1HwpWwa6bnqqRhK8agG4RS
1HwpWwa6bnqqRhK8agG4RS,Beautiful Soul,69,0.933,0.0759,0.666,https://api.spotify.com/v1/audio-analysis/1HwpWwa6bnqqRhK8agG4RS
1QhSB9L9M5eZQhW4RNOhXK,The Tide Is High - Radio Mix,63,0.665,0.0209,0.649,https://api.spotify.com/v1/audio-analysis/1QhSB9L9M5eZQhW4RNOhXK
1jypmXUJgxWKWJZdDsJiXQ,Why Not,52,0.564,0.0706,0.843,https://api.spotify.com/v1/audio-analysis/1jypmXUJgxWKWJZdDsJiXQ
22vgEDb5hykfaTwLuskFGD,Sucker,79,0.952,0.0427,0.734,https://api.spotify.com/v1/audio-analysis/22vgEDb5hykfaTwLuskFGD
29JrmE89KgRyCxBIzq2Ocw,Strip That Down (feat. Quavo),68,0.546,0.199,0.495,https://api.spotify.com/v1/audio-analysis/29JrmE89KgRyCxBIzq2Ocw
2D0FX6WiP1GKGL3yCdXxs7,Joke's On You,63,0.47,0.23,0.652,https://api.spotify.com/v1/audio-analysis/2D0FX6WiP1GKGL3yCdXxs7
2Mpj1Ul5OFPyyP4wB62Rvi,Survivor,70,0.619,0.0559,0.911,https://api.spotify.com/v1/audio-analysis/2Mpj1Ul5OFPyyP4wB62Rvi
2Y2q7PkD7lvuWr8YaZfWuv,Rich Girl,64,0.722,0.0294,0.754,https://api.spotify.com/v1/audio-analysis/2Y2q7PkD7lvuWr8YaZfWuv
3oiMJQAWVaxSubJ7b2VUtX,Fancy,67,0.377,0.0904,0.716,https://api.spotify.com/v1/audio-analysis/3oiMJQAWVaxSubJ7b2VUtX
4dzreTCcGVgeF1vCcd22AC,Don't Stop Movin',61,0.91,0.0285,0.672,https://api.spotify.com/v1/audio-analysis/4dzreTCcGVgeF1vCcd22AC
4pMyfWdA0eo3JY5RqMotbw,Perfect Day,55,0.784,0.00441,0.871,https://api.spotify.com/v1/audio-analysis/4pMyfWdA0eo3JY5RqMotbw
4zP7ADsgJgHGY6VzxbNp1z,Year 3000,63,0.798,0.0045,0.857,https://api.spotify.com/v1/audio-analysis/4zP7ADsgJgHGY6VzxbNp1z
5Gu0PDLN4YJeW75PpBSg9p,"Let Me Go (with Alesso, Florida Georgia Line & watt)",75,0.742,0.0337,0.708,https://api.spotify.com/v1/audio-analysis/5Gu0PDLN4YJeW75PpBSg9p
5WtfUKzXircvW8l5aaVZWT,What A Time (feat. Niall Horan),78,0.386,0.662,0.467,https://api.spotify.com/v1/audio-analysis/5WtfUKzXircvW8l5aaVZWT
5qGwqO0lkbBXw4xNfzT7SF,Spice Up Your Life,65,0.702,0.0105,0.993,https://api.spotify.com/v1/audio-analysis/5qGwqO0lkbBXw4xNfzT7SF
61Qhe2mHSLhUE04QeK4lkD,Breakaway,62,0.394,0.0298,0.701,https://api.spotify.com/v1/audio-analysis/61Qhe2mHSLhUE04QeK4lkD
6VrLYoQKdhu1Jruei06t65,Somebody To You,74,0.896,0.0587,0.818,https://api.spotify.com/v1/audio-analysis/6VrLYoQKdhu1Jruei06t65
6llBOJ6HLHvlVnKeZqhXk8,Rumors,55,0.825,0.134,0.712,https://api.spotify.com/v1/audio-analysis/6llBOJ6HLHvlVnKeZqhXk8
6sbXGUn9V9ZaLwLdOfpKRE,Larger Than Life,68,0.75,0.11,0.973,https://api.spotify.com/v1/audio-analysis/6sbXGUn9V9ZaLwLdOfpKRE
7iDa6hUg2VgEL1o1HjmfBn,Meant to Be (feat. Florida Georgia Line),73,0.579,0.047,0.783,https://api.spotify.com/v1/audio-analysis/7iDa6hUg2VgEL1o1HjmfBn
7nXq1vaZiz7PdbfojpPjW5,Fighter,67,0.45,0.235,0.92,https://api.spotify.com/v1/audio-analysis/7nXq1vaZiz7PdbfojpPjW5
7oUMJhQp5Bqu6HqxSZs02v,"Too Little, Too Late - Radio Version",0,0.717,0.0183,0.77,https://api.spotify.com/v1/audio-analysis/7oUMJhQp5Bqu6HqxSZs02v
7suXfwkW9Cg9fBS3San5T5,Hero,39,0.211,0.957,0.15,https://api.spotify.com/v1/audio-analysis/7suXfwkW9Cg9fBS3San5T5
0VpEX8ib3wE7u8NOw4szU6,Eyes Off You,66,0.529,0.511,0.512,https://api.spotify.com/v1/audio-analysis/0VpEX8ib3wE7u8NOw4szU6
3uwnnTQcHM1rDqSfA4gQNz,Cool for the Summer,78,0.336,0.00425,0.61,https://api.spotify.com/v1/audio-analysis/3uwnnTQcHM1rDqSfA4gQNz
2ieu0FHqTpBUrMoCFVL3cb,Potential Breakup Song,7,0.556,0.000469,0.899,https://api.spotify.com/v1/audio-analysis/2ieu0FHqTpBUrMoCFVL3cb
2ieu0FHqTpBUrMoCFVL3cb,Potential Breakup Song,7,0.556,0.000469,0.899,https://api.spotify.com/v1/audio-analysis/2ieu0FHqTpBUrMoCFVL3cb
42ydLwx4i5V49RXHOozJZq,Scars To Your Beautiful,72,0.449,0.0285,0.739,https://api.spotify.com/v1/audio-analysis/42ydLwx4i5V49RXHOozJZq
1oew3nFNY3vMacJAsvry0S,Me And My Broken Heart,77,0.551,0.00489,0.783,https://api.spotify.com/v1/audio-analysis/1oew3nFNY3vMacJAsvry0S
6ATgDc6e4sPn84hvJsAmPt,hate u love u,71,0.246,0.656,0.416,https://api.spotify.com/v1/audio-analysis/6ATgDc6e4sPn84hvJsAmPt
0gJvqi9QyASOCtJu99tytc,Because of You,71,0.15,0.248,0.583,https://api.spotify.com/v1/audio-analysis/0gJvqi9QyASOCtJu99tytc
