track_uri,name,popularity,valence,acousticness,energy,analysis_url
5qW6ZYct54PhKliCntyxRX,Cover Me Up,58,0.208,0.882,0.093,https://api.spotify.com/v1/audio-analysis/5qW6ZYct54PhKliCntyxRX
1ElcOLwh7Og4UOm6WTyeXH,Tell My Mother I Miss Her So,49,0.931,0.0241,0.95,https://api.spotify.com/v1/audio-analysis/1ElcOLwh7Og4UOm6WTyeXH
4HOEtNrHVqKT3iOk8MrIxj,Wait So Long,0,0.317,0.471,0.924,https://api.spotify.com/v1/audio-analysis/4HOEtNrHVqKT3iOk8MrIxj
6ttHQ3efHocp4U58yxvWA0,Huck Finn,0,0.271,0.13,0.522,https://api.spotify.com/v1/audio-analysis/6ttHQ3efHocp4U58yxvWA0
1nrv1lKg6R7aT4bPQkywZF,Portland,33,0.818,0.294,0.821,https://api.spotify.com/v1/audio-analysis/1nrv1lKg6R7aT4bPQkywZF
5JWmaVRVjvR1lrVKI2t7FP,Baltimore Blues No. 1,0,0.391,0.477,0.551,https://api.spotify.com/v1/audio-analysis/5JWmaVRVjvR1lrVKI2t7FP
5JWmaVRVjvR1lrVKI2t7FP,Baltimore Blues No. 1,0,0.391,0.477,0.551,https://api.spotify.com/v1/audio-analysis/5JWmaVRVjvR1lrVKI2t7FP
2NTDt9Fiqp5wTBM6cLO6Bu,Bright Lights,46,0.503,0.00207,0.752,https://api.spotify.com/v1/audio-analysis/2NTDt9Fiqp5wTBM6cLO6Bu
4rJtUMlnhJzlzlnxyoc3tb,I'll Fly Away,55,0.443,0.984,0.26,https://api.spotify.com/v1/audio-analysis/4rJtUMlnhJzlzlnxyoc3tb
71OzN2JM6BoQD3JO9hiJFi,Sweet Jane,53,0.802,0.355,0.203,https://api.spotify.com/v1/audio-analysis/71OzN2JM6BoQD3JO9hiJFi
62GWjyFCvpuysYTIQ7B0CG,Blue,44,0.345,0.239,0.6,https://api.spotify.com/v1/audio-analysis/62GWjyFCvpuysYTIQ7B0CG
1FgQnc7KZLvaB89eWOfQ2R,Bumble Bee,34,0.502,0.665,0.245,https://api.spotify.com/v1/audio-analysis/1FgQnc7KZLvaB89eWOfQ2R
3JZRzBdRPCo2j8hXKGK0vZ,Angel From Montgomery,46,0.356,0.833,0.187,https://api.spotify.com/v1/audio-analysis/3JZRzBdRPCo2j8hXKGK0vZ
4rXt1tYHZIavECuN32fk96,Dublin Blues,48,0.192,0.648,0.188,https://api.spotify.com/v1/audio-analysis/4rXt1tYHZIavECuN32fk96
7gtrXOGETM9OkerNjNXeie,Waiting Around to Die,53,0.659,0.71,0.233,https://api.spotify.com/v1/audio-analysis/7gtrXOGETM9OkerNjNXeie
4zm37YNRt5XrbFOTPk0jBp,Old Time Religion,43,0.605,0.721,0.336,https://api.spotify.com/v1/audio-analysis/4zm37YNRt5XrbFOTPk0jBp
05NYcsjJwOYq4jIiKPVj9p,Hard To Handle,70,0.961,0.00257,0.79,https://api.spotify.com/v1/audio-analysis/05NYcsjJwOYq4jIiKPVj9p
6vqxih8RNVv2jV86hkE1e7,The Road Goes On Forever,38,0.288,0.0888,0.57,https://api.spotify.com/v1/audio-analysis/6vqxih8RNVv2jV86hkE1e7
0rib9hiYy1NWL0w8BUYgmd,Sandusky,50,0.0703,0.161,0.594,https://api.spotify.com/v1/audio-analysis/0rib9hiYy1NWL0w8BUYgmd
52iyhfd6jgU2wYB8QIYs6t,Windfall - 2015 Remaster,46,0.526,0.385,0.586,https://api.spotify.com/v1/audio-analysis/52iyhfd6jgU2wYB8QIYs6t
7jks9PIkGKjVTZI1M2Inyt,Always A Friend,39,0.819,0.0726,0.806,https://api.spotify.com/v1/audio-analysis/7jks9PIkGKjVTZI1M2Inyt
1NZL008kru5f7eyeY9pkRK,"Hold On, Hold On (Live)",33,0.381,0.245,0.787,https://api.spotify.com/v1/audio-analysis/1NZL008kru5f7eyeY9pkRK
3C46CEeM0ltNQwOtPN8jRg,Radio King,37,0.627,0.615,0.351,https://api.spotify.com/v1/audio-analysis/3C46CEeM0ltNQwOtPN8jRg
3aFMz2anc9vurZw6bPunI6,16 Days,48,0.406,0.265,0.72,https://api.spotify.com/v1/audio-analysis/3aFMz2anc9vurZw6bPunI6
0kyM6MaS573Gt9Yna1rsqd,Can't Let Go,52,0.919,0.275,0.815,https://api.spotify.com/v1/audio-analysis/0kyM6MaS573Gt9Yna1rsqd
5Ed2crPH1EuxwI1iUKZlnD,"Champaign, Illinois",45,0.887,0.00232,0.877,https://api.spotify.com/v1/audio-analysis/5Ed2crPH1EuxwI1iUKZlnD
4dCFpIPmSWi2fDQvcdp9dK,Indianapolis,37,0.531,0.00757,0.707,https://api.spotify.com/v1/audio-analysis/4dCFpIPmSWi2fDQvcdp9dK
4dCFpIPmSWi2fDQvcdp9dK,Indianapolis,37,0.531,0.00757,0.707,https://api.spotify.com/v1/audio-analysis/4dCFpIPmSWi2fDQvcdp9dK
4FnOromo9r7kx6o6uMPl30,The Dark Don't Hide It,37,0.493,0.0421,0.606,https://api.spotify.com/v1/audio-analysis/4FnOromo9r7kx6o6uMPl30
1mWCI4rxvYF9ELliQg1iUg,Gravity's Gone,57,0.447,0.000108,0.834,https://api.spotify.com/v1/audio-analysis/1mWCI4rxvYF9ELliQg1iUg
5xBYqmScOx6NW9dsJ2O1xP,Ariel Ramirez,32,0.183,0.875,0.155,https://api.spotify.com/v1/audio-analysis/5xBYqmScOx6NW9dsJ2O1xP
49vIznJDbEpjLqIbaqvlvw,Post To Wire,28,0.789,0.0051,0.795,https://api.spotify.com/v1/audio-analysis/49vIznJDbEpjLqIbaqvlvw
2pukZsB3JTI1QVJe2aSsfn,Guess Again,42,0.509,0.054,0.658,https://api.spotify.com/v1/audio-analysis/2pukZsB3JTI1QVJe2aSsfn
18arNEI2X191HSDrRMQqkH,Mountain Girl,37,0.868,0.501,0.797,https://api.spotify.com/v1/audio-analysis/18arNEI2X191HSDrRMQqkH
2aqNUq9Rq6XhLnN7uehArd,Broken Radio '22,29,0.382,0.632,0.504,https://api.spotify.com/v1/audio-analysis/2aqNUq9Rq6XhLnN7uehArd
4PxzGOH79jcmmldKgoI9sB,I Wish I Was the Moon,51,0.16,0.725,0.31,https://api.spotify.com/v1/audio-analysis/4PxzGOH79jcmmldKgoI9sB
3X2stgfjH1I30FMLHzFWJI,Pinball Song,35,0.684,0.117,0.796,https://api.spotify.com/v1/audio-analysis/3X2stgfjH1I30FMLHzFWJI
3mlMGktVNhAatqEUrLpIWC,Beer Run,39,0.817,0.164,0.821,https://api.spotify.com/v1/audio-analysis/3mlMGktVNhAatqEUrLpIWC
6ApOqDPnIq3S0ExGiEq1rG,"Goodnight, California",38,0.42,0.452,0.576,https://api.spotify.com/v1/audio-analysis/6ApOqDPnIq3S0ExGiEq1rG
1lz3mp3MJmF910If1so02W,She Took A Lot Of Pills (And Died),29,0.962,0.185,0.697,https://api.spotify.com/v1/audio-analysis/1lz3mp3MJmF910If1so02W
2WePimRfUpg2Aru9jE4nVh,Let It Ride,49,0.89,0.0823,0.843,https://api.spotify.com/v1/audio-analysis/2WePimRfUpg2Aru9jE4nVh
22emEwjOQwzdDVPO2kDcDp,All the Eye Can See,23,0.155,0.822,0.216,https://api.spotify.com/v1/audio-analysis/22emEwjOQwzdDVPO2kDcDp
78i6AUQv9Hp1BAQY6VCaCP,Frankie's Gun!,44,0.562,0.561,0.745,https://api.spotify.com/v1/audio-analysis/78i6AUQv9Hp1BAQY6VCaCP
78i6AUQv9Hp1BAQY6VCaCP,Frankie's Gun!,44,0.562,0.561,0.745,https://api.spotify.com/v1/audio-analysis/78i6AUQv9Hp1BAQY6VCaCP
1wuiXSphgcksNW9uXQBPbb,The Golden State,34,0.393,0.035,0.697,https://api.spotify.com/v1/audio-analysis/1wuiXSphgcksNW9uXQBPbb
7gZE6qaBCjz5kKNHDGLBe9,Forever and a Day,35,0.49,0.00816,0.807,https://api.spotify.com/v1/audio-analysis/7gZE6qaBCjz5kKNHDGLBe9
4Dm0OK7V5hNvWsZtB3nQsr,King Of California,36,0.68,0.675,0.547,https://api.spotify.com/v1/audio-analysis/4Dm0OK7V5hNvWsZtB3nQsr
2fS7XWfRXnje2uUSYCl8us,Drunken Poet's Dream,49,0.51,0.478,0.515,https://api.spotify.com/v1/audio-analysis/2fS7XWfRXnje2uUSYCl8us
626aQqeBTpgQjuQyWirYtc,Breakfast In Hell,39,0.719,0.673,0.467,https://api.spotify.com/v1/audio-analysis/626aQqeBTpgQjuQyWirYtc
1zjUfI0yrHvK9fqs7hNmwk,Up with People,38,0.521,0.364,0.559,https://api.spotify.com/v1/audio-analysis/1zjUfI0yrHvK9fqs7hNmwk
68eFHzVBOEnG3r8mWiZIuP,Flirted With You All My Life,36,0.366,0.116,0.287,https://api.spotify.com/v1/audio-analysis/68eFHzVBOEnG3r8mWiZIuP
6SKA3CZCDluvNnJhWq94Ut,Leaving Time,18,0.718,0.161,0.45,https://api.spotify.com/v1/audio-analysis/6SKA3CZCDluvNnJhWq94Ut
5aNAOwr2QoRbvyRG7ZVrhf,Bad Reputation,41,0.787,0.0058,0.677,https://api.spotify.com/v1/audio-analysis/5aNAOwr2QoRbvyRG7ZVrhf
0fxpDh465hhVrNH2FN9I32,Flashes and Cables,15,0.49,0.0216,0.781,https://api.spotify.com/v1/audio-analysis/0fxpDh465hhVrNH2FN9I32
0iJtDX4l9iylfqrR6zwrGi,Go Through You,32,0.805,0.313,0.687,https://api.spotify.com/v1/audio-analysis/0iJtDX4l9iylfqrR6zwrGi
46odp6vkKYlv0fPdRhdk1Y,Trucker Speed,48,0.288,0.905,0.11,https://api.spotify.com/v1/audio-analysis/46odp6vkKYlv0fPdRhdk1Y
5cuydvpC8feKQXRfqI6Rc5,Round Eye Blues,20,0.835,0.0496,0.639,https://api.spotify.com/v1/audio-analysis/5cuydvpC8feKQXRfqI6Rc5
3MI7XYIAujsIJlj5n3bTB6,The Prettiest Waitress in Memphis,34,0.573,0.051,0.898,https://api.spotify.com/v1/audio-analysis/3MI7XYIAujsIJlj5n3bTB6
1ySaMHM9IOSvQNUzSNhlwm,Maybe California,26,0.385,0.0426,0.509,https://api.spotify.com/v1/audio-analysis/1ySaMHM9IOSvQNUzSNhlwm
6h0lrpGtRIwbBiPHthDB3o,Dyslexic Heart,44,0.843,0.0391,0.902,https://api.spotify.com/v1/audio-analysis/6h0lrpGtRIwbBiPHthDB3o
3dpzDbZa8Ghl9W8RtTkyED,Spittin’ On Fire,31,0.442,0.412,0.63,https://api.spotify.com/v1/audio-analysis/3dpzDbZa8Ghl9W8RtTkyED
5xHKErgmLzIqY6qQcsZRKW,Traveling Alone,45,0.227,0.85,0.31,https://api.spotify.com/v1/audio-analysis/5xHKErgmLzIqY6qQcsZRKW
2zePSKWrnglU6jzwV2QK5C,Moving,37,0.619,0.104,0.674,https://api.spotify.com/v1/audio-analysis/2zePSKWrnglU6jzwV2QK5C
5LZ06xCo71ZdVW3BcOlJgo,In A Ditch,16,0.552,0.257,0.412,https://api.spotify.com/v1/audio-analysis/5LZ06xCo71ZdVW3BcOlJgo
7xSOPBhpzqy9ZAWClYDnht,How Many Women,24,0.546,0.0106,0.798,https://api.spotify.com/v1/audio-analysis/7xSOPBhpzqy9ZAWClYDnht
6684GUHy1jpyhJVzpz5OFr,Mercy Now,51,0.332,0.811,0.262,https://api.spotify.com/v1/audio-analysis/6684GUHy1jpyhJVzpz5OFr
0I1CGyxnDbALStilvmH12N,I'll Be Around,18,0.463,0.157,0.48,https://api.spotify.com/v1/audio-analysis/0I1CGyxnDbALStilvmH12N
1ybxT91p0y92dHZZUW5CZm,The Asp and the Albatross,28,0.574,0.479,0.428,https://api.spotify.com/v1/audio-analysis/1ybxT91p0y92dHZZUW5CZm
6v9bMlYrexDeuBNjKciVhl,Down in My Hometown,34,0.582,0.302,0.285,https://api.spotify.com/v1/audio-analysis/6v9bMlYrexDeuBNjKciVhl
3owPyyMaxY6KbcUPKcTuhl,Witness,57,0.459,0.469,0.347,https://api.spotify.com/v1/audio-analysis/3owPyyMaxY6KbcUPKcTuhl
3QcdXZVpVqc1D5ZdrNBshK,I'm Over You,30,0.555,0.295,0.303,https://api.spotify.com/v1/audio-analysis/3QcdXZVpVqc1D5ZdrNBshK
2TSEEcaiPfCF0eGZANhu5T,The Oil Rigs at Night,13,0.337,0.475,0.366,https://api.spotify.com/v1/audio-analysis/2TSEEcaiPfCF0eGZANhu5T
3ftHWoelVf9VdGx0xYpu1e,Our Problem,34,0.308,0.354,0.527,https://api.spotify.com/v1/audio-analysis/3ftHWoelVf9VdGx0xYpu1e
5JuYLzlxsSewBjO4v9a04U,"Jesus, Etc. - 2022 Remaster",56,0.664,0.721,0.306,https://api.spotify.com/v1/audio-analysis/5JuYLzlxsSewBjO4v9a04U
3LO6evXvbopPHiVG9AKax7,Amarillo Highway (for Dave Hickey),35,0.752,0.657,0.595,https://api.spotify.com/v1/audio-analysis/3LO6evXvbopPHiVG9AKax7
5tWPG0AU9LVjONRofHcLD0,Far from Any Road,54,0.738,0.234,0.552,https://api.spotify.com/v1/audio-analysis/5tWPG0AU9LVjONRofHcLD0
64UFNxnRLIPdz5fzPW2zir,Troubled Times,29,0.764,0.435,0.905,https://api.spotify.com/v1/audio-analysis/64UFNxnRLIPdz5fzPW2zir
6PIO6pbY13BYsxgVMk5sxm,Run Dusty Run,28,0.899,0.0465,0.972,https://api.spotify.com/v1/audio-analysis/6PIO6pbY13BYsxgVMk5sxm
72DefuF22C6aPKrWhRFCBS,Love Hurts - 2007 Remaster,48,0.303,0.256,0.296,https://api.spotify.com/v1/audio-analysis/72DefuF22C6aPKrWhRFCBS
1HNVN5FDyLkwPyC7RJKPnV,Miles Away,37,0.2,0.171,0.578,https://api.spotify.com/v1/audio-analysis/1HNVN5FDyLkwPyC7RJKPnV
4eml8c7ZKYbMPFNgtfiwou,Powder Blue,46,0.206,0.929,0.2,https://api.spotify.com/v1/audio-analysis/4eml8c7ZKYbMPFNgtfiwou
3rTuruoKn9K9I1gBbinklI,Secret Heart,40,0.252,0.906,0.287,https://api.spotify.com/v1/audio-analysis/3rTuruoKn9K9I1gBbinklI
7FvUHpTsWlctVEZ0tUILwX,Florence-Jean,49,0.755,0.69,0.534,https://api.spotify.com/v1/audio-analysis/7FvUHpTsWlctVEZ0tUILwX
0YMrA32lkcYj5g89bfyMLb,South Dakota Wild One,49,0.465,0.668,0.368,https://api.spotify.com/v1/audio-analysis/0YMrA32lkcYj5g89bfyMLb
04mvrWQLC4ELnshJGLFVxu,When I Go Away,46,0.93,0.44,0.722,https://api.spotify.com/v1/audio-analysis/04mvrWQLC4ELnshJGLFVxu
1cXUmVaiwY79D1GvUf43QS,Fuck Up,38,0.88,0.0037,0.822,https://api.spotify.com/v1/audio-analysis/1cXUmVaiwY79D1GvUf43QS
0J4TuecWdkdRAPbTZXxy62,Radio [Feat. Sharon Van Etten],56,0.622,0.632,0.318,https://api.spotify.com/v1/audio-analysis/0J4TuecWdkdRAPbTZXxy62
0mhsQSfSDq1x45qcC0jc80,The Battle (feat. Ryan Adams),30,0.244,0.76,0.113,https://api.spotify.com/v1/audio-analysis/0mhsQSfSDq1x45qcC0jc80
7hCSCjCCdmlMpqCaOez6kx,I Wonder Why,35,0.49,0.579,0.56,https://api.spotify.com/v1/audio-analysis/7hCSCjCCdmlMpqCaOez6kx
1b6ZE7YQwbFkAz0uas7UHL,Hard Life,38,0.881,0.369,0.786,https://api.spotify.com/v1/audio-analysis/1b6ZE7YQwbFkAz0uas7UHL
1gdV0SGbpURKQB5QFH2r1o,Sixers,37,0.417,0.395,0.867,https://api.spotify.com/v1/audio-analysis/1gdV0SGbpURKQB5QFH2r1o
6lquLzGE5CRoq2htyr2QGS,Random Rules,46,0.536,0.468,0.48,https://api.spotify.com/v1/audio-analysis/6lquLzGE5CRoq2htyr2QGS
0Kav4oKTCO6YSNZkyiXFC3,Lodi,55,0.365,0.866,0.275,https://api.spotify.com/v1/audio-analysis/0Kav4oKTCO6YSNZkyiXFC3
17SMhRzb7HacjYUUL7LOPg,Naked Ground,24,0.535,0.0879,0.684,https://api.spotify.com/v1/audio-analysis/17SMhRzb7HacjYUUL7LOPg
17SMhRzb7HacjYUUL7LOPg,Naked Ground,24,0.535,0.0879,0.684,https://api.spotify.com/v1/audio-analysis/17SMhRzb7HacjYUUL7LOPg
5NccIrovJkdRHASkosmA6g,Central Daylight Time,32,0.947,0.0954,0.873,https://api.spotify.com/v1/audio-analysis/5NccIrovJkdRHASkosmA6g
5EDOjlKvGPjFmEls1UhzLA,Harm's Way,24,0.86,0.00333,0.915,https://api.spotify.com/v1/audio-analysis/5EDOjlKvGPjFmEls1UhzLA
7GJlAXotjV4uNS1seUDcVE,It Ain't Over Yet,49,0.731,0.578,0.552,https://api.spotify.com/v1/audio-analysis/7GJlAXotjV4uNS1seUDcVE
63ZDe7dHSZZB88TSlrhJhY,Can't Make it Through the Night,16,0.352,0.161,0.418,https://api.spotify.com/v1/audio-analysis/63ZDe7dHSZZB88TSlrhJhY
14ZyuUjBsHTTNtY1RgJfBX,Down To The Wire,0,0.712,0.375,0.694,https://api.spotify.com/v1/audio-analysis/14ZyuUjBsHTTNtY1RgJfBX
0zl1Zo3inxCqRJSqAncWce,Stoned,18,0.433,0.0893,0.65,https://api.spotify.com/v1/audio-analysis/0zl1Zo3inxCqRJSqAncWce
5IJdH8WLRwvNEkug3BIBgJ,Lucky Break,0,0.402,0.433,0.797,https://api.spotify.com/v1/audio-analysis/5IJdH8WLRwvNEkug3BIBgJ
5SmDmDwNvbelbBSbX0KnAv,Open Ended Life,27,0.528,0.0286,0.821,https://api.spotify.com/v1/audio-analysis/5SmDmDwNvbelbBSbX0KnAv
0G5wbS10r3sqvKKewhxXG8,Blue Eyes,0,0.606,0.000687,0.737,https://api.spotify.com/v1/audio-analysis/0G5wbS10r3sqvKKewhxXG8
1TlgM63VvxuAm9VJQJRO1y,Shame,0,0.303,0.546,0.425,https://api.spotify.com/v1/audio-analysis/1TlgM63VvxuAm9VJQJRO1y
70fKEAD2cTXLXi4jS5tnXc,We Can't Make It Here,0,0.429,0.615,0.696,https://api.spotify.com/v1/audio-analysis/70fKEAD2cTXLXi4jS5tnXc
1HSqNkxSHOk2gRD7FuuuDu,Sauget Wind - A Side,9,0.174,0.0913,0.384,https://api.spotify.com/v1/audio-analysis/1HSqNkxSHOk2gRD7FuuuDu
6bJ3Mj6BT83YpdLJubFaLj,Looking For A Way Out,17,0.566,0.0538,0.578,https://api.spotify.com/v1/audio-analysis/6bJ3Mj6BT83YpdLJubFaLj
2DiRa8VoCnzQXQ7eGu2Bp7,Don't Think Twice It's Alright,29,0.339,0.931,0.178,https://api.spotify.com/v1/audio-analysis/2DiRa8VoCnzQXQ7eGu2Bp7
7dmetrH9ljjNnE8qR6IzFW,Ahead Of The Curve,0,0.605,0.201,0.564,https://api.spotify.com/v1/audio-analysis/7dmetrH9ljjNnE8qR6IzFW
21fl4P5xsk7A1vZaB5sDDr,Give It Time,0,0.707,0.0206,0.834,https://api.spotify.com/v1/audio-analysis/21fl4P5xsk7A1vZaB5sDDr
0tW14FLzXihBdCe7HwrZre,Pour 'Em Kinda Strong,0,0.415,0.228,0.647,https://api.spotify.com/v1/audio-analysis/0tW14FLzXihBdCe7HwrZre
148SoRvuBBJrp32LMS4aEk,Truck Stop Gospel,26,0.855,0.0742,0.855,https://api.spotify.com/v1/audio-analysis/148SoRvuBBJrp32LMS4aEk
1YKHPII4bMMoBGRJiBkEpj,Tonight (Acoustic) [Mount Vernon Sessions],14,0.282,0.505,0.414,https://api.spotify.com/v1/audio-analysis/1YKHPII4bMMoBGRJiBkEpj
6UiMLrjIbEujx4DyX7u1Ut,Liquor Store,42,0.534,0.0139,0.681,https://api.spotify.com/v1/audio-analysis/6UiMLrjIbEujx4DyX7u1Ut
0jcJ13Fn4lJxVwDDymiznr,Pocket Full of Misery,0,0.71,0.0322,0.785,https://api.spotify.com/v1/audio-analysis/0jcJ13Fn4lJxVwDDymiznr
60054rCflWMoBTfS2znYTa,In the Beginning,13,0.528,0.35,0.761,https://api.spotify.com/v1/audio-analysis/60054rCflWMoBTfS2znYTa
4H3rRjXxDp6hKEJQtUBohW,Diamond State Heartbreak,0,0.347,0.04,0.539,https://api.spotify.com/v1/audio-analysis/4H3rRjXxDp6hKEJQtUBohW
6XDdmCAuodZfXtEgJcxpS2,Heart of Gold,0,0.834,0.204,0.48,https://api.spotify.com/v1/audio-analysis/6XDdmCAuodZfXtEgJcxpS2
6ZFBSQAzQd5pdmv7YYrMul,Statistician's Blues,0,0.688,0.697,0.49,https://api.spotify.com/v1/audio-analysis/6ZFBSQAzQd5pdmv7YYrMul
5YWTp0Au8grKHC2d6Imz7H,Windfall,24,0.551,0.447,0.629,https://api.spotify.com/v1/audio-analysis/5YWTp0Au8grKHC2d6Imz7H
2ae37MKv1B0aEK6qxnu5Hy,I Can't Complain,0,0.494,0.89,0.426,https://api.spotify.com/v1/audio-analysis/2ae37MKv1B0aEK6qxnu5Hy
5ABKdZH1X4GRH7J0f1L7Vm,Jericho,26,0.342,0.113,0.484,https://api.spotify.com/v1/audio-analysis/5ABKdZH1X4GRH7J0f1L7Vm
69XEXAbJTZwFfVz7ayfg3I,Twenty Miles,45,0.34,0.529,0.784,https://api.spotify.com/v1/audio-analysis/69XEXAbJTZwFfVz7ayfg3I
5IhpIun5pyZIzA7OfZmspa,When He's Gone,0,0.692,0.0175,0.863,https://api.spotify.com/v1/audio-analysis/5IhpIun5pyZIzA7OfZmspa
2aA2dydiBK7oKKyLMnKfbE,Danko/Manuel,0,0.237,0.28,0.349,https://api.spotify.com/v1/audio-analysis/2aA2dydiBK7oKKyLMnKfbE
3d5sREIWkcwMOptjLUnexK,Forgive Me,19,0.352,0.433,0.369,https://api.spotify.com/v1/audio-analysis/3d5sREIWkcwMOptjLUnexK
1Bct5oZxWg61sngDxgMMRp,The Living Bubba,0,0.487,0.327,0.785,https://api.spotify.com/v1/audio-analysis/1Bct5oZxWg61sngDxgMMRp
0Dw6me6tzvod7LDvhfO5Dc,Sink Hole,0,0.491,0.0498,0.921,https://api.spotify.com/v1/audio-analysis/0Dw6me6tzvod7LDvhfO5Dc
3Af9qMkQyeMn3H4i428vyg,Just Us Kids,0,0.479,0.3,0.71,https://api.spotify.com/v1/audio-analysis/3Af9qMkQyeMn3H4i428vyg
2dJrn376fJPUCj1f4txnRQ,Where Is My Mind?,52,0.283,0.612,0.482,https://api.spotify.com/v1/audio-analysis/2dJrn376fJPUCj1f4txnRQ
2ABEqmtYRhPmMIkX8aj4SY,Ashamed,46,0.222,0.524,0.526,https://api.spotify.com/v1/audio-analysis/2ABEqmtYRhPmMIkX8aj4SY
137MuDMA3pCR26cEmTBUj6,Blue Canoe,33,0.697,0.283,0.776,https://api.spotify.com/v1/audio-analysis/137MuDMA3pCR26cEmTBUj6
7zcJLcV1OXtW93cudSEJGh,It's A Shame,27,0.574,0.0695,0.689,https://api.spotify.com/v1/audio-analysis/7zcJLcV1OXtW93cudSEJGh
70J2hjnQQKrC9ZRdeRvLBx,Knockin' Over Whiskeys,24,0.634,0.406,0.469,https://api.spotify.com/v1/audio-analysis/70J2hjnQQKrC9ZRdeRvLBx
0hcmC3fTt2XAbPX8c0ZGR5,Don't Look Back,15,0.392,0.253,0.504,https://api.spotify.com/v1/audio-analysis/0hcmC3fTt2XAbPX8c0ZGR5
5IGGjbSCcKDL2C4LUWQva0,Get Gone Again,0,0.126,0.15,0.499,https://api.spotify.com/v1/audio-analysis/5IGGjbSCcKDL2C4LUWQva0
277wSwwAJ2eM34qkSVo3ai,Natchitoches Blues,2,0.553,0.177,0.291,https://api.spotify.com/v1/audio-analysis/277wSwwAJ2eM34qkSVo3ai
46O0uajv9K1TJX0PdvW80C,Tear Stained Eye,24,0.665,0.201,0.649,https://api.spotify.com/v1/audio-analysis/46O0uajv9K1TJX0PdvW80C
28v65xvS89NXifF091O1SZ,Drown,16,0.674,0.186,0.724,https://api.spotify.com/v1/audio-analysis/28v65xvS89NXifF091O1SZ
5JPc3gWIB8rAoiHoF7AIOx,Two Daughters And A Beautiful Wife,0,0.526,0.116,0.544,https://api.spotify.com/v1/audio-analysis/5JPc3gWIB8rAoiHoF7AIOx
19JaV7E0D3yNvkiIuIKse3,Outfit,0,0.292,0.253,0.47,https://api.spotify.com/v1/audio-analysis/19JaV7E0D3yNvkiIuIKse3
5J9DSJl3OLV8AqYm4rPa2x,I Can Help,31,0.518,0.503,0.685,https://api.spotify.com/v1/audio-analysis/5J9DSJl3OLV8AqYm4rPa2x
6ZSFgScJauGHQEt2zBrByD,Cape Fear River,0,0.495,0.106,0.643,https://api.spotify.com/v1/audio-analysis/6ZSFgScJauGHQEt2zBrByD
3iGgKpVjxFz8iXQ9zsn0sq,Wolves,0,0.081,0.288,0.472,https://api.spotify.com/v1/audio-analysis/3iGgKpVjxFz8iXQ9zsn0sq
4pEZukVQONBZY72uBfEWzC,Losing Side of Twenty-Five,0,0.704,0.386,0.611,https://api.spotify.com/v1/audio-analysis/4pEZukVQONBZY72uBfEWzC
2jZCj74RfMQlH84VKGsEyC,Soul Sister,26,0.566,0.0719,0.636,https://api.spotify.com/v1/audio-analysis/2jZCj74RfMQlH84VKGsEyC
01Xy5JR19ssxPBoeWdc7PE,Wichita Falls,0,0.285,0.19,0.571,https://api.spotify.com/v1/audio-analysis/01Xy5JR19ssxPBoeWdc7PE
4G8vNsELpgngMCqMB9XaaD,Good to Be,0,0.449,0.341,0.539,https://api.spotify.com/v1/audio-analysis/4G8vNsELpgngMCqMB9XaaD
0fSPOaSrKaMyfX8v5ZgSIh,Can't Make it Through the Night,0,0.388,0.158,0.426,https://api.spotify.com/v1/audio-analysis/0fSPOaSrKaMyfX8v5ZgSIh
5MjS49btXnlMRqPC9Fg2Aj,Paul Newman Vs. The Demons,21,0.366,0.000142,0.898,https://api.spotify.com/v1/audio-analysis/5MjS49btXnlMRqPC9Fg2Aj
0ySxC028CNDtK2G7zuaUcn,The Once And Future Carpenter,39,0.436,0.183,0.615,https://api.spotify.com/v1/audio-analysis/0ySxC028CNDtK2G7zuaUcn
54GZyGgiZqdhjX9eZxJTsL,Toe the Line,0,0.549,0.0613,0.917,https://api.spotify.com/v1/audio-analysis/54GZyGgiZqdhjX9eZxJTsL
0uOGYOUzy7zH8xAH6UM3aF,Broken Heart Tattoos,33,0.355,0.0163,0.693,https://api.spotify.com/v1/audio-analysis/0uOGYOUzy7zH8xAH6UM3aF
0SIFpQOZkxPQUjcJd5CC5O,Endless Ways,20,0.53,0.00273,0.838,https://api.spotify.com/v1/audio-analysis/0SIFpQOZkxPQUjcJd5CC5O
5g7sD2Q9qH9m2qlxjXHV8z,Dylan's Hard Rain,37,0.709,0.0672,0.7,https://api.spotify.com/v1/audio-analysis/5g7sD2Q9qH9m2qlxjXHV8z
1XVICV3FvEghcpoqUHAcbs,Passenger Side,22,0.394,0.512,0.729,https://api.spotify.com/v1/audio-analysis/1XVICV3FvEghcpoqUHAcbs
7eBh47MAQYFNYq0eYWvE5T,Satan and St. Paul,34,0.539,0.207,0.327,https://api.spotify.com/v1/audio-analysis/7eBh47MAQYFNYq0eYWvE5T
13pA1Fp3KuWbFMMwPHBDKN,Everything I Do,0,0.375,0.596,0.498,https://api.spotify.com/v1/audio-analysis/13pA1Fp3KuWbFMMwPHBDKN
08aCW0RGOaR53En8g7e3HJ,Gimme Something Good,30,0.683,0.031,0.785,https://api.spotify.com/v1/audio-analysis/08aCW0RGOaR53En8g7e3HJ
0dwT5ZLmc8JRegaE5dAUGo,Let the Lead Fly,14,0.626,0.0196,0.447,https://api.spotify.com/v1/audio-analysis/0dwT5ZLmc8JRegaE5dAUGo
0gfc6puQbjXCS2wVUeYxZm,Twice As Hard,0,0.464,0.142,0.843,https://api.spotify.com/v1/audio-analysis/0gfc6puQbjXCS2wVUeYxZm
5Ixo7kVPzQlpdn7VVHET7b,Ohio - Single Version,0,0.785,0.225,0.721,https://api.spotify.com/v1/audio-analysis/5Ixo7kVPzQlpdn7VVHET7b
0RLLwYF9qNkddSXvh2rPTH,Roughest Neck Around,0,0.867,0.00995,0.647,https://api.spotify.com/v1/audio-analysis/0RLLwYF9qNkddSXvh2rPTH
3VAN73DLMXevxOgw4B10ja,Prayer for the Lonely,0,0.417,0.00803,0.62,https://api.spotify.com/v1/audio-analysis/3VAN73DLMXevxOgw4B10ja
4u7tptSoNgGeSSCsJxRSxT,Drag The Lake Charlie,0,0.554,0.0546,0.735,https://api.spotify.com/v1/audio-analysis/4u7tptSoNgGeSSCsJxRSxT
3huN807PxB6d09M62Rnkof,Hell Of A Fight,22,0.247,0.12,0.767,https://api.spotify.com/v1/audio-analysis/3huN807PxB6d09M62Rnkof
2LYggPvLgwlXamNyquTHJo,In These Times,6,0.234,0.105,0.553,https://api.spotify.com/v1/audio-analysis/2LYggPvLgwlXamNyquTHJo
2pFT2C36hb1FUh5srAzyxW,Hello Sadness,0,0.272,0.0269,0.448,https://api.spotify.com/v1/audio-analysis/2pFT2C36hb1FUh5srAzyxW
3KZRkM7Uv0F2oCTUHAvv0a,Jim Cain,43,0.561,0.462,0.298,https://api.spotify.com/v1/audio-analysis/3KZRkM7Uv0F2oCTUHAvv0a
0jzubiBa1TGiTqkthxJnXR,Black River Killer,55,0.672,0.611,0.6,https://api.spotify.com/v1/audio-analysis/0jzubiBa1TGiTqkthxJnXR
6cr6UDpkjEaMQ80OjWqEBQ,Sultans of Swing,66,0.923,0.0632,0.868,https://api.spotify.com/v1/audio-analysis/6cr6UDpkjEaMQ80OjWqEBQ
2sbF2F1fIKylqW79XFLbH8,I Got A Name,0,0.609,0.83,0.656,https://api.spotify.com/v1/audio-analysis/2sbF2F1fIKylqW79XFLbH8
0VU5k3vCrpqDgUygMjiFYj,Copperhead Road,66,0.706,0.0213,0.588,https://api.spotify.com/v1/audio-analysis/0VU5k3vCrpqDgUygMjiFYj
5tZGN34gCAwk7Rz3RXy3Dv,Maybe A Moment,53,0.705,0.0208,0.696,https://api.spotify.com/v1/audio-analysis/5tZGN34gCAwk7Rz3RXy3Dv
250RLekaiL1q9qZer975Eg,If We Were Vampires,64,0.685,0.824,0.208,https://api.spotify.com/v1/audio-analysis/250RLekaiL1q9qZer975Eg
7KJ2nuhkrBXudfs0fmyw04,Moonshiner,38,0.187,0.335,0.274,https://api.spotify.com/v1/audio-analysis/7KJ2nuhkrBXudfs0fmyw04
35tzV4obq7W6oOWjpDmbAG,Good Corn Liquor,54,0.888,0.55,0.723,https://api.spotify.com/v1/audio-analysis/35tzV4obq7W6oOWjpDmbAG
40Xg69oisdpuP4C7xl3RkK,Long White Line,60,0.654,0.144,0.515,https://api.spotify.com/v1/audio-analysis/40Xg69oisdpuP4C7xl3RkK
4mhGypdjd234FSSAWTzo6T,Summertime Thing,44,0.471,0.112,0.647,https://api.spotify.com/v1/audio-analysis/4mhGypdjd234FSSAWTzo6T
3xSdEH8yjB0hiCcj9CG0xR,I'm On Fire,52,0.408,0.394,0.391,https://api.spotify.com/v1/audio-analysis/3xSdEH8yjB0hiCcj9CG0xR
7DQjWFjaiPULrsqgsZueF3,If It Hadn't Been For Love,63,0.54,0.695,0.445,https://api.spotify.com/v1/audio-analysis/7DQjWFjaiPULrsqgsZueF3
2V5ZTy99M1T7KxgxLS8Lyi,Ain't It The Same,55,0.528,0.233,0.686,https://api.spotify.com/v1/audio-analysis/2V5ZTy99M1T7KxgxLS8Lyi
6CeszonFOlgp7HiawTSqCu,Gin and Juice,49,0.817,0.3,0.729,https://api.spotify.com/v1/audio-analysis/6CeszonFOlgp7HiawTSqCu
3d0EH8kmmejGmBtvQHYgU6,Choctaw Bingo,41,0.711,0.0526,0.777,https://api.spotify.com/v1/audio-analysis/3d0EH8kmmejGmBtvQHYgU6
4eBvIlQ3EhaP2b8At53Woo,California Zephyr,40,0.512,0.75,0.428,https://api.spotify.com/v1/audio-analysis/4eBvIlQ3EhaP2b8At53Woo
07GpQYIZA5iRx2ObH28VY8,In Transit,0,0.607,0.00229,0.735,https://api.spotify.com/v1/audio-analysis/07GpQYIZA5iRx2ObH28VY8
0aLk2Za7r0eGlLOepW2hzL,"To Be Young (Is to Be Sad, Is to Be High)",50,0.421,0.0748,0.73,https://api.spotify.com/v1/audio-analysis/0aLk2Za7r0eGlLOepW2hzL
2Y2UZ2SFU6HSNv5Qx0HdD3,Breed,0,0.464,2.17e-06,0.941,https://api.spotify.com/v1/audio-analysis/2Y2UZ2SFU6HSNv5Qx0HdD3
1VHsnRXZl2GhI34fdhLD6B,Alone Again Or,0,0.273,0.302,0.751,https://api.spotify.com/v1/audio-analysis/1VHsnRXZl2GhI34fdhLD6B
3S9tVm9EGET8wSVLyOWgq7,Let's Move To The Country,45,0.19,0.87,0.124,https://api.spotify.com/v1/audio-analysis/3S9tVm9EGET8wSVLyOWgq7
4ijw7fy7LDYMZDqt6SGWIB,Girl from the North Country,40,0.3,0.885,0.323,https://api.spotify.com/v1/audio-analysis/4ijw7fy7LDYMZDqt6SGWIB
4siFdX3QLfjtzg1HHgCPW7,Wonderwall,58,0.301,0.828,0.22,https://api.spotify.com/v1/audio-analysis/4siFdX3QLfjtzg1HHgCPW7
4wd09wCccmxUB7XVJp0RNn,"Jesus, Etc.",57,0.695,0.616,0.28,https://api.spotify.com/v1/audio-analysis/4wd09wCccmxUB7XVJp0RNn
5NK8jad728pj6YeqM5VJD4,She Talks To Angels,65,0.317,0.06,0.521,https://api.spotify.com/v1/audio-analysis/5NK8jad728pj6YeqM5VJD4
5Plx6OhvSukqCRdZ52wUXz,Farewell Transmission,50,0.472,0.0909,0.538,https://api.spotify.com/v1/audio-analysis/5Plx6OhvSukqCRdZ52wUXz
